# Blender 5.0.1
# www.blender.org
mtllib lighthouse.mtl
o lighthouse_mesh
v -0.832708 0.220000 -0.832708
v -0.725354 0.293041 -0.920812
v -0.725354 0.220000 -0.920812
v -0.021524 8.669580 -0.008919
v -0.023298 8.669580 -0.000004
v -0.014583 8.670437 -0.000003
v 0.050779 8.365162 0.122587
v 0.050779 8.321160 0.122587
v 0.073719 8.321160 0.110325
v 0.073719 8.321160 -0.110332
v 0.050779 8.321160 -0.122594
v 0.050779 8.365162 -0.122594
v -0.110328 8.321160 0.073716
v -0.093827 8.321160 0.093823
v -0.093827 8.365162 0.093823
v -0.073719 8.321160 -0.110332
v -0.093827 8.321160 -0.093830
v -0.093827 8.365162 -0.093830
v -0.025887 8.321160 -0.130145
v -0.050779 8.321160 -0.122594
v -0.050779 8.365162 -0.122594
v -0.130141 8.321160 -0.025890
v -0.132691 8.321160 -0.000004
v -0.132691 8.365162 -0.000004
v 0.025887 8.321160 0.130138
v -0.025887 8.321160 0.130138
v 0.000000 8.321160 0.132687
v 0.000000 8.365162 0.132687
v -0.110328 8.321160 -0.073723
v -0.122590 8.321160 -0.050782
v -0.122590 8.365162 -0.050782
v 0.025887 8.321160 -0.130145
v 0.130141 8.321160 0.025883
v 0.132691 8.321160 -0.000003
v 0.132691 8.365162 -0.000003
v 0.008916 8.669580 0.021521
v 0.000001 8.670437 0.014580
v 0.000000 8.669580 0.023294
v 0.023298 8.669580 -0.000004
v 0.021524 8.669580 -0.008919
v 0.014583 8.670437 -0.000004
v -0.021524 8.669580 0.008912
v -0.008916 8.669580 -0.021528
v -0.000001 8.670437 -0.014587
v 0.000000 8.669580 -0.023301
v -0.073719 8.321160 0.110325
v -0.050779 8.321160 0.122587
v -0.050779 8.365162 0.122587
v 0.110328 8.321160 -0.073723
v 0.093827 8.321160 -0.093830
v 0.093827 8.365162 -0.093830
v 0.021524 8.669580 0.008912
v 0.130141 8.321160 -0.025890
v 0.122590 8.321160 -0.050782
v 0.122590 8.365162 -0.050782
v 0.008237 9.220727 -0.008241
v 0.000000 9.220727 -0.011653
v 0.000000 9.220727 -0.000004
v -0.008237 9.220727 -0.008241
v -0.011649 9.220727 -0.000004
v -0.008237 9.220727 0.008233
v 0.000000 9.220727 0.011645
v 0.008237 9.220727 0.008233
v 0.011649 9.220727 -0.000004
v 0.008916 8.669580 -0.021528
v -0.008916 8.669580 0.021521
v 0.008237 8.953965 0.011152
v 0.011156 8.953965 0.008233
v 0.008237 8.956883 0.008233
v -0.008237 8.934571 -0.008241
v -0.011156 8.937490 -0.008241
v -0.008237 8.937490 -0.011160
v -0.008237 8.953965 -0.011160
v -0.011156 8.953965 -0.008241
v -0.008237 8.956883 -0.008241
v -0.008237 8.937490 0.011152
v -0.011156 8.937490 0.008233
v -0.008237 8.934571 0.008233
v -0.008237 8.956883 0.008233
v -0.011156 8.953965 0.008233
v -0.008237 8.953965 0.011152
v 0.008237 8.937490 -0.011160
v 0.011156 8.937490 -0.008241
v 0.008237 8.934571 -0.008241
v 0.008237 8.956883 -0.008241
v 0.011156 8.953965 -0.008241
v 0.008237 8.953965 -0.011160
v 0.008237 8.934571 0.008233
v 0.011156 8.937490 0.008233
v 0.008237 8.937490 0.011152
v 0.148405 8.955612 0.009881
v 0.148405 8.945726 0.013975
v 0.148405 8.945726 -0.000004
v 0.148405 8.935843 0.009881
v 0.148405 8.931747 -0.000004
v 0.148405 8.935843 -0.009888
v 0.148405 8.945726 -0.013982
v 0.148405 8.955612 -0.009888
v 0.148405 8.959705 -0.000004
v -0.148405 8.955612 -0.009888
v -0.148405 8.945726 -0.013982
v -0.148405 8.945726 -0.000004
v -0.148405 8.955612 0.009881
v -0.148405 8.959705 -0.000004
v -0.148405 8.945726 0.013975
v -0.148405 8.935843 0.009881
v -0.148405 8.931747 -0.000004
v -0.148405 8.935843 -0.009888
v -0.009884 8.955612 0.148401
v -0.013979 8.945726 0.148401
v 0.000000 8.945726 0.148401
v -0.009884 8.935843 0.148401
v 0.000000 8.931747 0.148401
v 0.009884 8.935843 0.148401
v 0.013979 8.945726 0.148401
v 0.009884 8.955612 0.148401
v 0.000000 8.959705 0.148401
v 0.009884 8.955612 -0.148409
v 0.013979 8.945726 -0.148409
v 0.000000 8.945726 -0.148409
v -0.009884 8.955612 -0.148409
v 0.000000 8.959705 -0.148409
v -0.013979 8.945726 -0.148409
v -0.009884 8.935843 -0.148409
v 0.000000 8.931747 -0.148409
v 0.009884 8.935843 -0.148409
v 0.093827 8.365162 0.093823
v 0.093827 8.321160 0.093823
v 0.110328 8.321160 0.073716
v -0.130141 8.321160 0.025883
v -0.122590 8.321160 0.050775
v -0.122590 8.365162 0.050775
v 0.093827 8.321160 0.093823
v 0.093827 8.365162 0.093823
v 0.093827 8.365162 -0.093830
v 0.093827 8.321160 -0.093830
v 0.000000 8.365162 -0.132694
v 0.000000 8.321160 -0.132694
v -0.093827 8.365162 -0.093830
v -0.093827 8.321160 -0.093830
v 0.122590 8.365162 0.050775
v 0.122590 8.321160 0.050775
v -0.093827 8.365162 0.093823
v -0.093827 8.321160 0.093823
v -0.424308 0.440000 -1.377517
v -0.473517 0.440000 -1.377517
v -0.476312 0.528140 -1.374722
v -0.476312 0.528140 -1.339082
v -0.473517 0.440000 -1.341877
v -0.424308 0.440000 -1.341877
v -0.424308 0.440000 -1.216320
v -0.473517 0.440000 -1.216320
v -0.476312 0.528140 -1.219115
v -0.476312 0.528140 -1.183475
v -0.473517 0.440000 -1.180680
v -0.424308 0.440000 -1.180680
v -0.547331 0.195965 -1.780557
v -0.551077 0.195965 -1.799388
v -0.596540 0.195965 -1.780557
v -0.561744 0.195965 -1.815353
v -0.577708 0.195965 -1.826020
v -0.596540 0.195965 -1.829766
v -0.615371 0.195965 -1.826020
v -0.631336 0.195965 -1.815353
v -0.642003 0.195965 -1.799388
v -0.645749 0.195965 -1.780557
v -0.642003 0.195965 -1.761726
v -0.631336 0.195965 -1.745761
v -0.615372 0.195965 -1.735094
v -0.596540 0.195965 -1.731348
v 0.424308 0.440000 -1.377517
v 0.476312 0.528140 -1.374722
v 0.473517 0.440000 -1.377517
v 0.476312 0.528140 -1.339082
v 0.424308 0.440000 -1.341877
v 0.473517 0.440000 -1.341877
v 0.424308 0.440000 -1.216320
v 0.476312 0.528140 -1.219115
v 0.473517 0.440000 -1.216320
v 0.476312 0.528140 -1.183475
v 0.424308 0.440000 -1.180680
v 0.473517 0.440000 -1.180680
v 0.547331 0.195965 -1.780557
v 0.596540 0.195965 -1.780557
v 0.551077 0.195965 -1.799388
v 0.561744 0.195965 -1.815353
v 0.577708 0.195965 -1.826020
v 0.596540 0.195965 -1.829766
v 0.615371 0.195965 -1.826020
v 0.631336 0.195965 -1.815353
v 0.642003 0.195965 -1.799388
v 0.645749 0.195965 -1.780557
v 0.642003 0.195965 -1.761726
v 0.631336 0.195965 -1.745761
v 0.615372 0.195965 -1.735094
v 0.596540 0.195965 -1.731348
v 0.261328 0.880411 -1.026680
v 0.250328 0.848801 -1.026680
v 0.239328 0.880411 -1.026680
v -0.239328 0.880411 -1.070680
v -0.250328 0.848801 -1.070680
v -0.261328 0.880411 -1.070680
v -0.011000 1.847713 -1.070680
v 0.000000 1.872333 -1.070680
v 0.011000 1.847713 -1.070680
v -0.119743 1.848513 -1.070680
v -0.122159 1.825602 -1.070680
v -0.140069 1.840095 -1.070680
v -0.216396 1.762635 -1.070680
v -0.231952 1.747079 -1.070680
v -0.241582 1.772266 -1.070680
v -0.309411 1.670752 -1.070680
v -0.294918 1.652843 -1.070680
v -0.317830 1.650427 -1.070680
v 0.309411 1.670752 -1.070680
v 0.317830 1.650427 -1.070680
v 0.294919 1.652843 -1.070680
v 0.231952 1.747079 -1.070680
v 0.216396 1.762635 -1.070680
v 0.241582 1.772266 -1.070680
v 0.140069 1.840095 -1.070680
v 0.122159 1.825602 -1.070680
v 0.119743 1.848513 -1.070680
v 0.000000 1.684685 -1.070680
v -0.011000 1.704928 -1.070680
v 0.011000 1.704928 -1.070680
v -0.115431 1.661671 -1.070680
v -0.108895 1.639579 -1.070680
v -0.130987 1.646115 -1.070680
v 0.130987 1.646115 -1.070680
v 0.108895 1.639579 -1.070680
v 0.115431 1.661671 -1.070680
v 0.000000 1.684685 -1.059680
v 0.000000 1.530684 -1.059680
v -0.058934 1.672962 -1.059680
v 0.142278 1.589618 -1.059680
v 0.108895 1.639579 -1.059680
v -0.142278 1.589618 -1.059680
v -0.154001 1.530684 -1.059680
v 0.058934 1.672962 -1.059680
v 0.000000 1.530684 -1.059680
v 0.000000 1.684685 -1.059680
v -0.108895 1.639579 -1.059680
v 0.058934 1.672962 -1.059680
v 0.154001 1.530684 -1.059680
v -0.571936 0.146521 -1.432517
v -0.571936 -0.000000 -1.432517
v -0.725354 -0.000000 -1.432517
v -0.725354 0.146521 -1.432517
v -0.725354 0.293041 -1.432517
v -0.725354 0.440000 -1.432517
v -0.571936 0.440000 -1.432517
v -0.571936 0.293040 -1.432517
v 0.571936 0.146520 -1.725557
v 0.571936 -0.000000 -1.725557
v -0.571936 -0.000000 -1.725557
v -0.571936 0.146520 -1.725557
v 0.725354 0.293041 -1.432517
v 0.571936 0.293040 -1.432517
v 0.571936 0.440000 -1.432517
v 0.725354 0.440000 -1.432517
v -0.571936 -0.000000 -1.432517
v -0.571936 0.146521 -1.432517
v -0.571936 0.146520 -1.579037
v -0.571936 -0.000000 -1.579037
v -0.571936 0.293040 -1.432517
v -0.571936 0.293041 -1.579037
v 0.571936 0.146520 -1.579037
v 0.571936 0.146520 -1.725557
v -0.571936 0.146520 -1.725557
v -0.571936 0.146520 -1.579037
v -0.571936 0.146520 -1.725557
v -0.571936 -0.000000 -1.725557
v 0.571936 0.293040 -1.432517
v 0.571936 0.293041 -1.579037
v -0.571936 0.293041 -1.579037
v -0.571936 0.293040 -1.432517
v -0.832708 0.440000 -0.832708
v -0.725354 0.440000 -0.920812
v 0.571936 0.146521 -1.432517
v 0.725354 0.146521 -1.432517
v 0.725354 -0.000000 -1.432517
v 0.571936 -0.000000 -1.432517
v 0.571936 0.440000 -1.432517
v 0.571936 0.293040 -1.432517
v 0.571936 0.293040 -1.432517
v 0.725354 0.293041 -1.432517
v 0.571936 -0.000000 -1.432517
v 0.571936 -0.000000 -1.579037
v 0.571936 0.146520 -1.579037
v 0.571936 0.146521 -1.432517
v 0.571936 0.293041 -1.579037
v 0.571936 0.293040 -1.432517
v 0.571936 -0.000000 -1.725557
v 0.571936 0.146520 -1.725557
v -0.021810 3.947775 -0.892768
v -0.021810 3.948136 -0.914762
v -0.261793 3.948136 -0.914763
v -0.261793 3.947775 -0.892769
v 0.290881 4.391994 -0.900192
v 0.261793 4.345428 -0.901721
v 0.021810 4.345428 -0.901721
v 0.021810 4.391994 -0.900192
v -0.021810 4.345428 -0.901721
v -0.021810 4.345067 -0.879726
v -0.261793 4.345067 -0.879726
v -0.261793 4.345428 -0.901721
v 0.261793 4.345428 -0.901721
v 0.261793 4.345067 -0.879726
v 0.021810 4.345067 -0.879726
v 0.021810 4.345428 -0.901721
v 0.261793 3.694994 -0.923073
v 0.261793 3.694633 -0.901079
v 0.261793 3.738230 -0.899648
v 0.261793 3.738590 -0.921642
v -0.010312 8.670438 -0.010315
v -0.016474 8.669580 -0.016477
v 0.010312 8.670438 0.010308
v 0.016474 8.669580 0.016470
v -0.008237 9.220727 -0.008241
v -0.008237 8.956883 -0.008241
v -0.011649 8.960294 -0.000004
v -0.011649 9.220727 -0.000004
v -0.008237 9.220727 -0.008241
v 0.000000 9.220727 -0.011653
v 0.000000 8.960294 -0.011653
v -0.008237 8.956883 -0.008241
v -0.016474 8.669580 0.016470
v -0.010312 8.670438 0.010308
v 0.014568 8.934078 -0.000004
v 0.011156 8.937490 -0.008241
v 0.137500 8.937490 -0.008241
v 0.137500 8.934078 -0.000004
v -0.008237 8.953965 0.137496
v -0.011649 8.945726 0.137496
v -0.013979 8.945726 0.137496
v -0.009884 8.955612 0.137496
v -0.137500 8.934078 -0.000004
v -0.137500 8.937490 0.008233
v -0.137500 8.935843 0.009881
v -0.137500 8.931747 -0.000004
v 0.137500 8.937490 0.008233
v 0.137500 8.934078 -0.000004
v 0.137500 8.931747 -0.000004
v 0.137500 8.935843 0.009881
v -0.008237 8.953965 -0.137504
v 0.000000 8.957376 -0.137504
v 0.000000 8.959705 -0.137504
v -0.009884 8.955612 -0.137504
v -0.008237 8.937490 0.137496
v -0.009884 8.935843 0.137496
v -0.137500 8.957376 -0.000004
v -0.137500 8.953965 -0.008241
v -0.137500 8.955612 -0.009888
v -0.137500 8.959705 -0.000004
v 0.000000 8.934078 -0.137504
v -0.008237 8.937490 -0.137504
v -0.009884 8.935843 -0.137504
v 0.000000 8.931747 -0.137504
v 0.137500 8.953965 -0.008241
v 0.137500 8.957376 -0.000004
v 0.137500 8.959705 -0.000004
v 0.137500 8.955612 -0.009888
v 0.000000 8.934078 0.137496
v 0.000000 8.931747 0.137496
v 0.008237 8.937490 0.137496
v 0.011649 8.945726 0.137496
v 0.013979 8.945726 0.137496
v 0.009884 8.935843 0.137496
v -0.137500 8.945726 0.011645
v -0.137500 8.945726 0.013975
v 0.008237 8.953965 -0.137504
v 0.009884 8.955612 -0.137504
v -0.137500 8.945726 -0.011653
v -0.137500 8.945726 -0.013982
v 0.008237 8.953965 0.137496
v 0.009884 8.955612 0.137496
v 0.137500 8.945726 0.011645
v 0.137500 8.945726 0.013975
v 0.000000 8.957376 0.137496
v 0.000000 8.959705 0.137496
v -0.014568 8.945726 -0.011653
v -0.011156 8.937490 -0.008241
v -0.137500 8.937490 -0.008241
v -0.137500 8.945726 -0.011653
v 0.000000 5.069078 1.259536
v 0.245724 5.069078 1.235335
v 0.245724 5.289079 1.235335
v 0.000000 5.289079 1.259536
v 0.699762 5.069077 -1.047269
v 0.482004 5.069077 -1.163663
v 0.482004 5.289078 -1.163663
v 0.699762 5.289078 -1.047269
v -0.482004 5.069077 -1.163663
v -0.699762 5.069077 -1.047269
v -0.699762 5.289078 -1.047269
v -0.482004 5.289078 -1.163663
v -0.245724 5.069078 1.235335
v -0.245723 5.289079 1.235335
v 0.890628 5.069077 -0.890629
v 0.890628 5.289078 -0.890629
v -0.245723 5.069077 -1.235338
v -0.245723 5.289078 -1.235338
v -0.482004 5.069078 1.163659
v -0.482004 5.289079 1.163659
v 1.047267 5.069077 -0.699763
v 0.890628 5.069077 -0.890629
v 0.890628 5.289078 -0.890629
v 1.047267 5.289078 -0.699763
v 0.000000 5.069077 -1.259539
v 0.000000 5.289078 -1.259539
v -0.699762 5.069078 1.047266
v -0.699762 5.289079 1.047266
v 1.163661 5.069077 -0.482006
v 1.163661 5.289078 -0.482006
v -0.890628 5.069078 0.890626
v -0.890628 5.289079 0.890626
v 1.235336 5.069077 -0.245725
v 1.235336 5.289078 -0.245725
v -1.047267 5.069077 0.699760
v -0.890628 5.069078 0.890626
v -0.890628 5.289079 0.890626
v -1.047267 5.289078 0.699760
v 1.259537 5.069077 -0.000001
v 1.259538 5.289078 -0.000002
v -1.163661 5.069077 0.482003
v -1.163661 5.289078 0.482003
v 1.235336 5.069077 0.245722
v 1.235336 5.289078 0.245722
v -1.235336 5.069077 0.245722
v -1.235336 5.289078 0.245722
v 1.163661 5.069077 0.482003
v 1.163661 5.289078 0.482003
v -1.259538 5.069077 -0.000002
v -1.259538 5.289078 -0.000002
v 1.047267 5.069077 0.699760
v 1.047267 5.289078 0.699760
v -1.235336 5.069077 -0.245725
v -1.235336 5.289078 -0.245725
v 0.890628 5.069078 0.890626
v 0.890628 5.289079 0.890626
v -1.163661 5.069077 -0.482006
v -1.163661 5.289078 -0.482006
v 0.699762 5.069078 1.047266
v 0.890628 5.069078 0.890626
v 0.890628 5.289079 0.890626
v 0.699762 5.289079 1.047266
v -1.047267 5.069077 -0.699763
v -1.047267 5.289078 -0.699763
v 0.482004 5.069078 1.163659
v 0.482004 5.289079 1.163659
v 0.245724 5.069077 -1.235337
v 0.245724 5.289078 -1.235337
v -0.890628 5.069077 -0.890629
v -0.890628 5.289078 -0.890629
v -0.890628 5.069077 -0.890629
v -0.890628 5.289078 -0.890629
v 0.802927 6.664079 -0.332586
v 0.722615 6.664079 -0.482839
v 0.754033 6.664079 -0.503832
v 0.837837 6.664079 -0.347046
v 0.000000 6.664078 -0.906869
v -0.176921 6.664078 -0.889444
v -0.176920 6.719078 -0.889445
v 0.000000 6.719078 -0.906870
v -0.614533 6.664079 0.614531
v -0.482835 6.664079 0.722613
v -0.503828 6.664079 0.754030
v -0.641252 6.664079 0.641250
v 0.852383 6.664079 -0.169552
v 0.889443 6.664079 -0.176924
v -0.722614 6.664079 0.482834
v -0.754032 6.664079 0.503826
v 0.869082 6.664079 -0.000003
v 0.906868 6.664079 -0.000003
v -0.802926 6.664079 0.332581
v -0.837836 6.664079 0.347041
v 0.852383 6.664079 0.169546
v 0.889443 6.664079 0.176918
v -0.852381 6.664079 0.169546
v -0.889442 6.664079 0.176918
v 0.802927 6.664079 0.332581
v 0.837837 6.664079 0.347041
v -0.869081 6.664079 -0.000003
v -0.906867 6.664079 -0.000003
v 0.722615 6.664079 0.482834
v 0.754033 6.664079 0.503826
v -0.852381 6.664079 -0.169552
v -0.889442 6.664079 -0.176924
v 0.614534 6.664079 0.614531
v 0.641252 6.664079 0.641250
v -0.802926 6.664079 -0.332586
v -0.837836 6.664079 -0.347046
v 0.482836 6.664079 0.722613
v 0.503829 6.664079 0.754031
v -0.722614 6.664079 -0.482839
v -0.754032 6.664079 -0.503830
v 0.332583 6.664079 0.802924
v 0.347044 6.664079 0.837834
v 0.169550 6.664078 -0.852384
v 0.000000 6.664078 -0.869083
v 0.000000 6.664078 -0.906869
v 0.176921 6.664078 -0.889444
v -0.614533 6.664079 -0.614535
v -0.641252 6.664079 -0.641254
v 0.169550 6.664079 0.852380
v 0.176921 6.664079 0.889440
v 0.332583 6.664078 -0.802928
v 0.347044 6.664078 -0.837838
v -0.482835 6.664079 -0.722617
v -0.503828 6.664079 -0.754035
v 0.000000 6.664079 0.869079
v 0.000000 6.664079 0.906865
v 0.482836 6.664079 -0.722617
v 0.503829 6.664079 -0.754035
v -0.332583 6.664078 -0.802928
v -0.347043 6.664078 -0.837838
v -0.169549 6.664079 0.852380
v -0.176921 6.664079 0.889440
v 0.614534 6.664079 -0.614535
v 0.641252 6.664079 -0.641254
v -0.169549 6.664078 -0.852384
v -0.176921 6.664078 -0.889444
v -0.332583 6.664079 0.802924
v -0.347043 6.664079 0.837834
v -0.503828 6.664079 0.754030
v -0.347043 6.664079 0.837834
v -0.347043 6.719079 0.837833
v -0.503828 6.719079 0.754029
v 0.837837 6.664079 -0.347046
v 0.754033 6.664079 -0.503832
v 0.754033 6.719079 -0.503832
v 0.837837 6.719079 -0.347046
v -0.641252 6.664079 0.641250
v -0.641252 6.719079 0.641249
v 0.889443 6.664079 -0.176924
v 0.889443 6.719079 -0.176924
v -0.754032 6.664079 0.503826
v -0.641252 6.664079 0.641250
v -0.641252 6.719079 0.641249
v -0.754032 6.719079 0.503826
v 0.906868 6.664079 -0.000003
v 0.906868 6.719079 -0.000003
v -0.837836 6.664079 0.347041
v -0.837836 6.719079 0.347041
v 0.889443 6.664079 0.176918
v 0.889443 6.719079 0.176918
v -0.889442 6.664079 0.176918
v -0.889442 6.719079 0.176918
v 0.837837 6.664079 0.347041
v 0.837837 6.719079 0.347041
v -0.906867 6.664079 -0.000003
v -0.906867 6.719079 -0.000003
v 0.754033 6.664079 0.503826
v 0.754033 6.719079 0.503825
v -0.889442 6.664079 -0.176924
v -0.889442 6.719079 -0.176924
v 0.641252 6.664079 0.641250
v 0.641252 6.719079 0.641249
v -0.837836 6.664079 -0.347046
v -0.837836 6.719079 -0.347046
v 0.503829 6.664079 0.754031
v 0.641252 6.664079 0.641250
v 0.641252 6.719079 0.641249
v 0.503829 6.719079 0.754030
v -0.754032 6.664079 -0.503830
v -0.754032 6.719079 -0.503831
v 0.347044 6.664079 0.837834
v 0.347044 6.719079 0.837833
v 0.176921 6.664078 -0.889444
v 0.176922 6.719078 -0.889445
v -0.641252 6.664079 -0.641254
v -0.641252 6.719079 -0.641255
v 0.176921 6.664079 0.889440
v 0.176921 6.719079 0.889439
v 0.347044 6.664078 -0.837838
v 0.347044 6.719078 -0.837839
v -0.503828 6.664079 -0.754035
v -0.641252 6.664079 -0.641254
v -0.641252 6.719079 -0.641255
v -0.503828 6.719079 -0.754036
v 0.000000 6.664079 0.906865
v 0.000000 6.719079 0.906864
v 0.503829 6.664079 -0.754035
v 0.503829 6.719079 -0.754036
v -0.347043 6.664078 -0.837838
v -0.347043 6.719078 -0.837839
v -0.176921 6.664079 0.889440
v -0.176921 6.719079 0.889439
v 0.641252 6.664079 -0.641254
v 0.641252 6.719079 -0.641255
v 0.641252 6.664079 -0.641254
v 0.641252 6.719079 -0.641255
v -0.482004 5.289079 1.163659
v -0.245723 5.289079 1.235335
v -0.235088 5.289079 1.181869
v -0.461143 5.289079 1.113296
v 1.181870 5.289078 -0.235090
v 1.113297 5.289078 -0.461144
v 0.698197 5.289078 -0.289204
v 0.741202 5.289078 -0.147436
v -0.852081 5.289079 0.852079
v -0.669476 5.289079 1.001939
v -0.419857 5.289078 0.628359
v -0.534377 5.289078 0.534375
v 1.001941 5.289078 -0.669477
v 0.628360 5.289078 -0.419859
v -0.461143 5.289079 1.113296
v -0.289203 5.289078 0.698195
v 0.000000 5.289078 -1.205026
v -0.235088 5.289078 -1.181872
v -0.147434 5.289078 -0.741203
v 0.000000 5.289078 -0.755724
v 0.852081 5.289078 -0.852082
v 0.534377 5.289078 -0.534378
v -1.001941 5.289078 0.669474
v -0.628360 5.289078 0.419856
v 1.205024 5.289078 -0.000002
v 0.755723 5.289078 -0.000002
v -1.113297 5.289078 0.461141
v -0.698197 5.289078 0.289201
v 1.181870 5.289078 0.235087
v 0.741202 5.289078 0.147433
v -1.181870 5.289078 0.235087
v -0.741202 5.289078 0.147433
v 1.113297 5.289078 0.461141
v 0.698197 5.289078 0.289201
v -1.205024 5.289078 -0.000002
v -0.755723 5.289078 -0.000002
v 1.001941 5.289078 0.669474
v 0.628361 5.289078 0.419855
v -1.181870 5.289078 -0.235090
v -0.741202 5.289078 -0.147436
v 0.852081 5.289079 0.852079
v 0.534377 5.289078 0.534375
v -1.113297 5.289078 -0.461145
v -0.698197 5.289078 -0.289204
v 0.669476 5.289079 1.001940
v 0.419857 5.289078 0.628359
v -1.001941 5.289078 -0.669477
v -0.628361 5.289078 -0.419859
v 0.461143 5.289079 1.113296
v 0.289203 5.289078 0.698195
v 0.235089 5.289078 -1.181872
v 0.147434 5.289078 -0.741203
v -0.852081 5.289078 -0.852082
v -0.534377 5.289078 -0.534378
v 0.235089 5.289079 1.181869
v 0.147434 5.289078 0.741200
v 0.461143 5.289078 -1.113299
v 0.289203 5.289078 -0.698198
v -0.669476 5.289078 -1.001943
v -0.419857 5.289078 -0.628362
v 0.000000 5.289079 1.205023
v 0.000000 5.289078 0.755721
v 0.669476 5.289078 -1.001943
v 0.419857 5.289078 -0.628362
v -0.461143 5.289078 -1.113299
v -0.289203 5.289078 -0.698198
v -0.235088 5.289079 1.181869
v -0.147434 5.289078 0.741200
v -0.534376 6.719079 0.534374
v -0.628360 6.719079 0.419854
v -0.754032 6.719079 0.503826
v -0.641252 6.719079 0.641249
v 0.741202 6.719079 -0.147436
v 0.755723 6.719079 -0.000003
v 0.906868 6.719079 -0.000003
v 0.889443 6.719079 -0.176924
v -0.698196 6.719079 0.289200
v -0.837836 6.719079 0.347041
v 0.741202 6.719079 0.147431
v 0.889443 6.719079 0.176918
v -0.741201 6.719079 0.147431
v -0.889442 6.719079 0.176918
v 0.698197 6.719079 0.289200
v 0.837837 6.719079 0.347041
v -0.755722 6.719079 -0.000003
v -0.906867 6.719079 -0.000003
v 0.628361 6.719079 0.419854
v 0.754033 6.719079 0.503825
v -0.741201 6.719079 -0.147436
v -0.889442 6.719079 -0.176924
v 0.534377 6.719079 0.534374
v 0.641252 6.719079 0.641249
v -0.698196 6.719079 -0.289206
v -0.837836 6.719079 -0.347046
v 0.419857 6.719079 0.628357
v 0.503829 6.719079 0.754030
v -0.628360 6.719079 -0.419859
v -0.754032 6.719079 -0.503831
v 0.289203 6.719079 0.698194
v 0.347044 6.719079 0.837833
v 0.000000 6.719078 -0.906870
v 0.000000 6.719079 -0.755726
v 0.147435 6.719079 -0.741205
v 0.176922 6.719078 -0.889445
v -0.534376 6.719079 -0.534380
v -0.641252 6.719079 -0.641255
v 0.147435 6.719079 0.741199
v 0.176921 6.719079 0.889439
v 0.289203 6.719079 -0.698200
v 0.347044 6.719078 -0.837839
v -0.419857 6.719079 -0.628363
v -0.503828 6.719079 -0.754036
v 0.000000 6.719079 0.755720
v 0.000000 6.719079 0.906864
v 0.419858 6.719079 -0.628363
v 0.503829 6.719079 -0.754036
v -0.289202 6.719079 -0.698200
v -0.347043 6.719078 -0.837839
v -0.147434 6.719079 0.741199
v -0.176921 6.719079 0.889439
v 0.534377 6.719079 -0.534380
v 0.641252 6.719079 -0.641255
v -0.147434 6.719079 -0.741205
v -0.176920 6.719078 -0.889445
v -0.289202 6.719079 0.698194
v -0.347043 6.719079 0.837833
v 0.628361 6.719079 -0.419859
v 0.754033 6.719079 -0.503832
v -0.419857 6.719079 0.628357
v -0.503828 6.719079 0.754029
v 0.698197 6.719079 -0.289206
v 0.837837 6.719079 -0.347046
v -0.480939 6.719079 -0.480942
v -0.377871 6.719079 -0.565528
v 0.534377 7.599078 -0.534380
v 0.628361 7.599078 -0.419860
v 0.565525 7.599078 -0.377875
v 0.480939 7.599078 -0.480942
v -0.565524 6.719079 -0.377874
v 0.419858 7.599078 -0.628364
v 0.377872 7.599078 -0.565528
v -0.419857 6.719079 0.628357
v -0.419857 7.599078 0.628357
v -0.377871 7.599078 0.565521
v -0.377871 6.719079 0.565522
v -0.628376 6.719079 -0.260285
v 0.480939 6.719079 0.480936
v 0.377872 6.719079 0.565522
v 0.289203 6.719079 0.698194
v 0.419857 6.719079 0.628357
v 0.419857 7.599078 0.628357
v 0.289203 7.599078 0.698193
v 0.147435 6.719079 -0.741205
v 0.000000 6.719079 -0.755726
v 0.000000 7.599078 -0.755726
v 0.147435 7.599078 -0.741205
v -0.667081 6.719079 -0.132693
v 0.147435 6.719079 0.741199
v 0.147435 7.599078 0.741198
v 0.289203 6.719079 -0.698200
v 0.289203 7.599078 -0.698200
v -0.534376 7.599078 -0.534380
v -0.419857 7.599078 -0.628364
v -0.377871 7.599078 -0.565528
v -0.480939 7.599078 -0.480942
v 0.000000 6.719079 0.755720
v 0.000000 7.599078 0.755719
v 0.419858 6.719079 -0.628363
v 0.419858 7.599078 -0.628364
v -0.289202 6.719079 -0.698200
v -0.419857 6.719079 -0.628363
v -0.419857 7.599078 -0.628364
v -0.289202 7.599078 -0.698200
v -0.147434 6.719079 0.741199
v -0.147434 7.599078 0.741198
v 0.565525 6.719079 0.377869
v -0.147434 6.719079 -0.741205
v -0.147434 7.599078 -0.741205
v -0.289202 6.719079 0.698194
v -0.289202 7.599078 0.698193
v -0.680150 6.719079 -0.000003
v -0.419857 6.719079 0.628357
v -0.419857 7.599078 0.628357
v -0.628360 7.599078 -0.419860
v -0.565524 7.599078 -0.377875
v 0.628378 6.719079 0.260280
v -0.667081 6.719079 0.132688
v -0.698196 7.599078 -0.289206
v -0.628376 7.599078 -0.260286
v 0.419857 7.599078 0.628357
v 0.419857 6.719079 0.628357
v 0.377872 6.719079 0.565522
v 0.377872 7.599078 0.565521
v 0.667082 6.719079 0.132688
v 0.534377 7.599078 0.534373
v 0.419857 7.599078 0.628357
v 0.377872 7.599078 0.565521
v 0.480939 7.599078 0.480936
v -0.628377 6.719079 0.260280
v -0.741201 7.599078 -0.147438
v -0.667081 7.599078 -0.132694
v -0.768016 7.626579 -0.318126
v -0.691196 7.626579 -0.461846
v 0.289203 7.599078 0.698193
v 0.461843 7.626579 0.691193
v 0.318123 7.626579 0.768013
v 0.147435 7.599078 -0.741205
v 0.000000 7.599078 -0.755726
v 0.000000 7.626578 -0.831298
v 0.162178 7.626578 -0.815325
v -0.587814 7.626579 -0.587818
v 0.147435 7.599078 0.741198
v 0.162178 7.626579 0.815319
v 0.289203 7.599078 -0.698200
v 0.318123 7.626579 -0.768020
v -0.461842 7.626579 -0.691200
v 0.000000 7.599078 0.755719
v 0.000000 7.626579 0.831292
v 0.461843 7.626579 -0.691200
v -0.289202 7.599078 -0.698200
v -0.318122 7.626579 -0.768020
v -0.147434 7.599078 0.741198
v -0.162177 7.626579 0.815319
v 0.587815 7.626579 -0.587818
v -0.147434 7.599078 -0.741205
v -0.162177 7.626578 -0.815325
v -0.289202 7.599078 0.698193
v -0.318122 7.626579 0.768013
v 0.691197 7.626579 -0.461846
v -0.419857 7.599078 0.628357
v -0.461842 7.626579 0.691193
v 0.698197 7.599078 -0.289206
v 0.768017 7.626579 -0.318126
v -0.534376 7.599078 0.534373
v -0.587814 7.626579 0.587811
v 0.741202 7.599078 -0.147437
v 0.815322 7.626579 -0.162181
v -0.628360 7.599078 0.419854
v -0.691196 7.626579 0.461840
v 0.755723 7.599078 -0.000003
v 0.831295 7.626579 -0.000003
v -0.698196 7.599078 0.289199
v -0.768016 7.626579 0.318120
v 0.741202 7.599078 0.147431
v 0.815322 7.626579 0.162174
v -0.741201 7.599078 0.147431
v -0.815321 7.626579 0.162174
v 0.698197 7.599078 0.289199
v 0.768017 7.626579 0.318120
v -0.755722 7.599078 -0.000003
v -0.831294 7.626579 -0.000003
v 0.628361 7.599078 0.419854
v 0.691197 7.626579 0.461839
v -0.815321 7.626579 -0.162181
v 0.587815 7.626579 0.587811
v 0.628378 7.599078 -0.260286
v -0.480939 7.599078 0.480936
v -0.377871 7.599078 0.565521
v 0.667082 7.599078 -0.132694
v 0.377872 6.719079 -0.565528
v 0.480939 6.719079 -0.480942
v -0.565524 7.599078 0.377868
v -0.419857 7.599078 -0.628364
v -0.419857 6.719079 -0.628363
v -0.377871 6.719079 -0.565528
v -0.377871 7.599078 -0.565528
v 0.680151 7.599078 -0.000003
v 0.565525 6.719079 -0.377874
v -0.628377 7.599078 0.260279
v 0.667082 7.599078 0.132687
v 0.628378 6.719079 -0.260285
v -0.667081 7.599078 0.132688
v -0.377871 6.719079 0.565522
v -0.480939 6.719079 0.480936
v 0.419858 6.719079 -0.628363
v 0.419858 7.599078 -0.628364
v 0.377872 7.599078 -0.565528
v 0.377872 6.719079 -0.565528
v 0.628378 7.599078 0.260279
v 0.667082 6.719079 -0.132693
v -0.680150 7.599078 -0.000003
v -0.565524 6.719079 0.377869
v 0.565525 7.599078 0.377868
v 0.680151 6.719079 -0.000003
v -0.260282 6.719079 -0.628381
v -0.132691 6.719079 -0.667085
v -0.132691 7.599078 -0.667086
v -0.260282 7.599078 -0.628381
v 0.132691 6.719079 0.667079
v 0.000000 6.719079 0.680148
v 0.000000 7.599078 0.680147
v 0.132691 7.599078 0.667079
v 0.132691 6.719079 -0.667085
v 0.260282 6.719079 -0.628381
v 0.260282 7.599078 -0.628381
v 0.132691 7.599078 -0.667086
v -0.260282 6.719079 0.628375
v -0.377871 6.719079 0.565522
v -0.377871 7.599078 0.565521
v -0.260282 7.599078 0.628374
v -0.377871 6.719079 -0.565528
v -0.377871 7.599078 -0.565528
v 0.260282 6.719079 0.628375
v 0.260283 7.599078 0.628374
v 0.000000 6.719079 -0.680154
v 0.000000 7.599078 -0.680154
v -0.132691 6.719079 0.667079
v -0.132691 7.599078 0.667079
v 0.377872 6.719079 0.565522
v 0.377872 7.599078 0.565521
v 0.377872 6.719079 -0.565528
v 0.377872 7.599078 -0.565528
v -1.037451 5.921816 -0.660574
v -1.125622 5.921816 -0.495617
v -1.163661 5.949078 -0.482006
v -1.047267 5.949078 -0.699763
v -1.125622 5.921816 -0.495617
v -1.037451 5.921816 -0.660574
v -1.001932 5.949078 -0.669472
v -1.113286 5.949078 -0.461141
v -1.138474 5.976340 -0.471573
v -1.024600 5.976340 -0.684617
v -1.047267 5.949078 -0.699763
v -1.163661 5.949078 -0.482006
v -1.024600 5.976340 -0.684617
v -1.138474 5.976340 -0.471573
v -1.113286 5.949078 -0.461141
v -1.001932 5.949078 -0.669472
v -1.125622 5.921816 -0.495617
v -1.125622 5.316340 -0.495616
v -1.163661 5.289078 -0.482006
v -1.163661 5.949078 -0.482006
v -1.125622 5.316340 -0.495616
v -1.125622 5.921816 -0.495617
v -1.113286 5.949078 -0.461141
v -1.113297 5.289078 -0.461145
v -1.125622 5.316340 -0.495616
v -1.037451 5.316340 -0.660574
v -1.047267 5.289078 -0.699763
v -1.163661 5.289078 -0.482006
v -1.037451 5.316340 -0.660574
v -1.125622 5.316340 -0.495616
v -1.113297 5.289078 -0.461145
v -1.001941 5.289078 -0.669477
v -1.037451 5.316340 -0.660574
v -1.037451 5.921816 -0.660574
v -1.047267 5.949078 -0.699763
v -1.047267 5.289078 -0.699763
v -1.037451 5.921816 -0.660574
v -1.037451 5.316340 -0.660574
v -1.001941 5.289078 -0.669477
v -1.001932 5.949078 -0.669472
v 0.495615 5.921817 1.125620
v 0.660572 5.921817 1.037449
v 0.699762 5.949079 1.047266
v 0.482004 5.949079 1.163658
v 0.660572 5.921817 1.037449
v 0.495615 5.921817 1.125620
v 0.461139 5.949079 1.113284
v 0.669469 5.949079 1.001930
v 0.684615 5.976341 1.024598
v 0.471571 5.976341 1.138471
v 0.482004 5.949079 1.163658
v 0.699762 5.949079 1.047266
v 0.471571 5.976341 1.138471
v 0.684615 5.976341 1.024598
v 0.669469 5.949079 1.001930
v 0.461139 5.949079 1.113284
v 0.660572 5.921817 1.037449
v 0.660572 5.316340 1.037449
v 0.699762 5.289079 1.047266
v 0.699762 5.949079 1.047266
v 0.660572 5.316340 1.037449
v 0.660572 5.921817 1.037449
v 0.669469 5.949079 1.001930
v 0.669476 5.289079 1.001940
v 0.660572 5.316340 1.037449
v 0.495615 5.316340 1.125621
v 0.482004 5.289079 1.163659
v 0.699762 5.289079 1.047266
v 0.495615 5.316340 1.125621
v 0.660572 5.316340 1.037449
v 0.669476 5.289079 1.001940
v 0.461143 5.289079 1.113296
v 0.495615 5.316340 1.125621
v 0.495615 5.921817 1.125620
v 0.482004 5.949079 1.163658
v 0.482004 5.289079 1.163659
v 0.495615 5.921817 1.125620
v 0.495615 5.316340 1.125621
v 0.461143 5.289079 1.113296
v 0.461139 5.949079 1.113284
v 0.213274 5.921816 -1.211272
v 0.027131 5.921816 -1.229605
v 0.000000 5.949078 -1.259539
v 0.245724 5.949078 -1.235338
v 0.027131 5.921816 -1.229605
v 0.213274 5.921816 -1.211272
v 0.235086 5.949078 -1.181862
v 0.000000 5.949078 -1.205015
v 0.000000 5.976340 -1.232278
v 0.240405 5.976340 -1.208599
v 0.245724 5.949078 -1.235338
v 0.000000 5.949078 -1.259539
v 0.240405 5.976340 -1.208599
v 0.000000 5.976340 -1.232278
v 0.000000 5.949078 -1.205015
v 0.235086 5.949078 -1.181862
v 0.027131 5.921816 -1.229605
v 0.027131 5.316339 -1.229605
v 0.000000 5.289078 -1.259539
v 0.000000 5.949078 -1.259539
v 0.027131 5.316339 -1.229605
v 0.027131 5.921816 -1.229605
v 0.000000 5.949078 -1.205015
v 0.000000 5.289078 -1.205026
v 0.027131 5.316339 -1.229605
v 0.213274 5.316339 -1.211271
v 0.245724 5.289078 -1.235337
v 0.000000 5.289078 -1.259539
v 0.213274 5.316339 -1.211271
v 0.027131 5.316339 -1.229605
v 0.000000 5.289078 -1.205026
v 0.235089 5.289078 -1.181872
v 0.213274 5.316339 -1.211271
v 0.213274 5.921816 -1.211272
v 0.245724 5.949078 -1.235338
v 0.245724 5.289078 -1.235337
v 0.213274 5.921816 -1.211272
v 0.213274 5.316339 -1.211271
v 0.235089 5.289078 -1.181872
v 0.235086 5.949078 -1.181862
v -0.888645 5.921816 -0.850278
v -1.007304 5.921816 -0.705691
v -1.047267 5.949078 -0.699763
v -0.890628 5.949078 -0.890629
v -1.007304 5.921816 -0.705691
v -0.888645 5.921816 -0.850278
v -0.852073 5.949078 -0.852075
v -1.001932 5.949078 -0.669472
v -0.871350 5.976340 -0.871352
v -0.890628 5.949078 -0.890629
v -0.871350 5.976340 -0.871352
v -0.852073 5.949078 -0.852075
v -1.007304 5.921816 -0.705691
v -1.007304 5.316340 -0.705691
v -1.047267 5.289078 -0.699763
v -1.047267 5.949078 -0.699763
v -1.007304 5.316340 -0.705691
v -1.007304 5.921816 -0.705691
v -1.001932 5.949078 -0.669472
v -1.001941 5.289078 -0.669477
v -1.007304 5.316340 -0.705691
v -0.888645 5.316339 -0.850278
v -0.890628 5.289078 -0.890629
v -1.047267 5.289078 -0.699763
v -0.888645 5.316339 -0.850278
v -1.007304 5.316340 -0.705691
v -1.001941 5.289078 -0.669477
v -0.852081 5.289078 -0.852082
v -0.888645 5.316339 -0.850278
v -0.888645 5.921816 -0.850278
v -0.890628 5.949078 -0.890629
v -0.890628 5.289078 -0.890629
v -0.888645 5.921816 -0.850278
v -0.888645 5.316339 -0.850278
v -0.852081 5.289078 -0.852082
v -0.852073 5.949078 -0.852075
v 0.266493 5.921817 1.200682
v 0.445483 5.921817 1.146386
v 0.482004 5.949079 1.163658
v 0.245724 5.949079 1.235334
v 0.445483 5.921817 1.146386
v 0.266493 5.921817 1.200682
v 0.235086 5.949079 1.181857
v 0.461139 5.949079 1.113284
v 0.240405 5.976341 1.208596
v 0.245724 5.949079 1.235334
v 0.240405 5.976341 1.208596
v 0.235086 5.949079 1.181857
v 0.445483 5.921817 1.146386
v 0.445483 5.316340 1.146386
v 0.482004 5.289079 1.163659
v 0.482004 5.949079 1.163658
v 0.445483 5.316340 1.146386
v 0.445483 5.921817 1.146386
v 0.461139 5.949079 1.113284
v 0.461143 5.289079 1.113296
v 0.445483 5.316340 1.146386
v 0.266493 5.316340 1.200682
v 0.245724 5.289079 1.235335
v 0.482004 5.289079 1.163659
v 0.266493 5.316340 1.200682
v 0.445483 5.316340 1.146386
v 0.461143 5.289079 1.113296
v 0.235089 5.289079 1.181869
v 0.266493 5.316340 1.200682
v 0.266493 5.921817 1.200682
v 0.245724 5.949079 1.235334
v 0.245724 5.289079 1.235335
v 0.266493 5.921817 1.200682
v 0.266493 5.316340 1.200682
v 0.235089 5.289079 1.181869
v 0.235086 5.949079 1.181857
v 0.445483 5.921816 -1.146389
v 0.266493 5.921816 -1.200686
v 0.245724 5.949078 -1.235338
v 0.482004 5.949078 -1.163664
v 0.266493 5.921816 -1.200686
v 0.445483 5.921816 -1.146389
v 0.461139 5.949078 -1.113289
v 0.235086 5.949078 -1.181862
v 0.240405 5.976340 -1.208599
v 0.471571 5.976340 -1.138476
v 0.482004 5.949078 -1.163664
v 0.245724 5.949078 -1.235338
v 0.471571 5.976340 -1.138476
v 0.240405 5.976340 -1.208599
v 0.235086 5.949078 -1.181862
v 0.461139 5.949078 -1.113289
v 0.266493 5.921816 -1.200686
v 0.266493 5.316339 -1.200685
v 0.245724 5.289078 -1.235337
v 0.245724 5.949078 -1.235338
v 0.266493 5.316339 -1.200685
v 0.266493 5.921816 -1.200686
v 0.235086 5.949078 -1.181862
v 0.235089 5.289078 -1.181872
v 0.266493 5.316339 -1.200685
v 0.445483 5.316339 -1.146389
v 0.482004 5.289078 -1.163663
v 0.245724 5.289078 -1.235337
v 0.445483 5.316339 -1.146389
v 0.266493 5.316339 -1.200685
v 0.235089 5.289078 -1.181872
v 0.461143 5.289078 -1.113299
v 0.445483 5.316339 -1.146389
v 0.445483 5.921816 -1.146389
v 0.482004 5.949078 -1.163664
v 0.482004 5.289078 -1.163663
v 0.445483 5.921816 -1.146389
v 0.445483 5.316339 -1.146389
v 0.461143 5.289078 -1.113299
v 0.461139 5.949078 -1.113289
v -0.705690 5.921816 -1.007306
v -0.850276 5.921816 -0.888647
v -0.890628 5.949078 -0.890629
v -0.699762 5.949078 -1.047269
v -0.850276 5.921816 -0.888647
v -0.705690 5.921816 -1.007306
v -0.669469 5.949078 -1.001933
v -0.852073 5.949078 -0.852075
v -0.684616 5.976340 -1.024601
v -0.699762 5.949078 -1.047269
v -0.684616 5.976340 -1.024601
v -0.669469 5.949078 -1.001933
v -0.850276 5.921816 -0.888647
v -0.850276 5.316339 -0.888647
v -0.890628 5.289078 -0.890629
v -0.890628 5.949078 -0.890629
v -0.850276 5.316339 -0.888647
v -0.850276 5.921816 -0.888647
v -0.852073 5.949078 -0.852075
v -0.852081 5.289078 -0.852082
v -0.850276 5.316339 -0.888647
v -0.705690 5.316339 -1.007306
v -0.699762 5.289078 -1.047269
v -0.890628 5.289078 -0.890629
v -0.705690 5.316339 -1.007306
v -0.850276 5.316339 -0.888647
v -0.852081 5.289078 -0.852082
v -0.669476 5.289078 -1.001943
v -0.705690 5.316339 -1.007306
v -0.705690 5.921816 -1.007306
v -0.699762 5.949078 -1.047269
v -0.699762 5.289078 -1.047269
v -0.705690 5.921816 -1.007306
v -0.705690 5.316339 -1.007306
v -0.669476 5.289078 -1.001943
v -0.669469 5.949078 -1.001933
v 0.027131 5.921817 1.229601
v 0.213274 5.921817 1.211267
v 0.245724 5.949079 1.235334
v 0.000000 5.949079 1.259536
v 0.213274 5.921817 1.211267
v 0.027131 5.921817 1.229601
v 0.000000 5.949079 1.205011
v 0.235086 5.949079 1.181857
v 0.240405 5.976341 1.208596
v 0.000000 5.976341 1.232273
v 0.000000 5.949079 1.259536
v 0.245724 5.949079 1.235334
v 0.000000 5.976341 1.232273
v 0.240405 5.976341 1.208596
v 0.235086 5.949079 1.181857
v 0.000000 5.949079 1.205011
v 0.213274 5.921817 1.211267
v 0.213274 5.316340 1.211268
v 0.245724 5.289079 1.235335
v 0.245724 5.949079 1.235334
v 0.213274 5.316340 1.211268
v 0.213274 5.921817 1.211267
v 0.235086 5.949079 1.181857
v 0.235089 5.289079 1.181869
v 0.213274 5.316340 1.211268
v 0.027131 5.316340 1.229601
v 0.000000 5.289079 1.259536
v 0.245724 5.289079 1.235335
v 0.027131 5.316340 1.229601
v 0.213274 5.316340 1.211268
v 0.235089 5.289079 1.181869
v 0.000000 5.289079 1.205023
v 0.027131 5.316340 1.229601
v 0.027131 5.921817 1.229601
v 0.000000 5.949079 1.259536
v 0.000000 5.289079 1.259536
v 0.027131 5.921817 1.229601
v 0.027131 5.316340 1.229601
v 0.000000 5.289079 1.205023
v 0.000000 5.949079 1.205011
v 0.660572 5.921816 -1.037452
v 0.495615 5.921816 -1.125624
v 0.482004 5.949078 -1.163664
v 0.699762 5.949078 -1.047269
v 0.495615 5.921816 -1.125624
v 0.660572 5.921816 -1.037452
v 0.669469 5.949078 -1.001933
v 0.461139 5.949078 -1.113289
v 0.684616 5.976340 -1.024601
v 0.699762 5.949078 -1.047269
v 0.684616 5.976340 -1.024601
v 0.669469 5.949078 -1.001933
v 0.495615 5.921816 -1.125624
v 0.495615 5.316339 -1.125624
v 0.482004 5.289078 -1.163663
v 0.482004 5.949078 -1.163664
v 0.495615 5.316339 -1.125624
v 0.495615 5.921816 -1.125624
v 0.461139 5.949078 -1.113289
v 0.461143 5.289078 -1.113299
v 0.495615 5.316339 -1.125624
v 0.660572 5.316339 -1.037452
v 0.699762 5.289078 -1.047269
v 0.482004 5.289078 -1.163663
v 0.660572 5.316339 -1.037452
v 0.495615 5.316339 -1.125624
v 0.461143 5.289078 -1.113299
v 0.669476 5.289078 -1.001943
v 0.660572 5.316339 -1.037452
v 0.660572 5.921816 -1.037452
v 0.699762 5.949078 -1.047269
v 0.699762 5.289078 -1.047269
v 0.660572 5.921816 -1.037452
v 0.660572 5.316339 -1.037452
v 0.669476 5.289078 -1.001943
v 0.669469 5.949078 -1.001933
v -0.495615 5.921816 -1.125624
v -0.660572 5.921816 -1.037452
v -0.699762 5.949078 -1.047269
v -0.482004 5.949078 -1.163664
v -0.660572 5.921816 -1.037452
v -0.495615 5.921816 -1.125624
v -0.461139 5.949078 -1.113289
v -0.669469 5.949078 -1.001933
v -0.471571 5.976340 -1.138476
v -0.482004 5.949078 -1.163664
v -0.471571 5.976340 -1.138476
v -0.461139 5.949078 -1.113289
v -0.660572 5.921816 -1.037452
v -0.660572 5.316339 -1.037452
v -0.699762 5.289078 -1.047269
v -0.699762 5.949078 -1.047269
v -0.660572 5.316339 -1.037452
v -0.660572 5.921816 -1.037452
v -0.669469 5.949078 -1.001933
v -0.669476 5.289078 -1.001943
v -0.660572 5.316339 -1.037452
v -0.495615 5.316339 -1.125624
v -0.482004 5.289078 -1.163663
v -0.699762 5.289078 -1.047269
v -0.495615 5.316339 -1.125624
v -0.660572 5.316339 -1.037452
v -0.669476 5.289078 -1.001943
v -0.461143 5.289078 -1.113299
v -0.495615 5.316339 -1.125624
v -0.495615 5.921816 -1.125624
v -0.482004 5.949078 -1.163664
v -0.482004 5.289078 -1.163663
v -0.495615 5.921816 -1.125624
v -0.495615 5.316339 -1.125624
v -0.461143 5.289078 -1.113299
v -0.461139 5.949078 -1.113289
v -0.213274 5.921817 1.211267
v -0.027131 5.921817 1.229601
v 0.000000 5.949079 1.259536
v -0.245724 5.949079 1.235334
v -0.027131 5.921817 1.229601
v -0.213274 5.921817 1.211267
v -0.235086 5.949079 1.181857
v 0.000000 5.949079 1.205011
v -0.240405 5.976341 1.208596
v -0.245724 5.949079 1.235334
v -0.240405 5.976341 1.208596
v -0.235086 5.949079 1.181857
v -0.027131 5.921817 1.229601
v -0.027131 5.316340 1.229601
v 0.000000 5.289079 1.259536
v 0.000000 5.949079 1.259536
v -0.027131 5.316340 1.229601
v -0.027131 5.921817 1.229601
v 0.000000 5.949079 1.205011
v 0.000000 5.289079 1.205023
v -0.027131 5.316340 1.229601
v -0.213274 5.316340 1.211268
v -0.245723 5.289079 1.235335
v 0.000000 5.289079 1.259536
v -0.213274 5.316340 1.211268
v -0.027131 5.316340 1.229601
v 0.000000 5.289079 1.205023
v -0.235088 5.289079 1.181869
v -0.213274 5.316340 1.211268
v -0.213274 5.921817 1.211267
v -0.245724 5.949079 1.235334
v -0.245723 5.289079 1.235335
v -0.213274 5.921817 1.211267
v -0.213274 5.316340 1.211268
v -0.235088 5.289079 1.181869
v -0.235086 5.949079 1.181857
v 0.850276 5.921816 -0.888647
v 0.705690 5.921816 -1.007306
v 0.699762 5.949078 -1.047269
v 0.890628 5.949078 -0.890629
v 0.705690 5.921816 -1.007306
v 0.850276 5.921816 -0.888647
v 0.852073 5.949078 -0.852075
v 0.669469 5.949078 -1.001933
v 0.871350 5.976340 -0.871352
v 0.890628 5.949078 -0.890629
v 0.871350 5.976340 -0.871352
v 0.852073 5.949078 -0.852075
v 0.705690 5.921816 -1.007306
v 0.705690 5.316339 -1.007306
v 0.699762 5.289078 -1.047269
v 0.699762 5.949078 -1.047269
v 0.705690 5.316339 -1.007306
v 0.705690 5.921816 -1.007306
v 0.669469 5.949078 -1.001933
v 0.669476 5.289078 -1.001943
v 0.705690 5.316339 -1.007306
v 0.850276 5.316339 -0.888647
v 0.890628 5.289078 -0.890629
v 0.699762 5.289078 -1.047269
v 0.850276 5.316339 -0.888647
v 0.705690 5.316339 -1.007306
v 0.669476 5.289078 -1.001943
v 0.852081 5.289078 -0.852082
v 0.850276 5.316339 -0.888647
v 0.850276 5.921816 -0.888647
v 0.890628 5.949078 -0.890629
v 0.890628 5.289078 -0.890629
v 0.850276 5.921816 -0.888647
v 0.850276 5.316339 -0.888647
v 0.852081 5.289078 -0.852082
v 0.852073 5.949078 -0.852075
v -0.266493 5.921816 -1.200686
v -0.445483 5.921816 -1.146389
v -0.482004 5.949078 -1.163664
v -0.245723 5.949078 -1.235338
v -0.445483 5.921816 -1.146389
v -0.266493 5.921816 -1.200686
v -0.235086 5.949078 -1.181862
v -0.461139 5.949078 -1.113289
v -0.240405 5.976340 -1.208599
v -0.245723 5.949078 -1.235338
v -0.240405 5.976340 -1.208599
v -0.235086 5.949078 -1.181862
v -0.445483 5.921816 -1.146389
v -0.445483 5.316339 -1.146389
v -0.482004 5.289078 -1.163663
v -0.482004 5.949078 -1.163664
v -0.445483 5.316339 -1.146389
v -0.445483 5.921816 -1.146389
v -0.461139 5.949078 -1.113289
v -0.461143 5.289078 -1.113299
v -0.445483 5.316339 -1.146389
v -0.266493 5.316339 -1.200685
v -0.245723 5.289078 -1.235338
v -0.482004 5.289078 -1.163663
v -0.266493 5.316339 -1.200685
v -0.445483 5.316339 -1.146389
v -0.461143 5.289078 -1.113299
v -0.235088 5.289078 -1.181872
v -0.266493 5.316339 -1.200685
v -0.266493 5.921816 -1.200686
v -0.245723 5.949078 -1.235338
v -0.245723 5.289078 -1.235338
v -0.266493 5.921816 -1.200686
v -0.266493 5.316339 -1.200685
v -0.235088 5.289078 -1.181872
v -0.235086 5.949078 -1.181862
v -0.445483 5.921817 1.146386
v -0.266493 5.921817 1.200682
v -0.245724 5.949079 1.235334
v -0.482004 5.949079 1.163658
v -0.266493 5.921817 1.200682
v -0.445483 5.921817 1.146386
v -0.461139 5.949079 1.113284
v -0.235086 5.949079 1.181857
v -0.240405 5.976341 1.208596
v -0.471571 5.976341 1.138471
v -0.482004 5.949079 1.163658
v -0.245724 5.949079 1.235334
v -0.471571 5.976341 1.138471
v -0.240405 5.976341 1.208596
v -0.235086 5.949079 1.181857
v -0.461139 5.949079 1.113284
v -0.266493 5.921817 1.200682
v -0.266493 5.316340 1.200682
v -0.245723 5.289079 1.235335
v -0.245724 5.949079 1.235334
v -0.266493 5.316340 1.200682
v -0.266493 5.921817 1.200682
v -0.235086 5.949079 1.181857
v -0.235088 5.289079 1.181869
v -0.266493 5.316340 1.200682
v -0.445483 5.316340 1.146386
v -0.482004 5.289079 1.163659
v -0.245723 5.289079 1.235335
v -0.445483 5.316340 1.146386
v -0.266493 5.316340 1.200682
v -0.235088 5.289079 1.181869
v -0.461143 5.289079 1.113296
v -0.445483 5.316340 1.146386
v -0.445483 5.921817 1.146386
v -0.482004 5.949079 1.163658
v -0.482004 5.289079 1.163659
v -0.445483 5.921817 1.146386
v -0.445483 5.316340 1.146386
v -0.461143 5.289079 1.113296
v -0.461139 5.949079 1.113284
v 1.007304 5.921816 -0.705691
v 0.888645 5.921816 -0.850278
v 0.890628 5.949078 -0.890629
v 1.047267 5.949078 -0.699763
v 0.888645 5.921816 -0.850278
v 1.007304 5.921816 -0.705691
v 1.001931 5.949078 -0.669472
v 0.852073 5.949078 -0.852075
v 1.024599 5.976340 -0.684617
v 1.047267 5.949078 -0.699763
v 1.024599 5.976340 -0.684617
v 1.001931 5.949078 -0.669472
v 0.888645 5.921816 -0.850278
v 0.888645 5.316339 -0.850278
v 0.890628 5.289078 -0.890629
v 0.890628 5.949078 -0.890629
v 0.888645 5.316339 -0.850278
v 0.888645 5.921816 -0.850278
v 0.852073 5.949078 -0.852075
v 0.852081 5.289078 -0.852082
v 0.888645 5.316339 -0.850278
v 1.007304 5.316340 -0.705691
v 1.047267 5.289078 -0.699763
v 0.890628 5.289078 -0.890629
v 1.007304 5.316340 -0.705691
v 0.888645 5.316339 -0.850278
v 0.852081 5.289078 -0.852082
v 1.001941 5.289078 -0.669477
v 1.007304 5.316340 -0.705691
v 1.007304 5.921816 -0.705691
v 1.047267 5.949078 -0.699763
v 1.047267 5.289078 -0.699763
v 1.007304 5.921816 -0.705691
v 1.007304 5.316340 -0.705691
v 1.001941 5.289078 -0.669477
v 1.001931 5.949078 -0.669472
v -0.027131 5.921816 -1.229605
v -0.213274 5.921816 -1.211272
v -0.245723 5.949078 -1.235338
v 0.000000 5.949078 -1.259539
v -0.213274 5.921816 -1.211272
v -0.027131 5.921816 -1.229605
v 0.000000 5.949078 -1.205015
v -0.235086 5.949078 -1.181862
v -0.240405 5.976340 -1.208599
v -0.245723 5.949078 -1.235338
v -0.240405 5.976340 -1.208599
v -0.235086 5.949078 -1.181862
v -0.213274 5.921816 -1.211272
v -0.213274 5.316339 -1.211271
v -0.245723 5.289078 -1.235338
v -0.245723 5.949078 -1.235338
v -0.213274 5.316339 -1.211271
v -0.213274 5.921816 -1.211272
v -0.235086 5.949078 -1.181862
v -0.235088 5.289078 -1.181872
v -0.213274 5.316339 -1.211271
v -0.027131 5.316339 -1.229605
v 0.000000 5.289078 -1.259539
v -0.245723 5.289078 -1.235338
v -0.027131 5.316339 -1.229605
v -0.213274 5.316339 -1.211271
v -0.235088 5.289078 -1.181872
v 0.000000 5.289078 -1.205026
v -0.027131 5.316339 -1.229605
v -0.027131 5.921816 -1.229605
v 0.000000 5.949078 -1.259539
v 0.000000 5.289078 -1.259539
v -0.027131 5.921816 -1.229605
v -0.027131 5.316339 -1.229605
v 0.000000 5.289078 -1.205026
v 0.000000 5.949078 -1.205015
v -0.660572 5.921817 1.037449
v -0.495615 5.921817 1.125620
v -0.482004 5.949079 1.163658
v -0.699762 5.949079 1.047265
v -0.495615 5.921817 1.125620
v -0.660572 5.921817 1.037449
v -0.669469 5.949079 1.001930
v -0.461139 5.949079 1.113284
v -0.684616 5.976341 1.024597
v -0.699762 5.949079 1.047265
v -0.684616 5.976341 1.024597
v -0.669469 5.949079 1.001930
v -0.495615 5.921817 1.125620
v -0.495615 5.316340 1.125621
v -0.482004 5.289079 1.163659
v -0.482004 5.949079 1.163658
v -0.495615 5.316340 1.125621
v -0.495615 5.921817 1.125620
v -0.461139 5.949079 1.113284
v -0.461143 5.289079 1.113296
v -0.495615 5.316340 1.125621
v -0.660572 5.316340 1.037449
v -0.699762 5.289079 1.047266
v -0.482004 5.289079 1.163659
v -0.660572 5.316340 1.037449
v -0.495615 5.316340 1.125621
v -0.461143 5.289079 1.113296
v -0.669476 5.289079 1.001939
v -0.660572 5.316340 1.037449
v -0.660572 5.921817 1.037449
v -0.699762 5.949079 1.047265
v -0.699762 5.289079 1.047266
v -0.660572 5.921817 1.037449
v -0.660572 5.316340 1.037449
v -0.669476 5.289079 1.001939
v -0.669469 5.949079 1.001930
v 1.125623 5.921816 -0.495616
v 1.037451 5.921816 -0.660574
v 1.047267 5.949078 -0.699763
v 1.163661 5.949078 -0.482006
v 1.037451 5.921816 -0.660574
v 1.125623 5.921816 -0.495616
v 1.113287 5.949078 -0.461140
v 1.001931 5.949078 -0.669472
v 1.138474 5.976340 -0.471573
v 1.163661 5.949078 -0.482006
v 1.138474 5.976340 -0.471573
v 1.113287 5.949078 -0.461140
v 1.037451 5.921816 -0.660574
v 1.037451 5.316340 -0.660574
v 1.047267 5.289078 -0.699763
v 1.047267 5.949078 -0.699763
v 1.037451 5.316340 -0.660574
v 1.037451 5.921816 -0.660574
v 1.001931 5.949078 -0.669472
v 1.001941 5.289078 -0.669477
v 1.037451 5.316340 -0.660574
v 1.125623 5.316340 -0.495616
v 1.163661 5.289078 -0.482006
v 1.047267 5.289078 -0.699763
v 1.125623 5.316340 -0.495616
v 1.037451 5.316340 -0.660574
v 1.001941 5.289078 -0.669477
v 1.113297 5.289078 -0.461144
v 1.125623 5.316340 -0.495616
v 1.125623 5.921816 -0.495616
v 1.163661 5.949078 -0.482006
v 1.163661 5.289078 -0.482006
v 1.125623 5.921816 -0.495616
v 1.125623 5.316340 -0.495616
v 1.113297 5.289078 -0.461144
v 1.113287 5.949078 -0.461140
v -0.850276 5.921817 0.888644
v -0.705690 5.921817 1.007302
v -0.699762 5.949079 1.047265
v -0.890628 5.949079 0.890626
v -0.705690 5.921817 1.007302
v -0.850276 5.921817 0.888644
v -0.852073 5.949079 0.852071
v -0.669469 5.949079 1.001930
v -0.871350 5.976341 0.871348
v -0.890628 5.949079 0.890626
v -0.871350 5.976341 0.871348
v -0.852073 5.949079 0.852071
v -0.705690 5.921817 1.007302
v -0.705690 5.316340 1.007303
v -0.699762 5.289079 1.047266
v -0.699762 5.949079 1.047265
v -0.705690 5.316340 1.007303
v -0.705690 5.921817 1.007302
v -0.669469 5.949079 1.001930
v -0.669476 5.289079 1.001939
v -0.705690 5.316340 1.007303
v -0.850276 5.316340 0.888644
v -0.890628 5.289079 0.890626
v -0.699762 5.289079 1.047266
v -0.850276 5.316340 0.888644
v -0.705690 5.316340 1.007303
v -0.669476 5.289079 1.001939
v -0.852081 5.289079 0.852079
v -0.850276 5.316340 0.888644
v -0.850276 5.921817 0.888644
v -0.890628 5.949079 0.890626
v -0.890628 5.289079 0.890626
v -0.850276 5.921817 0.888644
v -0.850276 5.316340 0.888644
v -0.852081 5.289079 0.852079
v -0.852073 5.949079 0.852071
v 1.200684 5.921816 -0.266495
v 1.146388 5.921816 -0.445485
v 1.163661 5.949078 -0.482006
v 1.235336 5.949078 -0.245725
v 1.146388 5.921816 -0.445485
v 1.200684 5.921816 -0.266495
v 1.181859 5.949078 -0.235088
v 1.113287 5.949078 -0.461140
v 1.208597 5.976340 -0.240407
v 1.235336 5.949078 -0.245725
v 1.208597 5.976340 -0.240407
v 1.181859 5.949078 -0.235088
v 1.146388 5.921816 -0.445485
v 1.146388 5.316340 -0.445485
v 1.163661 5.289078 -0.482006
v 1.163661 5.949078 -0.482006
v 1.146388 5.316340 -0.445485
v 1.146388 5.921816 -0.445485
v 1.113287 5.949078 -0.461140
v 1.113297 5.289078 -0.461144
v 1.146388 5.316340 -0.445485
v 1.200684 5.316340 -0.266495
v 1.235336 5.289078 -0.245725
v 1.163661 5.289078 -0.482006
v 1.200684 5.316340 -0.266495
v 1.146388 5.316340 -0.445485
v 1.113297 5.289078 -0.461144
v 1.181870 5.289078 -0.235090
v 1.200684 5.316340 -0.266495
v 1.200684 5.921816 -0.266495
v 1.235336 5.949078 -0.245725
v 1.235336 5.289078 -0.245725
v 1.200684 5.921816 -0.266495
v 1.200684 5.316340 -0.266495
v 1.181870 5.289078 -0.235090
v 1.181859 5.949078 -0.235088
v -1.007304 5.921816 0.705688
v -0.888645 5.921817 0.850274
v -0.890628 5.949079 0.890626
v -1.047267 5.949078 0.699760
v -0.888645 5.921817 0.850274
v -1.007304 5.921816 0.705688
v -1.001931 5.949078 0.669468
v -0.852073 5.949079 0.852071
v -1.024599 5.976340 0.684614
v -1.047267 5.949078 0.699760
v -1.024599 5.976340 0.684614
v -1.001931 5.949078 0.669468
v -0.888645 5.921817 0.850274
v -0.888645 5.316340 0.850275
v -0.890628 5.289079 0.890626
v -0.890628 5.949079 0.890626
v -0.888645 5.316340 0.850275
v -0.888645 5.921817 0.850274
v -0.852073 5.949079 0.852071
v -0.852081 5.289079 0.852079
v -0.888645 5.316340 0.850275
v -1.007304 5.316340 0.705688
v -1.047267 5.289078 0.699760
v -0.890628 5.289079 0.890626
v -1.007304 5.316340 0.705688
v -0.888645 5.316340 0.850275
v -0.852081 5.289079 0.852079
v -1.001941 5.289078 0.669474
v -1.007304 5.316340 0.705688
v -1.007304 5.921816 0.705688
v -1.047267 5.949078 0.699760
v -1.047267 5.289078 0.699760
v -1.007304 5.921816 0.705688
v -1.007304 5.316340 0.705688
v -1.001941 5.289078 0.669474
v -1.001931 5.949078 0.669468
v 1.229603 5.921816 -0.027133
v 1.211270 5.921816 -0.213276
v 1.235336 5.949078 -0.245725
v 1.259537 5.949078 -0.000002
v 1.211270 5.921816 -0.213276
v 1.229603 5.921816 -0.027133
v 1.205013 5.949078 -0.000002
v 1.181859 5.949078 -0.235088
v 1.208597 5.976340 -0.240407
v 1.232275 5.976340 -0.000002
v 1.259537 5.949078 -0.000002
v 1.235336 5.949078 -0.245725
v 1.232275 5.976340 -0.000002
v 1.208597 5.976340 -0.240407
v 1.181859 5.949078 -0.235088
v 1.205013 5.949078 -0.000002
v 1.211270 5.921816 -0.213276
v 1.211270 5.316340 -0.213276
v 1.235336 5.289078 -0.245725
v 1.235336 5.949078 -0.245725
v 1.211270 5.316340 -0.213276
v 1.211270 5.921816 -0.213276
v 1.181859 5.949078 -0.235088
v 1.181870 5.289078 -0.235090
v 1.211270 5.316340 -0.213276
v 1.229603 5.316340 -0.027133
v 1.259538 5.289078 -0.000002
v 1.235336 5.289078 -0.245725
v 1.229603 5.316340 -0.027133
v 1.211270 5.316340 -0.213276
v 1.181870 5.289078 -0.235090
v 1.205024 5.289078 -0.000002
v 1.229603 5.316340 -0.027133
v 1.229603 5.921816 -0.027133
v 1.259537 5.949078 -0.000002
v 1.259538 5.289078 -0.000002
v 1.229603 5.921816 -0.027133
v 1.229603 5.316340 -0.027133
v 1.205024 5.289078 -0.000002
v 1.205013 5.949078 -0.000002
v -1.125623 5.921815 0.495613
v -1.037451 5.921816 0.660571
v -1.047267 5.949078 0.699760
v -1.163661 5.949078 0.482003
v -1.037451 5.921816 0.660571
v -1.125623 5.921815 0.495613
v -1.113287 5.949078 0.461137
v -1.001931 5.949078 0.669468
v -1.138474 5.976340 0.471570
v -1.163661 5.949078 0.482003
v -1.138474 5.976340 0.471570
v -1.113287 5.949078 0.461137
v -1.037451 5.921816 0.660571
v -1.037451 5.316340 0.660571
v -1.047267 5.289078 0.699760
v -1.047267 5.949078 0.699760
v -1.037451 5.316340 0.660571
v -1.037451 5.921816 0.660571
v -1.001931 5.949078 0.669468
v -1.001941 5.289078 0.669474
v -1.037451 5.316340 0.660571
v -1.125622 5.316340 0.495613
v -1.163661 5.289078 0.482003
v -1.047267 5.289078 0.699760
v -1.125622 5.316340 0.495613
v -1.037451 5.316340 0.660571
v -1.001941 5.289078 0.669474
v -1.113297 5.289078 0.461141
v -1.125622 5.316340 0.495613
v -1.125623 5.921815 0.495613
v -1.163661 5.949078 0.482003
v -1.163661 5.289078 0.482003
v -1.125623 5.921815 0.495613
v -1.125622 5.316340 0.495613
v -1.113297 5.289078 0.461141
v -1.113287 5.949078 0.461137
v 1.211270 5.921816 0.213272
v 1.229603 5.921816 0.027129
v 1.259537 5.949078 -0.000002
v 1.235336 5.949078 0.245722
v 1.229603 5.921816 0.027129
v 1.211270 5.921816 0.213272
v 1.181859 5.949078 0.235085
v 1.205013 5.949078 -0.000002
v 1.208597 5.976340 0.240403
v 1.235336 5.949078 0.245722
v 1.208597 5.976340 0.240403
v 1.181859 5.949078 0.235085
v 1.229603 5.921816 0.027129
v 1.229603 5.316340 0.027130
v 1.259538 5.289078 -0.000002
v 1.259537 5.949078 -0.000002
v 1.229603 5.316340 0.027130
v 1.229603 5.921816 0.027129
v 1.205013 5.949078 -0.000002
v 1.205024 5.289078 -0.000002
v 1.229603 5.316340 0.027130
v 1.211270 5.316340 0.213272
v 1.235336 5.289078 0.245722
v 1.259538 5.289078 -0.000002
v 1.211270 5.316340 0.213272
v 1.229603 5.316340 0.027130
v 1.205024 5.289078 -0.000002
v 1.181870 5.289078 0.235087
v 1.211270 5.316340 0.213272
v 1.211270 5.921816 0.213272
v 1.235336 5.949078 0.245722
v 1.235336 5.289078 0.245722
v 1.211270 5.921816 0.213272
v 1.211270 5.316340 0.213272
v 1.181870 5.289078 0.235087
v 1.181859 5.949078 0.235085
v -1.200684 5.921816 0.266492
v -1.146388 5.921816 0.445481
v -1.163661 5.949078 0.482003
v -1.235336 5.949078 0.245722
v -1.146388 5.921816 0.445481
v -1.200684 5.921816 0.266492
v -1.181859 5.949078 0.235085
v -1.113287 5.949078 0.461137
v -1.208597 5.976340 0.240403
v -1.235336 5.949078 0.245722
v -1.208597 5.976340 0.240403
v -1.181859 5.949078 0.235085
v -1.146388 5.921816 0.445481
v -1.146388 5.316340 0.445481
v -1.163661 5.289078 0.482003
v -1.163661 5.949078 0.482003
v -1.146388 5.316340 0.445481
v -1.146388 5.921816 0.445481
v -1.113287 5.949078 0.461137
v -1.113297 5.289078 0.461141
v -1.146388 5.316340 0.445481
v -1.200683 5.316340 0.266492
v -1.235336 5.289078 0.245722
v -1.163661 5.289078 0.482003
v -1.200683 5.316340 0.266492
v -1.146388 5.316340 0.445481
v -1.113297 5.289078 0.461141
v -1.181870 5.289078 0.235087
v -1.200683 5.316340 0.266492
v -1.200684 5.921816 0.266492
v -1.235336 5.949078 0.245722
v -1.235336 5.289078 0.245722
v -1.200684 5.921816 0.266492
v -1.200683 5.316340 0.266492
v -1.181870 5.289078 0.235087
v -1.181859 5.949078 0.235085
v 1.146388 5.921816 0.445481
v 1.200684 5.921816 0.266492
v 1.235336 5.949078 0.245722
v 1.163661 5.949078 0.482002
v 1.200684 5.921816 0.266492
v 1.146388 5.921816 0.445481
v 1.113287 5.949078 0.461137
v 1.181859 5.949078 0.235085
v 1.208597 5.976340 0.240403
v 1.138474 5.976340 0.471569
v 1.163661 5.949078 0.482002
v 1.235336 5.949078 0.245722
v 1.138474 5.976340 0.471569
v 1.208597 5.976340 0.240403
v 1.181859 5.949078 0.235085
v 1.113287 5.949078 0.461137
v 1.200684 5.921816 0.266492
v 1.200684 5.316340 0.266492
v 1.235336 5.289078 0.245722
v 1.235336 5.949078 0.245722
v 1.200684 5.316340 0.266492
v 1.200684 5.921816 0.266492
v 1.181859 5.949078 0.235085
v 1.181870 5.289078 0.235087
v 1.200684 5.316340 0.266492
v 1.146388 5.316340 0.445481
v 1.163661 5.289078 0.482003
v 1.235336 5.289078 0.245722
v 1.146388 5.316340 0.445481
v 1.200684 5.316340 0.266492
v 1.181870 5.289078 0.235087
v 1.113297 5.289078 0.461141
v 1.146388 5.316340 0.445481
v 1.146388 5.921816 0.445481
v 1.163661 5.949078 0.482002
v 1.163661 5.289078 0.482003
v 1.146388 5.921816 0.445481
v 1.146388 5.316340 0.445481
v 1.113297 5.289078 0.461141
v 1.113287 5.949078 0.461137
v -1.229603 5.921816 0.027129
v -1.211270 5.921816 0.213272
v -1.235336 5.949078 0.245722
v -1.259538 5.949078 -0.000002
v -1.211270 5.921816 0.213272
v -1.229603 5.921816 0.027129
v -1.205013 5.949078 -0.000002
v -1.181859 5.949078 0.235085
v -1.208597 5.976340 0.240403
v -1.232275 5.976340 -0.000002
v -1.259538 5.949078 -0.000002
v -1.235336 5.949078 0.245722
v -1.232275 5.976340 -0.000002
v -1.208597 5.976340 0.240403
v -1.181859 5.949078 0.235085
v -1.205013 5.949078 -0.000002
v -1.211270 5.921816 0.213272
v -1.211269 5.316340 0.213272
v -1.235336 5.289078 0.245722
v -1.235336 5.949078 0.245722
v -1.211269 5.316340 0.213272
v -1.211270 5.921816 0.213272
v -1.181859 5.949078 0.235085
v -1.181870 5.289078 0.235087
v -1.211269 5.316340 0.213272
v -1.229603 5.316340 0.027129
v -1.259538 5.289078 -0.000002
v -1.235336 5.289078 0.245722
v -1.229603 5.316340 0.027129
v -1.211269 5.316340 0.213272
v -1.181870 5.289078 0.235087
v -1.205024 5.289078 -0.000002
v -1.229603 5.316340 0.027129
v -1.229603 5.921816 0.027129
v -1.259538 5.949078 -0.000002
v -1.259538 5.289078 -0.000002
v -1.229603 5.921816 0.027129
v -1.229603 5.316340 0.027129
v -1.205024 5.289078 -0.000002
v -1.205013 5.949078 -0.000002
v 1.037451 5.921816 0.660570
v 1.125623 5.921816 0.495613
v 1.163661 5.949078 0.482002
v 1.047267 5.949078 0.699760
v 1.125623 5.921816 0.495613
v 1.037451 5.921816 0.660570
v 1.001932 5.949078 0.669466
v 1.113287 5.949078 0.461137
v 1.024599 5.976340 0.684614
v 1.047267 5.949078 0.699760
v 1.024599 5.976340 0.684614
v 1.001932 5.949078 0.669466
v 1.125623 5.921816 0.495613
v 1.125623 5.316340 0.495613
v 1.163661 5.289078 0.482003
v 1.163661 5.949078 0.482002
v 1.125623 5.316340 0.495613
v 1.125623 5.921816 0.495613
v 1.113287 5.949078 0.461137
v 1.113297 5.289078 0.461141
v 1.125623 5.316340 0.495613
v 1.037451 5.316340 0.660571
v 1.047267 5.289078 0.699760
v 1.163661 5.289078 0.482003
v 1.037451 5.316340 0.660571
v 1.125623 5.316340 0.495613
v 1.113297 5.289078 0.461141
v 1.001941 5.289078 0.669474
v 1.037451 5.316340 0.660571
v 1.037451 5.921816 0.660570
v 1.047267 5.949078 0.699760
v 1.047267 5.289078 0.699760
v 1.037451 5.921816 0.660570
v 1.037451 5.316340 0.660571
v 1.001941 5.289078 0.669474
v 1.001932 5.949078 0.669466
v -1.211270 5.921816 -0.213276
v -1.229603 5.921816 -0.027133
v -1.259538 5.949078 -0.000002
v -1.235336 5.949078 -0.245726
v -1.229603 5.921816 -0.027133
v -1.211270 5.921816 -0.213276
v -1.181859 5.949078 -0.235088
v -1.205013 5.949078 -0.000002
v -1.208597 5.976340 -0.240407
v -1.235336 5.949078 -0.245726
v -1.208597 5.976340 -0.240407
v -1.181859 5.949078 -0.235088
v -1.229603 5.921816 -0.027133
v -1.229603 5.316340 -0.027133
v -1.259538 5.289078 -0.000002
v -1.259538 5.949078 -0.000002
v -1.229603 5.316340 -0.027133
v -1.229603 5.921816 -0.027133
v -1.205013 5.949078 -0.000002
v -1.205024 5.289078 -0.000002
v -1.229603 5.316340 -0.027133
v -1.211269 5.316340 -0.213276
v -1.235336 5.289078 -0.245725
v -1.259538 5.289078 -0.000002
v -1.211269 5.316340 -0.213276
v -1.229603 5.316340 -0.027133
v -1.205024 5.289078 -0.000002
v -1.181870 5.289078 -0.235090
v -1.211269 5.316340 -0.213276
v -1.211270 5.921816 -0.213276
v -1.235336 5.949078 -0.245726
v -1.235336 5.289078 -0.245725
v -1.211270 5.921816 -0.213276
v -1.211269 5.316340 -0.213276
v -1.181870 5.289078 -0.235090
v -1.181859 5.949078 -0.235088
v 0.888645 5.921817 0.850274
v 1.007304 5.921816 0.705688
v 1.047267 5.949078 0.699760
v 0.890628 5.949079 0.890626
v 1.007304 5.921816 0.705688
v 0.888645 5.921817 0.850274
v 0.852073 5.949079 0.852071
v 1.001932 5.949078 0.669466
v 0.871350 5.976341 0.871348
v 0.890628 5.949079 0.890626
v 0.871350 5.976341 0.871348
v 0.852073 5.949079 0.852071
v 1.007304 5.921816 0.705688
v 1.007304 5.316340 0.705688
v 1.047267 5.289078 0.699760
v 1.047267 5.949078 0.699760
v 1.007304 5.316340 0.705688
v 1.007304 5.921816 0.705688
v 1.001932 5.949078 0.669466
v 1.001941 5.289078 0.669474
v 1.007304 5.316340 0.705688
v 0.888645 5.316340 0.850275
v 0.890628 5.289079 0.890626
v 1.047267 5.289078 0.699760
v 0.888645 5.316340 0.850275
v 1.007304 5.316340 0.705688
v 1.001941 5.289078 0.669474
v 0.852081 5.289079 0.852079
v 0.888645 5.316340 0.850275
v 0.888645 5.921817 0.850274
v 0.890628 5.949079 0.890626
v 0.890628 5.289079 0.890626
v 0.888645 5.921817 0.850274
v 0.888645 5.316340 0.850275
v 0.852081 5.289079 0.852079
v 0.852073 5.949079 0.852071
v -1.146388 5.921816 -0.445485
v -1.200684 5.921816 -0.266495
v -1.235336 5.949078 -0.245726
v -1.163661 5.949078 -0.482006
v -1.200684 5.921816 -0.266495
v -1.146388 5.921816 -0.445485
v -1.113286 5.949078 -0.461141
v -1.181859 5.949078 -0.235088
v -1.208597 5.976340 -0.240407
v -1.235336 5.949078 -0.245726
v -1.208597 5.976340 -0.240407
v -1.181859 5.949078 -0.235088
v -1.200684 5.921816 -0.266495
v -1.200683 5.316340 -0.266495
v -1.235336 5.289078 -0.245725
v -1.235336 5.949078 -0.245726
v -1.200683 5.316340 -0.266495
v -1.200684 5.921816 -0.266495
v -1.181859 5.949078 -0.235088
v -1.181870 5.289078 -0.235090
v -1.200683 5.316340 -0.266495
v -1.146387 5.316340 -0.445485
v -1.163661 5.289078 -0.482006
v -1.235336 5.289078 -0.245725
v -1.146387 5.316340 -0.445485
v -1.200683 5.316340 -0.266495
v -1.181870 5.289078 -0.235090
v -1.113297 5.289078 -0.461145
v -1.146387 5.316340 -0.445485
v -1.146388 5.921816 -0.445485
v -1.163661 5.949078 -0.482006
v -1.163661 5.289078 -0.482006
v -1.146388 5.921816 -0.445485
v -1.146387 5.316340 -0.445485
v -1.113297 5.289078 -0.461145
v -1.113286 5.949078 -0.461141
v 0.705690 5.921817 1.007303
v 0.850276 5.921817 0.888644
v 0.890628 5.949079 0.890626
v 0.699762 5.949079 1.047266
v 0.850276 5.921817 0.888644
v 0.705690 5.921817 1.007303
v 0.669469 5.949079 1.001930
v 0.852073 5.949079 0.852071
v 0.850276 5.921817 0.888644
v 0.850276 5.316340 0.888644
v 0.890628 5.289079 0.890626
v 0.890628 5.949079 0.890626
v 0.850276 5.316340 0.888644
v 0.850276 5.921817 0.888644
v 0.852073 5.949079 0.852071
v 0.852081 5.289079 0.852079
v 0.850276 5.316340 0.888644
v 0.705690 5.316340 1.007303
v 0.699762 5.289079 1.047266
v 0.890628 5.289079 0.890626
v 0.705690 5.316340 1.007303
v 0.850276 5.316340 0.888644
v 0.852081 5.289079 0.852079
v 0.669476 5.289079 1.001940
v 0.705690 5.316340 1.007303
v 0.705690 5.921817 1.007303
v 0.699762 5.949079 1.047266
v 0.699762 5.289079 1.047266
v 0.705690 5.921817 1.007303
v 0.705690 5.316340 1.007303
v 0.669476 5.289079 1.001940
v 0.669469 5.949079 1.001930
v 1.235336 5.289078 -0.245725
v 1.163661 5.289078 -0.482006
v 1.113297 5.289078 -0.461144
v 1.181870 5.289078 -0.235090
v -0.890628 5.289079 0.890626
v -0.699762 5.289079 1.047266
v -0.669476 5.289079 1.001939
v -0.852081 5.289079 0.852079
v 1.047267 5.289078 -0.699763
v 1.001941 5.289078 -0.669477
v 0.000000 5.289078 -1.259539
v -0.245723 5.289078 -1.235338
v -0.235088 5.289078 -1.181872
v 0.000000 5.289078 -1.205026
v 0.890628 5.289078 -0.890629
v 0.852081 5.289078 -0.852082
v -1.047267 5.289078 0.699760
v -1.001941 5.289078 0.669474
v 1.259538 5.289078 -0.000002
v 1.205024 5.289078 -0.000002
v -1.163661 5.289078 0.482003
v -1.113297 5.289078 0.461141
v 1.235336 5.289078 0.245722
v 1.181870 5.289078 0.235087
v -1.235336 5.289078 0.245722
v -1.181870 5.289078 0.235087
v 1.163661 5.289078 0.482003
v 1.113297 5.289078 0.461141
v -1.259538 5.289078 -0.000002
v -1.205024 5.289078 -0.000002
v 1.047267 5.289078 0.699760
v 1.001941 5.289078 0.669474
v -1.235336 5.289078 -0.245725
v -1.181870 5.289078 -0.235090
v 0.890628 5.289079 0.890626
v 0.852081 5.289079 0.852079
v -1.163661 5.289078 -0.482006
v -1.113297 5.289078 -0.461145
v 0.699762 5.289079 1.047266
v 0.669476 5.289079 1.001940
v -1.047267 5.289078 -0.699763
v -1.001941 5.289078 -0.669477
v 0.482004 5.289079 1.163659
v 0.461143 5.289079 1.113296
v 0.245724 5.289078 -1.235337
v 0.235089 5.289078 -1.181872
v -0.890628 5.289078 -0.890629
v -0.852081 5.289078 -0.852082
v 0.245724 5.289079 1.235335
v 0.235089 5.289079 1.181869
v 0.482004 5.289078 -1.163663
v 0.461143 5.289078 -1.113299
v -0.699762 5.289078 -1.047269
v -0.669476 5.289078 -1.001943
v 0.000000 5.289079 1.259536
v 0.000000 5.289079 1.205023
v 0.699762 5.289078 -1.047269
v 0.669476 5.289078 -1.001943
v -0.482004 5.289078 -1.163663
v -0.461143 5.289078 -1.113299
v 0.000000 8.219604 -0.377875
v 0.000000 8.282456 -0.260286
v 0.050779 8.282456 -0.255285
v 0.073719 8.219604 -0.370614
v 0.000000 8.135019 -0.480942
v 0.093827 8.135019 -0.471702
v 0.000000 8.031951 -0.565528
v 0.000000 8.135019 -0.480942
v 0.093827 8.135019 -0.471702
v 0.110328 8.031951 -0.554662
v 0.000000 7.914361 -0.628381
v 0.122590 7.914361 -0.616307
v 0.000000 7.786770 -0.667085
v 0.130141 7.786770 -0.654268
v 0.000000 7.654078 -0.680154
v 0.132691 7.654078 -0.667085
v 0.000000 8.321160 -0.132694
v 0.025887 8.321160 -0.130145
v 0.050779 8.282456 -0.255285
v 0.025887 8.321160 -0.130145
v 0.050779 8.321160 -0.122594
v 0.099606 8.282456 -0.240473
v 0.073719 8.219604 -0.370614
v 0.144605 8.219604 -0.349111
v 0.093827 8.135019 -0.471702
v 0.184048 8.135019 -0.444333
v 0.110328 8.031951 -0.554662
v 0.093827 8.135019 -0.471702
v 0.184048 8.135019 -0.444333
v 0.216417 8.031951 -0.522480
v 0.122590 7.914361 -0.616307
v 0.240470 7.914361 -0.580548
v 0.130141 7.786770 -0.654268
v 0.255281 7.786770 -0.616307
v 0.132691 7.654078 -0.667085
v 0.260283 7.654078 -0.628381
v 0.370611 7.786770 -0.554662
v 0.377872 7.654078 -0.565528
v 0.073719 8.321160 -0.110332
v 0.144605 8.282456 -0.216420
v 0.209934 8.219604 -0.314192
v 0.267196 8.135019 -0.399890
v 0.267196 8.135019 -0.399890
v 0.314189 8.031951 -0.470220
v 0.349108 7.914361 -0.522480
v 0.314189 8.031951 -0.470220
v 0.267196 8.135019 -0.399890
v 0.340075 8.135019 -0.340079
v 0.399886 8.031951 -0.399890
v 0.349108 7.914361 -0.522480
v 0.314189 8.031951 -0.470220
v 0.399886 8.031951 -0.399890
v 0.444330 7.914361 -0.444333
v 0.370611 7.786770 -0.554662
v 0.471698 7.786770 -0.471701
v 0.377872 7.654078 -0.565528
v 0.480939 7.654078 -0.480943
v 0.144605 8.282456 -0.216420
v 0.073719 8.321160 -0.110332
v 0.093827 8.321160 -0.093830
v 0.184048 8.282456 -0.184051
v 0.209934 8.219604 -0.314192
v 0.267196 8.219604 -0.267199
v 0.110328 8.321160 -0.073723
v 0.216417 8.282456 -0.144609
v 0.314189 8.219604 -0.209938
v 0.399886 8.135019 -0.267199
v 0.470217 8.031951 -0.314192
v 0.444330 7.914361 -0.444333
v 0.399886 8.031951 -0.399890
v 0.470217 8.031951 -0.314192
v 0.522477 7.914361 -0.349111
v 0.471698 7.786770 -0.471701
v 0.554658 7.786770 -0.370614
v 0.480939 7.654078 -0.480943
v 0.565525 7.654078 -0.377875
v 0.522477 7.914361 -0.349111
v 0.470217 8.031951 -0.314192
v 0.522477 8.031951 -0.216420
v 0.580545 7.914361 -0.240473
v 0.554658 7.786770 -0.370614
v 0.616303 7.786770 -0.255285
v 0.565525 7.654078 -0.377875
v 0.628377 7.654078 -0.260286
v 0.216417 8.282456 -0.144609
v 0.110328 8.321160 -0.073723
v 0.122590 8.321160 -0.050782
v 0.240470 8.282456 -0.099609
v 0.314189 8.219604 -0.209938
v 0.349108 8.219604 -0.144609
v 0.399886 8.135019 -0.267199
v 0.444330 8.135019 -0.184051
v 0.399886 8.135019 -0.267199
v 0.444330 8.135019 -0.184051
v 0.130141 8.321160 -0.025890
v 0.255281 8.282456 -0.050782
v 0.370611 8.219604 -0.073723
v 0.471698 8.135019 -0.093830
v 0.471698 8.135019 -0.093830
v 0.554658 8.031951 -0.110332
v 0.616303 7.914361 -0.122594
v 0.654264 7.786770 -0.130145
v 0.667082 7.654078 -0.132694
v 0.616303 7.914361 -0.122594
v 0.554658 8.031951 -0.110332
v 0.565525 8.031951 -0.000003
v 0.628377 7.914361 -0.000003
v 0.654264 7.786770 -0.130145
v 0.667082 7.786770 -0.000003
v 0.667082 7.654078 -0.132694
v 0.680151 7.654078 -0.000003
v 0.255281 8.282456 -0.050782
v 0.130141 8.321160 -0.025890
v 0.132691 8.321160 -0.000003
v 0.260282 8.282456 -0.000003
v 0.370611 8.219604 -0.073723
v 0.377872 8.219604 -0.000003
v 0.471698 8.135019 -0.093830
v 0.480939 8.135019 -0.000003
v 0.471698 8.135019 -0.093830
v 0.480939 8.135019 -0.000003
v 0.255281 8.282456 0.050775
v 0.370611 8.219604 0.073716
v 0.471698 8.135019 0.093823
v 0.471698 8.135019 0.093823
v 0.554658 8.031951 0.110325
v 0.616303 7.914361 0.122587
v 0.654264 7.786770 0.130138
v 0.667082 7.654078 0.132688
v 0.130141 8.321160 0.025883
v 0.654264 7.786770 0.130138
v 0.616303 7.914361 0.122587
v 0.580545 7.914361 0.240466
v 0.616303 7.786770 0.255278
v 0.667082 7.654078 0.132688
v 0.628377 7.654078 0.260279
v 0.255281 8.282456 0.050775
v 0.130141 8.321160 0.025883
v 0.122590 8.321160 0.050775
v 0.240470 8.282456 0.099602
v 0.370611 8.219604 0.073716
v 0.349108 8.219604 0.144602
v 0.471698 8.135019 0.093823
v 0.444330 8.135019 0.184044
v 0.554658 8.031951 0.110325
v 0.471698 8.135019 0.093823
v 0.444330 8.135019 0.184044
v 0.522477 8.031951 0.216414
v 0.216417 8.282456 0.144602
v 0.314189 8.219604 0.209931
v 0.399886 8.135019 0.267192
v 0.399886 8.135019 0.267192
v 0.470216 8.031951 0.314185
v 0.522476 7.914361 0.349104
v 0.554658 7.786770 0.370608
v 0.565525 7.654078 0.377868
v 0.110328 8.321160 0.073716
v 0.554658 7.786770 0.370608
v 0.522476 7.914361 0.349104
v 0.444330 7.914361 0.444327
v 0.471698 7.786770 0.471695
v 0.565525 7.654078 0.377868
v 0.480939 7.654078 0.480936
v 0.216417 8.282456 0.144602
v 0.110328 8.321160 0.073716
v 0.093827 8.321160 0.093823
v 0.184047 8.282456 0.184044
v 0.314189 8.219604 0.209931
v 0.267195 8.219604 0.267192
v 0.399886 8.135019 0.267192
v 0.340075 8.135019 0.340072
v 0.470216 8.031951 0.314185
v 0.399886 8.031951 0.399883
v 0.470216 8.031951 0.314185
v 0.399886 8.031951 0.399883
v 0.209934 8.219604 0.314185
v 0.267195 8.135019 0.399883
v 0.314189 8.031951 0.470213
v 0.444330 7.914361 0.444327
v 0.399886 8.031951 0.399883
v 0.314189 8.031951 0.470213
v 0.349108 7.914361 0.522473
v 0.471698 7.786770 0.471695
v 0.370611 7.786770 0.554655
v 0.480939 7.654078 0.480936
v 0.377871 7.654078 0.565521
v 0.073719 8.321160 0.110325
v 0.144605 8.282456 0.216414
v 0.377871 7.654078 0.565521
v 0.370611 7.786770 0.554655
v 0.255281 7.786770 0.616300
v 0.260282 7.654078 0.628374
v 0.144605 8.282456 0.216414
v 0.073719 8.321160 0.110325
v 0.050779 8.321160 0.122587
v 0.099606 8.282456 0.240466
v 0.209934 8.219604 0.314185
v 0.144605 8.219604 0.349104
v 0.267195 8.135019 0.399883
v 0.184047 8.135019 0.444326
v 0.314189 8.031951 0.470213
v 0.267195 8.135019 0.399883
v 0.184047 8.135019 0.444326
v 0.216417 8.031951 0.522473
v 0.349108 7.914361 0.522473
v 0.240469 7.914361 0.580541
v 0.093827 8.135019 0.471695
v 0.110328 8.031951 0.554655
v 0.122590 7.914361 0.616300
v 0.130141 7.786770 0.654261
v 0.132691 7.654078 0.667078
v 0.025887 8.321160 0.130138
v 0.050779 8.282456 0.255278
v 0.073719 8.219604 0.370607
v 0.093827 8.135019 0.471695
v 0.050779 8.282456 0.255278
v 0.025887 8.321160 0.130138
v 0.000000 8.321160 0.132687
v 0.000000 8.282456 0.260279
v 0.073719 8.219604 0.370607
v 0.000000 8.219604 0.377868
v 0.093827 8.135019 0.471695
v 0.000000 8.135019 0.480936
v 0.110328 8.031951 0.554655
v 0.093827 8.135019 0.471695
v 0.000000 8.135019 0.480936
v 0.000000 8.031951 0.565521
v 0.122590 7.914361 0.616300
v 0.000000 7.914361 0.628374
v 0.130141 7.786770 0.654261
v 0.000000 7.786770 0.667078
v 0.000000 7.654080 -0.755726
v -0.147434 7.654080 -0.741205
v -0.132691 7.654078 -0.667085
v 0.000000 7.654078 -0.680154
v 0.132691 7.654078 0.667078
v 0.000000 7.654078 0.680147
v -0.093827 8.135019 0.471695
v -0.110328 8.031951 0.554655
v -0.122590 7.914361 0.616300
v -0.130141 7.786770 0.654261
v -0.132691 7.654078 0.667078
v -0.025887 8.321160 0.130138
v -0.050779 8.282456 0.255278
v -0.073719 8.219604 0.370607
v -0.093827 8.135019 0.471695
v -0.050779 8.282456 0.255278
v -0.025887 8.321160 0.130138
v -0.050779 8.321160 0.122587
v -0.099606 8.282456 0.240466
v -0.073719 8.219604 0.370607
v -0.144605 8.219604 0.349104
v -0.093827 8.135019 0.471695
v -0.184047 8.135019 0.444326
v -0.110328 8.031951 0.554655
v -0.093827 8.135019 0.471695
v -0.184047 8.135019 0.444326
v -0.216417 8.031951 0.522473
v -0.122590 7.914361 0.616300
v -0.240470 7.914361 0.580541
v -0.130141 7.786770 0.654261
v -0.255281 7.786770 0.616300
v -0.132691 7.654078 0.667078
v -0.260282 7.654078 0.628374
v 0.093827 8.365162 0.093823
v 0.046913 8.365162 0.046910
v 0.025389 8.365162 0.061292
v 0.050779 8.365162 0.122587
v -0.314189 8.031951 0.470213
v -0.349108 7.914361 0.522473
v -0.370611 7.786770 0.554655
v -0.377871 7.654078 0.565521
v -0.073719 8.321160 0.110325
v -0.144605 8.282456 0.216413
v -0.209934 8.219604 0.314185
v -0.267195 8.135019 0.399883
v -0.267195 8.135019 0.399883
v -0.144605 8.282456 0.216413
v -0.073719 8.321160 0.110325
v -0.093827 8.321160 0.093823
v -0.184047 8.282456 0.184044
v -0.209934 8.219604 0.314185
v -0.267195 8.219604 0.267192
v -0.267195 8.135019 0.399883
v -0.340075 8.135019 0.340072
v -0.314189 8.031951 0.470213
v -0.399886 8.031951 0.399883
v -0.349108 7.914361 0.522473
v -0.314189 8.031951 0.470213
v -0.399886 8.031951 0.399883
v -0.444330 7.914361 0.444326
v -0.370611 7.786770 0.554655
v -0.471698 7.786770 0.471695
v -0.377871 7.654078 0.565521
v -0.480939 7.654078 0.480936
v -0.444330 7.914361 0.444326
v -0.399886 8.031951 0.399883
v -0.470216 8.031951 0.314185
v -0.522476 7.914361 0.349104
v -0.471698 7.786770 0.471695
v -0.554658 7.786770 0.370607
v -0.480939 7.654078 0.480936
v -0.565525 7.654078 0.377868
v -0.110328 8.321160 0.073716
v -0.216417 8.282456 0.144602
v -0.314189 8.219604 0.209931
v -0.399886 8.135019 0.267192
v -0.470216 8.031951 0.314185
v -0.314189 8.219604 0.209931
v -0.216417 8.282456 0.144602
v -0.240470 8.282456 0.099602
v -0.349108 8.219604 0.144602
v -0.399886 8.135019 0.267192
v -0.444330 8.135019 0.184044
v -0.470216 8.031951 0.314185
v -0.399886 8.135019 0.267192
v -0.444330 8.135019 0.184044
v -0.522476 8.031951 0.216413
v -0.522476 7.914361 0.349104
v -0.580545 7.914361 0.240466
v -0.554658 7.786770 0.370607
v -0.616303 7.786770 0.255278
v -0.565525 7.654078 0.377868
v -0.628377 7.654078 0.260279
v -0.110328 8.321160 0.073716
v -0.122590 8.321160 0.050775
v -0.616303 7.914361 0.122587
v -0.654264 7.786770 0.130138
v -0.667082 7.654078 0.132687
v -0.130141 8.321160 0.025883
v -0.255281 8.282456 0.050775
v -0.370611 8.219604 0.073716
v -0.471698 8.135019 0.093823
v -0.471698 8.135019 0.093823
v -0.554658 8.031951 0.110325
v -0.471698 8.135019 0.093823
v -0.370611 8.219604 0.073716
v -0.377871 8.219604 -0.000004
v -0.480939 8.135019 -0.000003
v -0.554658 8.031951 0.110325
v -0.471698 8.135019 0.093823
v -0.480939 8.135019 -0.000003
v -0.565524 8.031951 -0.000003
v -0.616303 7.914361 0.122587
v -0.628377 7.914361 -0.000004
v -0.654264 7.786770 0.130138
v -0.667082 7.786770 -0.000003
v -0.667082 7.654078 0.132687
v -0.680151 7.654078 -0.000003
v -0.255281 8.282456 0.050775
v -0.130141 8.321160 0.025883
v -0.132691 8.321160 -0.000004
v -0.260282 8.282456 -0.000003
v -0.654264 7.786770 -0.130145
v -0.667082 7.654078 -0.132694
v -0.130141 8.321160 -0.025890
v -0.255281 8.282456 -0.050782
v -0.370611 8.219604 -0.073723
v -0.471698 8.135019 -0.093830
v -0.471698 8.135019 -0.093830
v -0.554658 8.031951 -0.110332
v -0.616303 7.914361 -0.122594
v -0.471698 8.135019 -0.093830
v -0.370611 8.219604 -0.073723
v -0.349108 8.219604 -0.144609
v -0.444330 8.135019 -0.184051
v -0.554658 8.031951 -0.110332
v -0.471698 8.135019 -0.093830
v -0.444330 8.135019 -0.184051
v -0.522476 8.031951 -0.216420
v -0.616303 7.914361 -0.122594
v -0.580545 7.914361 -0.240473
v -0.654264 7.786770 -0.130145
v -0.616303 7.786770 -0.255285
v -0.667082 7.654078 -0.132694
v -0.628377 7.654078 -0.260286
v -0.255281 8.282456 -0.050782
v -0.130141 8.321160 -0.025890
v -0.122590 8.321160 -0.050782
v -0.240470 8.282456 -0.099609
v -0.554658 7.786770 -0.370614
v -0.565524 7.654078 -0.377875
v -0.110328 8.321160 -0.073723
v -0.216417 8.282456 -0.144609
v -0.314189 8.219604 -0.209938
v -0.399886 8.135019 -0.267199
v -0.399886 8.135019 -0.267199
v -0.470216 8.031951 -0.314192
v -0.522476 7.914361 -0.349111
v -0.470216 8.031951 -0.314192
v -0.399886 8.135019 -0.267199
v -0.340075 8.135019 -0.340079
v -0.399886 8.031951 -0.399889
v -0.522476 7.914361 -0.349111
v -0.470216 8.031951 -0.314192
v -0.399886 8.031951 -0.399889
v -0.444329 7.914361 -0.444333
v -0.554658 7.786770 -0.370614
v -0.471698 7.786770 -0.471701
v -0.565524 7.654078 -0.377875
v -0.480939 7.654078 -0.480942
v -0.216417 8.282456 -0.144609
v -0.110328 8.321160 -0.073723
v -0.093827 8.321160 -0.093830
v -0.184047 8.282456 -0.184051
v -0.314189 8.219604 -0.209938
v -0.267195 8.219604 -0.267199
v -0.073719 8.321160 -0.110332
v -0.144605 8.282456 -0.216420
v -0.209934 8.219604 -0.314192
v -0.267195 8.135019 -0.399890
v -0.314188 8.031951 -0.470220
v -0.444329 7.914361 -0.444333
v -0.399886 8.031951 -0.399889
v -0.314188 8.031951 -0.470220
v -0.349107 7.914361 -0.522480
v -0.471698 7.786770 -0.471701
v -0.370611 7.786770 -0.554662
v -0.480939 7.654078 -0.480942
v -0.377871 7.654078 -0.565528
v -0.314188 8.031951 -0.470220
v -0.267195 8.135019 -0.399890
v -0.184047 8.135019 -0.444333
v -0.216417 8.031951 -0.522480
v -0.349107 7.914361 -0.522480
v -0.240469 7.914361 -0.580548
v -0.370611 7.786770 -0.554662
v -0.255281 7.786770 -0.616307
v -0.377871 7.654078 -0.565528
v -0.260282 7.654078 -0.628380
v -0.144605 8.282456 -0.216420
v -0.073719 8.321160 -0.110332
v -0.050779 8.321160 -0.122594
v -0.099606 8.282456 -0.240473
v -0.209934 8.219604 -0.314192
v -0.144605 8.219604 -0.349111
v -0.267195 8.135019 -0.399890
v -0.184047 8.135019 -0.444333
v -0.025887 8.321160 -0.130145
v -0.050778 8.282456 -0.255285
v -0.073719 8.219604 -0.370614
v -0.093827 8.135019 -0.471701
v -0.093827 8.135019 -0.471701
v -0.110328 8.031951 -0.554661
v -0.122590 7.914361 -0.616306
v -0.130141 7.786770 -0.654267
v -0.132691 7.654078 -0.667085
v -0.122590 7.914361 -0.616306
v -0.110328 8.031951 -0.554661
v -0.130141 7.786770 -0.654267
v -0.132691 7.654078 -0.667085
v -0.050778 8.282456 -0.255285
v -0.025887 8.321160 -0.130145
v -0.073719 8.219604 -0.370614
v -0.093827 8.135019 -0.471701
v -0.093827 8.135019 -0.471701
v -0.419857 7.654080 -0.628364
v -0.534377 7.654080 -0.534380
v -0.480939 7.654078 -0.480942
v -0.377871 7.654078 -0.565528
v -0.289202 7.654080 -0.698200
v -0.260282 7.654078 -0.628380
v -0.628360 7.654080 -0.419860
v -0.565524 7.654078 -0.377875
v -0.698196 7.654080 -0.289206
v -0.628377 7.654078 -0.260286
v -0.741201 7.654080 -0.147438
v -0.667082 7.654078 -0.132694
v -0.755722 7.654080 -0.000003
v -0.680151 7.654078 -0.000003
v -0.741201 7.654080 0.147431
v -0.667082 7.654078 0.132687
v -0.289202 7.654080 0.698193
v -0.147434 7.654080 0.741198
v -0.132691 7.654078 0.667078
v -0.260282 7.654078 0.628374
v -0.698197 7.654080 0.289199
v -0.628360 7.654080 0.419854
v -0.565525 7.654078 0.377868
v -0.628377 7.654078 0.260279
v -0.534376 7.654080 0.534373
v -0.480939 7.654078 0.480936
v -0.419857 7.654080 0.628357
v -0.377871 7.654078 0.565521
v 0.000000 7.654080 0.755719
v 0.000000 7.654078 0.680147
v 0.147434 7.654080 0.741198
v 0.132691 7.654078 0.667078
v 0.289203 7.654080 0.698194
v 0.260282 7.654078 0.628374
v 0.419857 7.654080 0.628357
v 0.377871 7.654078 0.565521
v 0.534377 7.654080 0.534373
v 0.480939 7.654078 0.480936
v 0.628361 7.654080 0.419854
v 0.565525 7.654078 0.377868
v 0.698197 7.654080 0.289199
v 0.628377 7.654078 0.260279
v 0.741202 7.654080 0.147431
v 0.667082 7.654078 0.132688
v 0.755723 7.654080 -0.000003
v 0.680151 7.654078 -0.000003
v 0.741202 7.654080 -0.147438
v 0.667082 7.654078 -0.132694
v 0.698197 7.654080 -0.289206
v 0.628377 7.654078 -0.260286
v 0.628361 7.654080 -0.419860
v 0.565525 7.654078 -0.377875
v 0.534377 7.654080 -0.534380
v 0.480939 7.654078 -0.480943
v 0.419857 7.654080 -0.628364
v 0.377872 7.654078 -0.565528
v 0.289203 7.654080 -0.698200
v 0.260283 7.654078 -0.628381
v 0.147434 7.654080 -0.741205
v 0.132691 7.654078 -0.667085
v 0.162178 7.626578 -0.815325
v 0.000000 7.626578 -0.831298
v 0.318123 7.626579 -0.768020
v 0.461843 7.626579 -0.691200
v 0.587815 7.626579 -0.587818
v 0.691197 7.626579 -0.461846
v 0.768017 7.626579 -0.318126
v 0.815322 7.626579 -0.162181
v 0.831295 7.626579 -0.000003
v 0.815322 7.626579 0.162174
v 0.768017 7.626579 0.318120
v 0.691197 7.626579 0.461839
v 0.587815 7.626579 0.587811
v 0.461843 7.626579 0.691193
v 0.318123 7.626579 0.768013
v 0.162178 7.626579 0.815319
v 0.000000 7.626579 0.831292
v -0.162177 7.626579 0.815319
v -0.815321 7.626579 0.162174
v -0.768016 7.626579 0.318120
v -0.461842 7.626579 0.691193
v -0.318122 7.626579 0.768013
v -0.587814 7.626579 0.587811
v -0.691196 7.626579 0.461840
v -0.831294 7.626579 -0.000003
v -0.815321 7.626579 -0.162181
v -0.768016 7.626579 -0.318126
v -0.691196 7.626579 -0.461846
v -0.587814 7.626579 -0.587818
v -0.162177 7.626578 -0.815325
v -0.318122 7.626579 -0.768020
v -0.461842 7.626579 -0.691200
v 0.132691 8.365162 -0.000003
v 0.066345 8.365162 -0.000003
v 0.061295 8.365162 0.025386
v 0.122590 8.365162 0.050775
v -0.093827 8.365162 -0.093830
v -0.122590 8.365162 -0.050782
v -0.061295 8.365162 -0.025393
v -0.046913 8.365162 -0.046917
v 0.044822 8.529158 -0.108213
v 0.037998 8.486109 -0.091739
v 0.000000 8.486109 -0.099297
v 0.000000 8.529158 -0.117129
v -0.132691 8.365162 -0.000004
v -0.066345 8.365162 -0.000003
v -0.122590 8.365162 0.050775
v -0.061295 8.365162 0.025386
v 0.050779 8.365162 -0.122594
v 0.000000 8.365162 -0.132694
v 0.000000 8.365162 -0.066349
v 0.025389 8.365162 -0.061299
v -0.093827 8.365162 0.093823
v -0.046913 8.365162 0.046910
v 0.122590 8.365162 -0.050782
v 0.061295 8.365162 -0.025393
v -0.050779 8.365162 0.122587
v -0.025389 8.365162 0.061292
v -0.050779 8.365162 -0.122594
v -0.025389 8.365162 -0.061299
v 0.093827 8.365162 -0.093830
v 0.046913 8.365162 -0.046917
v 0.000000 8.365162 0.132687
v 0.000000 8.365162 0.066342
v 0.044822 8.575752 -0.108213
v 0.000000 8.575752 -0.117129
v 0.025389 8.651748 -0.061299
v 0.000000 8.651748 -0.066350
v 0.037998 8.486109 -0.091739
v 0.026879 8.457054 -0.064895
v 0.000000 8.457054 -0.070242
v 0.000000 8.486109 -0.099297
v 0.061295 8.365162 -0.025393
v 0.046913 8.365162 -0.046917
v 0.046913 8.447708 -0.046917
v 0.061295 8.447708 -0.025393
v 0.000000 8.618801 -0.099297
v -0.044822 8.575752 -0.108213
v -0.037998 8.618801 -0.091739
v 0.082820 8.529158 -0.082823
v 0.070211 8.486109 -0.070215
v 0.016474 8.669580 -0.016478
v 0.046914 8.651748 -0.046917
v 0.061296 8.651748 -0.025393
v 0.091735 8.618801 -0.038002
v 0.070211 8.618801 -0.070215
v 0.070211 8.618801 -0.070215
v 0.082820 8.575752 -0.082823
v 0.037998 8.618801 -0.091739
v 0.037998 8.618801 -0.091739
v 0.108209 8.529158 -0.044825
v 0.091735 8.486109 -0.038002
v 0.070211 8.486109 -0.070215
v 0.082820 8.529158 -0.082823
v 0.010312 8.670438 -0.010315
v -0.008237 8.934571 0.008233
v -0.008237 8.673453 0.008233
v 0.000000 8.673453 0.011645
v 0.000000 8.931158 0.011645
v 0.066346 8.447708 -0.000004
v 0.066345 8.365162 -0.000003
v 0.099294 8.486109 -0.000004
v 0.070238 8.457054 -0.000004
v 0.064892 8.457054 -0.026883
v 0.091735 8.486109 -0.038002
v 0.091735 8.618801 -0.038002
v 0.108209 8.575752 -0.044825
v 0.082820 8.575752 -0.082823
v 0.070211 8.618801 -0.070215
v 0.117125 8.529158 -0.000004
v 0.099294 8.486109 -0.000004
v 0.008237 8.673453 -0.008241
v 0.000000 8.673453 -0.011652
v 0.000000 8.931158 -0.011652
v 0.008237 8.934571 -0.008241
v 0.066346 8.651748 -0.000004
v 0.099294 8.618801 -0.000004
v 0.061296 8.651748 -0.025393
v 0.091735 8.618801 0.037994
v 0.108209 8.575752 0.044818
v 0.117125 8.575752 -0.000004
v 0.108209 8.529158 0.044818
v 0.091735 8.486109 0.037995
v 0.066346 8.651748 -0.000004
v 0.000000 8.931158 0.011645
v 0.000000 8.673453 0.011645
v 0.008237 8.673453 0.008233
v 0.008237 8.934571 0.008233
v 0.008237 8.934571 0.008233
v 0.008237 8.673453 0.008233
v 0.011649 8.673453 -0.000004
v 0.011649 8.931158 -0.000004
v 0.061296 8.651748 0.025386
v 0.061295 8.447708 0.025386
v 0.061295 8.365162 0.025386
v 0.070211 8.618801 0.070208
v 0.082820 8.575752 0.082816
v 0.082820 8.529158 0.082816
v 0.070211 8.486109 0.070208
v 0.061296 8.651748 0.025386
v 0.037998 8.486109 0.091732
v 0.026879 8.457054 0.064888
v 0.049666 8.457054 0.049663
v 0.070211 8.486109 0.070208
v 0.044822 8.575752 0.108206
v 0.044822 8.529158 0.108206
v 0.082820 8.529158 0.082816
v 0.082820 8.575752 0.082816
v 0.037998 8.486109 0.091732
v 0.070211 8.486109 0.070208
v 0.046914 8.651748 0.046910
v 0.070211 8.618801 0.070208
v 0.091735 8.618801 0.037994
v 0.037998 8.618801 0.091732
v 0.070211 8.618801 0.070208
v 0.046913 8.365162 0.046910
v 0.046913 8.447708 0.046910
v 0.025389 8.447708 0.061292
v 0.025389 8.365162 0.061292
v 0.000000 8.529158 0.117121
v 0.000000 8.486109 0.099290
v 0.000000 8.575752 0.117121
v 0.025389 8.651748 0.061292
v 0.037998 8.618801 0.091732
v -0.025389 8.365162 0.061292
v -0.025389 8.447708 0.061292
v -0.046913 8.447708 0.046910
v -0.046913 8.365162 0.046910
v -0.044822 8.529158 0.108206
v -0.037998 8.486109 0.091732
v -0.044822 8.575752 0.108206
v 0.000000 8.651748 0.066342
v 0.025389 8.651748 0.061292
v 0.000000 8.651748 0.066342
v 0.000000 8.618801 0.099290
v 0.008237 8.934571 -0.008241
v 0.011649 8.931158 -0.000004
v 0.011649 8.673453 -0.000004
v 0.008237 8.673453 -0.008241
v -0.082820 8.529158 0.082816
v -0.070211 8.486109 0.070208
v -0.046914 8.651748 0.046910
v -0.025390 8.651748 0.061292
v -0.025390 8.651748 0.061292
v -0.037998 8.618801 0.091732
v 0.000000 8.365162 0.066342
v 0.000000 8.447708 0.066342
v -0.008237 8.934571 -0.008241
v -0.008237 8.673453 -0.008241
v -0.011649 8.673453 -0.000004
v -0.011649 8.931158 -0.000004
v -0.082820 8.575752 0.082816
v -0.108209 8.529158 0.044818
v -0.091735 8.486109 0.037994
v -0.070211 8.486109 0.070208
v -0.082820 8.529158 0.082816
v -0.070211 8.618801 0.070208
v -0.037998 8.618801 0.091732
v -0.046913 8.365162 0.046910
v -0.046913 8.447708 0.046910
v -0.061295 8.447708 0.025386
v -0.061295 8.365162 0.025386
v -0.070211 8.618801 0.070208
v -0.061296 8.651748 0.025386
v -0.091735 8.618801 0.037994
v -0.070211 8.486109 0.070208
v -0.049666 8.457054 0.049663
v -0.026879 8.457054 0.064888
v -0.037998 8.486109 0.091732
v -0.108209 8.575752 0.044818
v -0.082820 8.575752 0.082816
v -0.066346 8.651748 -0.000004
v -0.099294 8.486109 -0.000004
v -0.070238 8.457054 -0.000004
v -0.064892 8.457054 0.026876
v -0.091735 8.486109 0.037994
v -0.070211 8.618801 0.070208
v -0.091735 8.618801 0.037994
v -0.117125 8.529158 -0.000004
v -0.099294 8.486109 -0.000004
v -0.108209 8.529158 -0.044825
v -0.091735 8.486109 -0.038002
v -0.011649 8.673453 -0.000004
v -0.008237 8.673453 0.008233
v -0.008237 8.934571 0.008233
v -0.011649 8.931158 -0.000004
v -0.066346 8.651748 -0.000004
v -0.099294 8.618801 -0.000004
v -0.061296 8.651748 0.025386
v -0.066346 8.447708 -0.000004
v -0.066345 8.365162 -0.000003
v -0.117125 8.575752 -0.000004
v -0.046913 8.365162 -0.046917
v -0.046913 8.447708 -0.046917
v -0.025389 8.447708 -0.061299
v -0.025389 8.365162 -0.061299
v -0.061296 8.651748 -0.025393
v -0.061296 8.651748 -0.025393
v -0.091735 8.618801 -0.038002
v -0.061295 8.447708 -0.025393
v -0.061295 8.365162 -0.025393
v -0.108209 8.575752 -0.044825
v -0.082820 8.529158 -0.082823
v -0.070211 8.486109 -0.070215
v -0.046914 8.651748 -0.046917
v -0.025389 8.651748 -0.061299
v -0.037998 8.618801 -0.091739
v -0.070211 8.618801 -0.070215
v -0.070211 8.618801 -0.070215
v -0.082820 8.575752 -0.082823
v -0.091735 8.618801 -0.038002
v -0.044822 8.529158 -0.108213
v -0.037998 8.486109 -0.091739
v -0.070211 8.486109 -0.070215
v -0.082820 8.529158 -0.082823
v 0.000000 8.447708 -0.066349
v 0.000000 8.365162 -0.066349
v -0.082820 8.575752 -0.082823
v -0.070211 8.618801 -0.070215
v 0.025389 8.651748 -0.061299
v 0.000000 8.651748 -0.066350
v -0.025389 8.651748 -0.061299
v 0.000000 8.457054 0.070235
v 0.000000 8.486109 0.099290
v -0.037998 8.486109 -0.091739
v -0.026879 8.457054 -0.064895
v -0.049666 8.457054 -0.049670
v -0.070211 8.486109 -0.070215
v 0.070211 8.486109 -0.070215
v 0.049666 8.457054 -0.049670
v -0.064892 8.457054 -0.026883
v -0.091735 8.486109 -0.038002
v 0.046913 8.447708 0.046910
v 0.046913 8.365162 0.046910
v -0.046913 8.447708 -0.046917
v -0.046913 8.365162 -0.046917
v 0.064892 8.457054 0.026876
v 0.091735 8.486109 0.037995
v 0.025389 8.365162 -0.061299
v 0.025389 8.447708 -0.061299
v 0.046913 8.447708 -0.046917
v 0.046913 8.365162 -0.046917
v -0.137500 8.937490 0.008233
v -0.137500 8.934078 -0.000004
v -0.014568 8.934078 -0.000004
v -0.011156 8.937490 0.008233
v -0.011649 9.220727 -0.000004
v -0.011649 8.960294 -0.000004
v -0.008237 8.956883 0.008233
v -0.008237 9.220727 0.008233
v -0.011649 8.945726 0.014564
v -0.008237 8.937490 0.011152
v -0.008237 8.937490 0.137496
v -0.011649 8.945726 0.137496
v -0.008237 8.937490 -0.011160
v -0.011649 8.945726 -0.014572
v -0.011649 8.945726 -0.137504
v -0.008237 8.937490 -0.137504
v -0.008237 8.953965 -0.011160
v 0.000000 8.957376 -0.014572
v 0.000000 8.957376 -0.137504
v -0.008237 8.953965 -0.137504
v 0.000000 8.934078 -0.014572
v 0.000000 8.934078 -0.137504
v 0.008237 8.937490 -0.137504
v 0.008237 8.937490 -0.011160
v 0.008237 8.953965 -0.011160
v 0.011649 8.945726 -0.014572
v 0.011649 8.945726 -0.137504
v 0.008237 8.953965 -0.137504
v 0.011649 9.220727 -0.000004
v 0.008237 9.220727 0.008233
v 0.008237 8.956883 0.008233
v 0.011649 8.960294 -0.000004
v 0.008237 8.956883 0.008233
v 0.008237 9.220727 0.008233
v 0.000000 9.220727 0.011645
v 0.000000 8.960294 0.011645
v -0.137500 8.945726 0.011645
v -0.137500 8.937490 0.008233
v -0.011156 8.937490 0.008233
v -0.014568 8.945726 0.011645
v 0.000000 8.960294 0.011645
v 0.000000 9.220727 0.011645
v -0.008237 9.220727 0.008233
v -0.008237 8.956883 0.008233
v -0.011649 8.945726 -0.137504
v -0.011649 8.945726 -0.014572
v -0.008237 8.953965 -0.011160
v -0.008237 8.953965 -0.137504
v 0.008237 8.953965 0.011152
v 0.008237 8.953965 0.137496
v 0.011649 8.945726 0.137496
v 0.011649 8.945726 0.014564
v 0.000000 9.220727 -0.011653
v 0.008237 9.220727 -0.008241
v 0.008237 8.956883 -0.008241
v 0.000000 8.960294 -0.011653
v 0.008237 8.937490 -0.137504
v 0.011649 8.945726 -0.137504
v 0.011649 8.945726 -0.014572
v 0.008237 8.937490 -0.011160
v 0.137500 8.945726 -0.011653
v 0.137500 8.945726 -0.013982
v 0.137500 8.953965 0.008233
v 0.137500 8.955612 0.009881
v -0.011649 8.945726 -0.137504
v -0.013979 8.945726 -0.137504
v -0.137500 8.953965 0.008233
v -0.137500 8.955612 0.009881
v -0.137500 8.937490 -0.008241
v -0.137500 8.935843 -0.009888
v 0.137500 8.937490 -0.008241
v 0.137500 8.935843 -0.009888
v 0.008237 8.937490 -0.137504
v 0.009884 8.935843 -0.137504
v 0.011649 8.945726 -0.137504
v 0.013979 8.945726 -0.137504
v -0.008237 8.937490 -0.011160
v -0.008237 8.937490 -0.137504
v 0.000000 8.934078 -0.137504
v 0.000000 8.934078 -0.014572
v 0.000000 8.957376 0.014564
v 0.000000 8.957376 0.137496
v 0.008237 8.953965 0.137496
v 0.008237 8.953965 0.011152
v 0.014568 8.945726 0.011645
v 0.011156 8.937490 0.008233
v 0.137500 8.937490 0.008233
v 0.137500 8.945726 0.011645
v 0.008237 8.937490 0.137496
v 0.000000 8.934078 0.137496
v 0.000000 8.934078 0.014564
v 0.008237 8.937490 0.011152
v -0.008237 8.953965 0.011152
v -0.008237 8.953965 0.137496
v 0.000000 8.957376 0.137496
v 0.000000 8.957376 0.014564
v 0.000000 8.934078 0.014564
v 0.000000 8.934078 0.137496
v -0.008237 8.937490 0.137496
v -0.008237 8.937490 0.011152
v -0.014568 8.945726 0.011645
v -0.011156 8.953965 0.008233
v -0.137500 8.953965 0.008233
v -0.137500 8.945726 0.011645
v 0.011156 8.937490 0.008233
v 0.014568 8.934078 -0.000004
v 0.137500 8.934078 -0.000004
v 0.137500 8.937490 0.008233
v 0.008237 8.956883 -0.008241
v 0.008237 9.220727 -0.008241
v 0.011649 9.220727 -0.000004
v 0.011649 8.960294 -0.000004
v -0.137500 8.953965 -0.008241
v -0.137500 8.957376 -0.000004
v -0.014568 8.957376 -0.000004
v -0.011156 8.953965 -0.008241
v 0.014568 8.945726 -0.011653
v 0.011156 8.953965 -0.008241
v 0.137500 8.953965 -0.008241
v 0.137500 8.945726 -0.011653
v -0.009884 8.935843 -0.137504
v -0.009884 8.935843 -0.148409
v 0.000000 8.931747 -0.148409
v 0.000000 8.931747 -0.137504
v 0.137500 8.955612 0.009881
v 0.148405 8.955612 0.009881
v 0.148405 8.959705 -0.000004
v 0.137500 8.959705 -0.000004
v 0.009884 8.935843 -0.137504
v 0.009884 8.935843 -0.148409
v 0.013979 8.945726 -0.148409
v 0.013979 8.945726 -0.137504
v 0.137500 8.955612 -0.009888
v 0.148405 8.955612 -0.009888
v 0.148405 8.945726 -0.013982
v 0.137500 8.945726 -0.013982
v 0.013979 8.945726 0.137496
v 0.013979 8.945726 0.148401
v 0.009884 8.935843 0.148401
v 0.009884 8.935843 0.137496
v 0.000000 8.931747 0.137496
v 0.000000 8.931747 0.148401
v -0.009884 8.935843 0.148401
v -0.009884 8.935843 0.137496
v -0.137500 8.955612 0.009881
v -0.148405 8.955612 0.009881
v -0.148405 8.945726 0.013975
v -0.137500 8.945726 0.013975
v -0.137500 8.959705 -0.000004
v -0.148405 8.959705 -0.000004
v -0.148405 8.955612 0.009881
v -0.137500 8.955612 0.009881
v 0.000000 8.959705 0.137496
v 0.000000 8.959705 0.148401
v 0.009884 8.955612 0.148401
v 0.009884 8.955612 0.137496
v 0.009884 8.955612 -0.137504
v 0.009884 8.955612 -0.148409
v 0.000000 8.959705 -0.148409
v 0.000000 8.959705 -0.137504
v -0.013979 8.945726 -0.137504
v -0.013979 8.945726 -0.148409
v -0.009884 8.935843 -0.148409
v -0.009884 8.935843 -0.137504
v 0.137500 8.945726 0.013975
v 0.148405 8.945726 0.013975
v 0.148405 8.955612 0.009881
v 0.137500 8.955612 0.009881
v 0.137500 8.935843 -0.009888
v 0.148405 8.935843 -0.009888
v 0.148405 8.931747 -0.000004
v 0.137500 8.931747 -0.000004
v -0.137500 8.935843 0.009881
v -0.148405 8.935843 0.009881
v -0.148405 8.931747 -0.000004
v -0.137500 8.931747 -0.000004
v 0.013979 8.945726 -0.137504
v 0.013979 8.945726 -0.148409
v 0.009884 8.955612 -0.148409
v 0.009884 8.955612 -0.137504
v -0.137500 8.935843 -0.009888
v -0.148405 8.935843 -0.009888
v -0.148405 8.945726 -0.013982
v -0.137500 8.945726 -0.013982
v 0.000000 8.931747 -0.137504
v 0.000000 8.931747 -0.148409
v 0.009884 8.935843 -0.148409
v 0.009884 8.935843 -0.137504
v 0.137500 8.945726 -0.013982
v 0.148405 8.945726 -0.013982
v 0.148405 8.935843 -0.009888
v 0.137500 8.935843 -0.009888
v 0.137500 8.931747 -0.000004
v 0.148405 8.931747 -0.000004
v 0.148405 8.935843 0.009881
v 0.137500 8.935843 0.009881
v -0.009884 8.935843 0.137496
v -0.009884 8.935843 0.148401
v -0.013979 8.945726 0.148401
v -0.013979 8.945726 0.137496
v 0.137500 8.959705 -0.000004
v 0.148405 8.959705 -0.000004
v 0.148405 8.955612 -0.009888
v 0.137500 8.955612 -0.009888
v -0.009884 8.955612 0.137496
v -0.009884 8.955612 0.148401
v 0.000000 8.959705 0.148401
v 0.000000 8.959705 0.137496
v -0.137500 8.945726 0.013975
v -0.148405 8.945726 0.013975
v -0.148405 8.935843 0.009881
v -0.137500 8.935843 0.009881
v 0.009884 8.955612 0.137496
v 0.009884 8.955612 0.148401
v 0.013979 8.945726 0.148401
v 0.013979 8.945726 0.137496
v -0.009884 8.955612 -0.137504
v -0.009884 8.955612 -0.148409
v -0.013979 8.945726 -0.148409
v -0.013979 8.945726 -0.137504
v 0.000000 8.959705 -0.137504
v 0.000000 8.959705 -0.148409
v -0.009884 8.955612 -0.148409
v -0.009884 8.955612 -0.137504
v -0.137500 8.945726 -0.013982
v -0.148405 8.945726 -0.013982
v -0.148405 8.955612 -0.009888
v -0.137500 8.955612 -0.009888
v -0.137500 8.931747 -0.000004
v -0.148405 8.931747 -0.000004
v -0.148405 8.935843 -0.009888
v -0.137500 8.935843 -0.009888
v 0.137500 8.935843 0.009881
v 0.148405 8.935843 0.009881
v 0.148405 8.945726 0.013975
v 0.137500 8.945726 0.013975
v -0.013979 8.945726 0.137496
v -0.013979 8.945726 0.148401
v -0.009884 8.955612 0.148401
v -0.009884 8.955612 0.137496
v 0.009884 8.935843 0.137496
v 0.009884 8.935843 0.148401
v 0.000000 8.931747 0.148401
v 0.000000 8.931747 0.137496
v 0.011156 8.953965 -0.008241
v 0.014568 8.957376 -0.000004
v 0.137500 8.957376 -0.000004
v 0.137500 8.953965 -0.008241
v 0.137500 8.937490 -0.008241
v 0.011156 8.937490 -0.008241
v 0.014568 8.945726 -0.011653
v 0.137500 8.945726 -0.011653
v -0.137500 8.945726 -0.011653
v -0.137500 8.953965 -0.008241
v -0.011156 8.953965 -0.008241
v -0.014568 8.945726 -0.011653
v -0.137500 8.934078 -0.000004
v -0.137500 8.937490 -0.008241
v -0.011156 8.937490 -0.008241
v -0.014568 8.934078 -0.000004
v -0.137500 8.957376 -0.000004
v -0.137500 8.953965 0.008233
v -0.011156 8.953965 0.008233
v -0.014568 8.957376 -0.000004
v 0.137500 8.953965 0.008233
v 0.011156 8.953965 0.008233
v 0.014568 8.945726 0.011645
v 0.137500 8.945726 0.011645
v 0.008237 8.953965 -0.011160
v 0.008237 8.953965 -0.137504
v 0.000000 8.957376 -0.137504
v 0.000000 8.957376 -0.014572
v 0.008237 8.937490 0.011152
v 0.011649 8.945726 0.014564
v 0.011649 8.945726 0.137496
v 0.008237 8.937490 0.137496
v -0.008237 8.953965 0.011152
v -0.011649 8.945726 0.014564
v -0.011649 8.945726 0.137496
v -0.008237 8.953965 0.137496
v 0.000000 8.931158 0.011645
v 0.000000 8.934078 0.014564
v 0.000000 8.960294 0.011645
v -0.008237 8.956883 0.008233
v -0.008237 8.953965 0.011152
v 0.000000 8.957376 0.014564
v 0.008237 8.953965 -0.011160
v 0.000000 8.957376 -0.014572
v 0.000000 8.960294 -0.011653
v 0.008237 8.956883 -0.008241
v 0.000000 8.957376 0.014564
v 0.008237 8.953965 0.011152
v 0.008237 8.956883 0.008233
v 0.000000 8.960294 0.011645
v 0.000000 8.934078 -0.014572
v 0.000000 8.931158 -0.011652
v 0.000000 8.934078 -0.014572
v 0.000000 8.931158 -0.011652
v 0.000000 8.931158 0.011645
v 0.000000 8.934078 0.014564
v -0.008237 8.956883 -0.008241
v 0.000000 8.960294 -0.011653
v 0.000000 8.957376 -0.014572
v -0.008237 8.953965 -0.011160
v 0.014568 8.945726 -0.011653
v 0.011649 8.945726 -0.014572
v -0.011649 8.945726 -0.014572
v -0.014568 8.945726 -0.011653
v 0.014568 8.945726 -0.011653
v 0.011156 8.937490 -0.008241
v 0.008237 8.937490 -0.011160
v 0.011649 8.945726 -0.014572
v -0.011649 8.945726 -0.014572
v -0.008237 8.937490 -0.011160
v -0.011156 8.937490 -0.008241
v -0.014568 8.945726 -0.011653
v 0.014568 8.957376 -0.000004
v 0.011649 8.960294 -0.000004
v -0.011649 8.960294 -0.000004
v -0.014568 8.957376 -0.000004
v 0.014568 8.934078 -0.000004
v 0.011649 8.931158 -0.000004
v -0.011649 8.931158 -0.000004
v -0.014568 8.934078 -0.000004
v 0.011649 8.960294 -0.000004
v 0.014568 8.957376 -0.000004
v -0.014568 8.957376 -0.000004
v -0.011649 8.960294 -0.000004
v -0.008237 8.937490 0.011152
v -0.011649 8.945726 0.014564
v -0.014568 8.945726 0.011645
v -0.011156 8.937490 0.008233
v 0.011156 8.937490 0.008233
v 0.014568 8.945726 0.011645
v 0.011649 8.945726 0.014564
v 0.008237 8.937490 0.011152
v 0.011649 8.931158 -0.000004
v 0.014568 8.934078 -0.000004
v -0.014568 8.934078 -0.000004
v -0.011649 8.931158 -0.000004
v -0.014568 8.945726 0.011645
v -0.011649 8.945726 0.014564
v 0.014568 8.945726 0.011645
v 0.011649 8.945726 0.014564
v 0.014568 8.957376 -0.000004
v 0.011156 8.953965 0.008233
v 0.137500 8.953965 0.008233
v 0.137500 8.957376 -0.000004
v 0.026879 8.457054 0.064888
v 0.000000 8.457054 0.070235
v -0.026879 8.457054 0.064888
v -0.049666 8.457054 0.049663
v -0.049666 8.457054 0.049663
v -0.064892 8.457054 0.026876
v 0.000000 8.457054 -0.070242
v 0.026879 8.457054 -0.064895
v 0.049666 8.457054 -0.049670
v 0.049666 8.457054 -0.049670
v 0.064892 8.457054 -0.026883
v -0.070238 8.457054 -0.000004
v 0.070238 8.457054 -0.000004
v -0.064892 8.457054 -0.026883
v 0.064892 8.457054 0.026876
v -0.049666 8.457054 -0.049670
v 0.049666 8.457054 0.049663
v -0.049666 8.457054 -0.049670
v -0.026879 8.457054 -0.064895
v 0.049666 8.457054 0.049663
v 0.008237 8.673453 0.008233
v 0.000000 8.673453 0.011645
v 0.000001 8.670437 0.014580
v 0.010312 8.670438 0.010308
v -0.008237 8.673453 -0.008241
v 0.000000 8.673453 -0.011652
v -0.000001 8.670437 -0.014587
v -0.010312 8.670438 -0.010315
v 0.000000 8.673453 -0.011652
v 0.008237 8.673453 -0.008241
v 0.010312 8.670438 -0.010315
v -0.000001 8.670437 -0.014587
v 0.000000 8.673453 0.011645
v -0.008237 8.673453 0.008233
v -0.010312 8.670438 0.010308
v 0.000001 8.670437 0.014580
v -0.008237 8.673453 0.008233
v -0.011649 8.673453 -0.000004
v -0.014583 8.670437 -0.000003
v -0.010312 8.670438 0.010308
v 0.008237 8.673453 -0.008241
v 0.011649 8.673453 -0.000004
v 0.014583 8.670437 -0.000004
v 0.010312 8.670438 -0.010315
v 0.011649 8.673453 -0.000004
v 0.008237 8.673453 0.008233
v 0.010312 8.670438 0.010308
v 0.014583 8.670437 -0.000004
v -0.011649 8.673453 -0.000004
v -0.008237 8.673453 -0.008241
v -0.010312 8.670438 -0.010315
v -0.014583 8.670437 -0.000003
v 0.000000 8.673453 -0.011652
v -0.008237 8.673453 -0.008241
v -0.008237 8.934571 -0.008241
v 0.000000 8.931158 -0.011652
v -0.137500 8.955612 -0.009888
v -0.148405 8.955612 -0.009888
v -0.148405 8.959705 -0.000004
v -0.137500 8.959705 -0.000004
v 0.676883 5.036077 -1.013028
v 0.466245 5.036077 -1.125617
v 0.466245 5.069077 -1.125617
v 0.676883 5.069077 -1.013028
v -1.125615 5.036078 -0.466247
v -1.194947 5.036078 -0.237691
v -1.194947 5.069077 -0.237691
v -1.125615 5.069077 -0.466247
v 1.194947 5.036078 0.237688
v 1.218357 5.036078 -0.000001
v 1.218357 5.069077 -0.000001
v 1.194947 5.069077 0.237688
v -0.466245 5.036077 -1.125617
v -0.676883 5.036077 -1.013028
v -0.676883 5.069077 -1.013028
v -0.466245 5.069077 -1.125617
v 0.676883 5.036078 1.013025
v 0.861509 5.036078 0.861507
v 0.861509 5.069078 0.861507
v 0.676883 5.069078 1.013025
v -1.194947 5.036078 0.237688
v -1.125615 5.036078 0.466244
v -1.125615 5.069077 0.466244
v -1.194947 5.069077 0.237688
v 1.125615 5.036078 -0.466247
v 1.013027 5.036078 -0.676884
v 1.013027 5.069077 -0.676884
v 1.125615 5.069077 -0.466247
v -1.013027 5.036078 -0.676884
v -1.013027 5.069077 -0.676884
v 0.466245 5.036078 1.125614
v 0.466245 5.069078 1.125614
v 0.237690 5.036077 -1.194948
v 0.000000 5.036077 -1.218359
v 0.000000 5.069077 -1.218359
v 0.237690 5.069077 -1.194948
v -0.861509 5.036077 -0.861510
v -0.861509 5.069077 -0.861510
v -0.237690 5.036078 1.194945
v 0.000000 5.036078 1.218355
v 0.000000 5.069078 1.218355
v -0.237690 5.069078 1.194945
v 0.237690 5.036078 1.194945
v 0.237690 5.069078 1.194945
v 1.125615 5.036078 0.466244
v 1.125615 5.069077 0.466243
v 0.861509 5.036077 -0.861510
v 0.861509 5.069077 -0.861510
v -0.237690 5.036077 -1.194948
v -0.237690 5.069077 -1.194948
v -0.861508 5.036078 0.861507
v -0.676883 5.036078 1.013025
v -0.676883 5.069078 1.013025
v -0.861508 5.069078 0.861507
v -0.466245 5.036078 1.125614
v -0.466245 5.069078 1.125614
v 1.194947 5.036078 -0.237691
v 1.194947 5.069077 -0.237691
v 0.861509 5.036077 -0.861510
v 0.861509 5.069077 -0.861510
v -1.218357 5.036078 -0.000002
v -1.218357 5.069077 -0.000002
v -1.013027 5.036078 0.676882
v -0.861508 5.036078 0.861507
v -0.861508 5.069078 0.861507
v -1.013027 5.069077 0.676882
v 1.013027 5.036078 0.676881
v 1.013027 5.069077 0.676881
v 0.861509 5.036078 0.861507
v 0.861509 5.069078 0.861507
v -0.861509 5.036077 -0.861510
v -0.861509 5.069077 -0.861510
v -0.191559 4.581622 -0.963035
v -0.188642 5.036077 -0.948372
v 0.000000 5.036077 -0.966951
v 0.000000 4.581622 -0.981902
v -0.375757 4.581622 -0.907159
v -0.370036 5.036077 -0.893347
v -0.545515 4.581622 -0.816422
v -0.537209 5.036077 -0.803991
v -0.694309 4.581623 -0.694310
v -0.683737 5.036078 -0.683738
v -0.816420 4.581623 -0.545516
v -0.803990 5.036078 -0.537210
v -0.683737 5.036078 -0.683738
v -0.694309 4.581623 -0.694310
v -0.907158 4.581623 -0.375759
v -0.893345 5.036078 -0.370037
v -0.963034 4.581623 -0.191561
v -0.948370 5.036078 -0.188644
v -0.981901 4.581623 -0.000001
v -0.966950 5.036078 -0.000002
v -0.963034 4.581623 0.191558
v -0.948370 5.036078 0.188641
v -0.907158 4.581623 0.375756
v -0.893345 5.036078 0.370034
v -0.816420 4.581623 0.545514
v -0.803989 5.036078 0.537207
v -0.694308 4.581623 0.694307
v -0.683737 5.036078 0.683735
v -0.545515 4.581623 0.816419
v -0.537209 5.036078 0.803988
v -0.683737 5.036078 0.683735
v -0.694308 4.581623 0.694307
v -0.375757 4.581623 0.907156
v -0.370036 5.036078 0.893344
v -0.191559 4.581623 0.963032
v -0.188643 5.036078 0.948369
v 0.000000 4.581623 0.981899
v 0.000000 5.036078 0.966948
v 0.191559 4.581623 0.963032
v 0.188643 5.036078 0.948369
v 0.375757 4.581623 0.907156
v 0.370036 5.036078 0.893344
v 0.545515 4.581623 0.816419
v 0.537209 5.036078 0.803988
v 0.694309 4.581623 0.694307
v 0.683737 5.036078 0.683735
v 0.816420 4.581623 0.545513
v 0.803989 5.036078 0.537207
v 0.683737 5.036078 0.683735
v 0.694309 4.581623 0.694307
v 0.907158 4.581623 0.375756
v 0.893345 5.036078 0.370034
v 0.963034 4.581623 0.191558
v 0.948370 5.036078 0.188641
v 0.981900 4.581623 -0.000001
v 0.966950 5.036078 -0.000001
v 0.963034 4.581623 -0.191561
v 0.948370 5.036078 -0.188644
v 0.907158 4.581623 -0.375758
v 0.893345 5.036078 -0.370037
v 0.816420 4.581623 -0.545516
v 0.803989 5.036078 -0.537210
v 0.694309 4.581623 -0.694310
v 0.683737 5.036078 -0.683738
v 0.545515 4.581622 -0.816422
v 0.537209 5.036077 -0.803991
v 0.683737 5.036078 -0.683738
v 0.694309 4.581623 -0.694310
v 0.375757 4.581622 -0.907159
v 0.370036 5.036077 -0.893347
v 0.191559 4.581622 -0.963035
v 0.188643 5.036077 -0.948372
v 0.370036 5.036078 0.893344
v 0.537209 5.036078 0.803988
v 0.676883 5.036078 1.013025
v 0.466245 5.036078 1.125614
v -0.803990 5.036078 -0.537210
v -0.893345 5.036078 -0.370037
v -1.125615 5.036078 -0.466247
v -1.013027 5.036078 -0.676884
v 0.683737 5.036078 0.683735
v 0.861509 5.036078 0.861507
v -0.948370 5.036078 -0.188644
v -1.194947 5.036078 -0.237691
v 0.803989 5.036078 0.537207
v 1.013027 5.036078 0.676881
v -0.966950 5.036078 -0.000002
v -1.218357 5.036078 -0.000002
v 0.893345 5.036078 0.370034
v 1.125615 5.036078 0.466244
v -0.948370 5.036078 0.188641
v -1.194947 5.036078 0.237688
v 0.948370 5.036078 0.188641
v 1.194947 5.036078 0.237688
v -0.893345 5.036078 0.370034
v -1.125615 5.036078 0.466244
v 0.966950 5.036078 -0.000001
v 1.218357 5.036078 -0.000001
v -0.803989 5.036078 0.537207
v -1.013027 5.036078 0.676882
v 0.948370 5.036078 -0.188644
v 1.194947 5.036078 -0.237691
v -0.683737 5.036078 0.683735
v -0.861508 5.036078 0.861507
v 0.893345 5.036078 -0.370037
v 1.125615 5.036078 -0.466247
v -0.537209 5.036078 0.803988
v -0.676883 5.036078 1.013025
v 0.803989 5.036078 -0.537210
v 1.013027 5.036078 -0.676884
v -0.370036 5.036078 0.893344
v -0.466245 5.036078 1.125614
v 0.000000 5.036077 -0.966951
v -0.188642 5.036077 -0.948372
v -0.237690 5.036077 -1.194948
v 0.000000 5.036077 -1.218359
v 0.683737 5.036078 -0.683738
v 0.861509 5.036077 -0.861510
v -0.188643 5.036078 0.948369
v -0.237690 5.036078 1.194945
v -0.370036 5.036077 -0.893347
v -0.466245 5.036077 -1.125617
v 0.537209 5.036077 -0.803991
v 0.676883 5.036077 -1.013028
v 0.000000 5.036078 0.966948
v 0.000000 5.036078 1.218355
v -0.537209 5.036077 -0.803991
v -0.676883 5.036077 -1.013028
v 0.370036 5.036077 -0.893347
v 0.466245 5.036077 -1.125617
v 0.188643 5.036078 0.948369
v 0.237690 5.036078 1.194945
v -0.683737 5.036078 -0.683738
v -0.861509 5.036077 -0.861510
v 0.188643 5.036077 -0.948372
v 0.237690 5.036077 -1.194948
v 1.047267 5.069077 0.699760
v 1.013027 5.069077 0.676881
v 1.125615 5.069077 0.466243
v 1.163661 5.069077 0.482003
v 1.194947 5.069077 0.237688
v 1.235336 5.069077 0.245722
v 1.218357 5.069077 -0.000001
v 1.259537 5.069077 -0.000001
v 1.194947 5.069077 -0.237691
v 1.235336 5.069077 -0.245725
v 1.125615 5.069077 -0.466247
v 1.163661 5.069077 -0.482006
v 1.013027 5.069077 -0.676884
v 1.047267 5.069077 -0.699763
v 0.861509 5.069077 -0.861510
v 0.890628 5.069077 -0.890629
v 0.676883 5.069077 -1.013028
v 0.699762 5.069077 -1.047269
v 0.466245 5.069077 -1.125617
v 0.482004 5.069077 -1.163663
v 0.237690 5.069077 -1.194948
v 0.245724 5.069077 -1.235337
v 0.000000 5.069077 -1.218359
v 0.000000 5.069077 -1.259539
v -0.237690 5.069077 -1.194948
v -0.245723 5.069077 -1.235338
v -0.466245 5.069077 -1.125617
v -0.482004 5.069077 -1.163663
v -0.676883 5.069077 -1.013028
v -0.699762 5.069077 -1.047269
v -0.861509 5.069077 -0.861510
v -0.890628 5.069077 -0.890629
v -1.013027 5.069077 -0.676884
v -1.047267 5.069077 -0.699763
v -1.125615 5.069077 -0.466247
v -1.163661 5.069077 -0.482006
v -1.194947 5.069077 -0.237691
v -1.235336 5.069077 -0.245725
v -1.218357 5.069077 -0.000002
v -1.259538 5.069077 -0.000002
v -1.194947 5.069077 0.237688
v -1.235336 5.069077 0.245722
v -1.125615 5.069077 0.466244
v -1.163661 5.069077 0.482003
v -1.013027 5.069077 0.676882
v -1.047267 5.069077 0.699760
v -0.861508 5.069078 0.861507
v -0.890628 5.069078 0.890626
v -0.676883 5.069078 1.013025
v -0.699762 5.069078 1.047266
v -0.466245 5.069078 1.125614
v -0.482004 5.069078 1.163659
v -0.237690 5.069078 1.194945
v -0.245724 5.069078 1.235335
v 0.000000 5.069078 1.218355
v 0.000000 5.069078 1.259536
v 0.237690 5.069078 1.194945
v 0.245724 5.069078 1.235335
v 0.466245 5.069078 1.125614
v 0.482004 5.069078 1.163659
v 0.676883 5.069078 1.013025
v 0.699762 5.069078 1.047266
v 0.861509 5.069078 0.861507
v 0.890628 5.069078 0.890626
v 0.482836 6.664079 0.722613
v 0.332583 6.664079 0.802924
v 0.332583 6.642078 0.802924
v 0.482836 6.642078 0.722613
v 0.000000 6.664078 -0.869083
v 0.169550 6.664078 -0.852384
v 0.169550 6.642077 -0.852384
v 0.000000 6.642077 -0.869083
v -0.722614 6.664079 -0.482839
v -0.614533 6.664079 -0.614535
v -0.614533 6.642078 -0.614535
v -0.722614 6.642078 -0.482839
v 0.169550 6.664079 0.852380
v 0.169550 6.642078 0.852380
v 0.332583 6.664078 -0.802928
v 0.332583 6.642077 -0.802928
v -0.614533 6.664079 -0.614535
v -0.482835 6.664079 -0.722617
v -0.482835 6.642078 -0.722617
v -0.614533 6.642078 -0.614535
v 0.000000 6.664079 0.869079
v 0.000000 6.642078 0.869079
v 0.482836 6.664079 -0.722617
v 0.482836 6.642078 -0.722617
v -0.332583 6.664078 -0.802928
v -0.332583 6.642077 -0.802928
v -0.169549 6.664079 0.852380
v -0.169549 6.642078 0.852380
v 0.614534 6.664079 -0.614535
v 0.614534 6.642078 -0.614535
v 0.722615 6.664079 -0.482839
v 0.802927 6.664079 -0.332586
v 0.802927 6.642078 -0.332586
v 0.722615 6.642078 -0.482839
v -0.169549 6.664078 -0.852384
v -0.169549 6.642077 -0.852384
v -0.482835 6.664079 0.722613
v -0.614533 6.664079 0.614531
v -0.614533 6.642078 0.614531
v -0.482835 6.642078 0.722613
v -0.332583 6.664079 0.802924
v -0.332583 6.642078 0.802924
v 0.852383 6.664079 -0.169552
v 0.852383 6.642078 -0.169552
v 0.614534 6.664079 -0.614535
v 0.614534 6.642078 -0.614535
v -0.419857 6.642077 0.628358
v -0.289202 6.642077 0.698195
v -0.332583 6.642078 0.802924
v -0.482835 6.642078 0.722613
v 0.000000 6.642077 -0.755726
v -0.147434 6.642077 -0.741205
v -0.169549 6.642077 -0.852384
v 0.000000 6.642077 -0.869083
v 0.628361 6.642077 -0.419859
v 0.534377 6.642077 -0.534379
v 0.614534 6.642078 -0.614535
v 0.722615 6.642078 -0.482839
v -0.147434 6.642077 0.741199
v -0.169549 6.642078 0.852380
v -0.289202 6.642077 -0.698199
v -0.332583 6.642077 -0.802928
v 0.419857 6.642077 -0.628362
v 0.482836 6.642078 -0.722617
v 0.000000 6.642077 0.755720
v 0.000000 6.642078 0.869079
v -0.419857 6.642077 -0.628362
v -0.482835 6.642078 -0.722617
v 0.289203 6.642077 -0.698199
v 0.332583 6.642077 -0.802928
v 0.147435 6.642077 0.741199
v 0.169550 6.642078 0.852380
v -0.534376 6.642077 -0.534379
v -0.614533 6.642078 -0.614535
v 0.147435 6.642077 -0.741205
v 0.169550 6.642077 -0.852384
v 0.289203 6.642077 0.698195
v 0.332583 6.642078 0.802924
v -0.628360 6.642077 -0.419859
v -0.722614 6.642078 -0.482839
v 0.419857 6.642077 0.628358
v 0.482836 6.642078 0.722613
v -0.698196 6.642077 -0.289206
v -0.802926 6.642078 -0.332586
v 0.534377 6.642077 0.534375
v 0.614534 6.642078 0.614531
v -0.741201 6.642077 -0.147436
v -0.852381 6.642078 -0.169552
v 0.628361 6.642077 0.419854
v 0.722615 6.642078 0.482834
v -0.755722 6.642077 -0.000003
v -0.869081 6.642078 -0.000003
v 0.698197 6.642077 0.289200
v 0.802927 6.642078 0.332581
v -0.741201 6.642077 0.147431
v -0.852381 6.642078 0.169546
v 0.741202 6.642077 0.147431
v 0.852383 6.642078 0.169546
v -0.698196 6.642077 0.289200
v -0.802926 6.642078 0.332581
v 0.755723 6.642077 -0.000003
v 0.869082 6.642078 -0.000003
v -0.628360 6.642077 0.419854
v -0.722614 6.642078 0.482834
v 0.741202 6.642077 -0.147436
v 0.852383 6.642078 -0.169552
v -0.534376 6.642077 0.534375
v -0.614533 6.642078 0.614531
v 0.698197 6.642077 -0.289206
v 0.802927 6.642078 -0.332586
v -0.802926 6.664079 -0.332586
v -0.802926 6.642078 -0.332586
v 0.614534 6.664079 0.614531
v 0.614534 6.642078 0.614531
v -0.852381 6.664079 -0.169552
v -0.852381 6.642078 -0.169552
v 0.722615 6.664079 0.482834
v 0.614534 6.664079 0.614531
v 0.614534 6.642078 0.614531
v 0.722615 6.642078 0.482834
v -0.869081 6.664079 -0.000003
v -0.869081 6.642078 -0.000003
v 0.802927 6.664079 0.332581
v 0.802927 6.642078 0.332581
v -0.852381 6.664079 0.169546
v -0.852381 6.642078 0.169546
v 0.852383 6.664079 0.169546
v 0.852383 6.642078 0.169546
v -0.802926 6.664079 0.332581
v -0.802926 6.642078 0.332581
v 0.869082 6.664079 -0.000003
v 0.869082 6.642078 -0.000003
v -0.722614 6.664079 0.482834
v -0.722614 6.642078 0.482834
v -0.614533 6.664079 0.614531
v -0.614533 6.642078 0.614531
v -0.698197 5.289078 0.289201
v -0.628360 5.289078 0.419856
v -0.628360 6.642077 0.419854
v -0.698196 6.642077 0.289200
v 0.755723 5.289078 -0.000002
v 0.741202 5.289078 -0.147436
v 0.741202 6.642077 -0.147436
v 0.755723 6.642077 -0.000003
v -0.534377 5.289078 0.534375
v -0.534376 6.642077 0.534375
v 0.698197 5.289078 -0.289204
v 0.698197 6.642077 -0.289206
v -0.534377 5.289078 0.534375
v -0.419857 5.289078 0.628359
v -0.419857 6.642077 0.628358
v -0.534376 6.642077 0.534375
v 0.628360 5.289078 -0.419859
v 0.628361 6.642077 -0.419859
v -0.289203 5.289078 0.698195
v -0.289202 6.642077 0.698195
v 0.000000 5.289078 -0.755724
v -0.147434 5.289078 -0.741203
v -0.147434 6.642077 -0.741205
v 0.000000 6.642077 -0.755726
v 0.534377 5.289078 -0.534378
v 0.534377 6.642077 -0.534379
v -0.147434 5.289078 0.741200
v -0.147434 6.642077 0.741199
v -0.289203 5.289078 -0.698198
v -0.289202 6.642077 -0.698199
v 0.534377 5.289078 -0.534378
v 0.419857 5.289078 -0.628362
v 0.419857 6.642077 -0.628362
v 0.534377 6.642077 -0.534379
v 0.000000 5.289078 0.755721
v 0.000000 6.642077 0.755720
v -0.419857 5.289078 -0.628362
v -0.419857 6.642077 -0.628362
v 0.289203 5.289078 -0.698198
v 0.289203 6.642077 -0.698199
v 0.147434 5.289078 0.741200
v 0.147435 6.642077 0.741199
v -0.534377 5.289078 -0.534378
v -0.534376 6.642077 -0.534379
v 0.147434 5.289078 -0.741203
v 0.147435 6.642077 -0.741205
v 0.289203 5.289078 0.698195
v 0.289203 6.642077 0.698195
v -0.534377 5.289078 -0.534378
v -0.628361 5.289078 -0.419859
v -0.628360 6.642077 -0.419859
v -0.534376 6.642077 -0.534379
v 0.419857 5.289078 0.628359
v 0.419857 6.642077 0.628358
v -0.698197 5.289078 -0.289204
v -0.698196 6.642077 -0.289206
v 0.534377 5.289078 0.534375
v 0.534377 6.642077 0.534375
v -0.741202 5.289078 -0.147436
v -0.741201 6.642077 -0.147436
v 0.534377 5.289078 0.534375
v 0.628361 5.289078 0.419855
v 0.628361 6.642077 0.419854
v 0.534377 6.642077 0.534375
v -0.755723 5.289078 -0.000002
v -0.755722 6.642077 -0.000003
v 0.698197 5.289078 0.289201
v 0.698197 6.642077 0.289200
v -0.741202 5.289078 0.147433
v -0.741201 6.642077 0.147431
v 0.741202 5.289078 0.147433
v 0.741202 6.642077 0.147431
v -0.076615 4.999065 -1.106081
v 0.076615 4.999065 -1.106081
v 0.076615 4.957528 -1.046123
v -0.076615 4.957528 -1.046123
v -0.076615 4.957528 -1.046123
v 0.076615 4.957528 -1.046123
v 0.076615 4.895363 -1.007170
v -0.076615 4.895363 -1.007170
v 0.076615 4.822035 -0.995154
v -0.076615 4.822035 -0.995154
v 0.076615 4.581689 -1.002829
v -0.076615 4.581689 -1.002829
v -0.076615 5.002712 -1.124131
v 0.076615 5.002712 -1.124131
v -0.076615 4.822035 -0.995154
v -0.076615 4.832042 -0.841618
v -0.076615 4.949721 -0.863231
v -0.076615 4.895363 -1.007170
v 0.076615 4.895363 -1.007170
v 0.076615 4.949721 -0.863231
v 0.076615 4.832042 -0.841618
v 0.076615 4.822035 -0.995154
v 0.076615 4.581689 -1.002829
v 0.076615 4.581689 -0.849047
v -0.076615 4.581689 -0.849047
v -0.076615 4.581689 -1.002829
v 0.076615 5.002712 -1.124131
v 0.076615 5.146585 -1.124131
v 0.076615 5.140625 -1.045797
v 0.076615 4.999065 -1.106081
v -0.076615 4.957528 -1.046123
v -0.076615 5.063787 -0.934847
v -0.076615 5.140625 -1.045797
v -0.076615 4.999065 -1.106081
v 0.076615 4.957528 -1.046123
v 0.076615 5.063787 -0.934847
v -0.076615 4.581689 -1.002829
v -0.076615 4.581689 -0.849047
v 0.076615 4.581689 -0.849047
v 0.076615 4.581689 -1.002829
v -0.076615 5.146585 -1.124131
v -0.076615 5.002712 -1.124131
v -0.076615 5.146585 -1.124131
v 0.076615 5.146585 -1.124131
v 0.076615 5.002712 -1.124131
v -0.076615 5.002712 -1.124131
v -0.360279 4.999065 -1.048563
v -0.212270 4.999065 -1.088222
v -0.196752 4.957529 -1.030306
v -0.344760 4.957529 -0.990648
v -0.344760 4.957529 -0.990648
v -0.196752 4.957529 -1.030306
v -0.186670 4.895363 -0.992681
v -0.334679 4.895363 -0.953023
v -0.183560 4.822035 -0.981074
v -0.331569 4.822035 -0.941415
v -0.185547 4.581689 -0.988487
v -0.333555 4.581689 -0.948829
v -0.364950 5.002713 -1.065998
v -0.216942 5.002713 -1.105657
v -0.331569 4.822035 -0.941415
v -0.291831 4.832042 -0.793111
v -0.297424 4.949722 -0.813988
v -0.334679 4.895363 -0.953023
v -0.186670 4.895363 -0.992681
v -0.149416 4.949722 -0.853647
v -0.143822 4.832042 -0.832770
v -0.183560 4.822035 -0.981074
v -0.185547 4.581689 -0.988487
v -0.145745 4.581689 -0.839946
v -0.293753 4.581689 -0.800287
v -0.333555 4.581689 -0.948829
v -0.216942 5.002713 -1.105657
v -0.216942 5.146586 -1.105657
v -0.196667 5.140625 -1.029991
v -0.212270 4.999065 -1.088222
v -0.344760 4.957529 -0.990648
v -0.315960 5.063787 -0.883164
v -0.344676 5.140625 -0.990333
v -0.360279 4.999065 -1.048563
v -0.196752 4.957529 -1.030306
v -0.167952 5.063787 -0.922822
v -0.333555 4.581689 -0.948829
v -0.293753 4.581689 -0.800287
v -0.145745 4.581689 -0.839946
v -0.185547 4.581689 -0.988487
v -0.364950 5.146586 -1.065998
v -0.364950 5.002713 -1.065998
v -0.364950 5.146586 -1.065998
v -0.216942 5.146586 -1.105657
v -0.216942 5.002713 -1.105657
v -0.364950 5.002713 -1.065998
v -0.619390 4.999067 -0.919587
v -0.486689 4.999067 -0.996202
v -0.456710 4.957529 -0.944276
v -0.589411 4.957529 -0.867662
v -0.589411 4.957529 -0.867662
v -0.456710 4.957529 -0.944276
v -0.437234 4.895363 -0.910543
v -0.569935 4.895363 -0.833928
v -0.431226 4.822035 -0.900136
v -0.563926 4.822035 -0.823521
v -0.435063 4.581689 -0.906783
v -0.567764 4.581689 -0.830168
v -0.628415 5.002713 -0.935219
v -0.495714 5.002713 -1.011834
v -0.563926 4.822035 -0.823521
v -0.487159 4.832043 -0.690556
v -0.497965 4.949722 -0.709273
v -0.569935 4.895363 -0.833928
v -0.437234 4.895363 -0.910543
v -0.365264 4.949722 -0.785888
v -0.354458 4.832043 -0.767170
v -0.431226 4.822035 -0.900136
v -0.435063 4.581689 -0.906783
v -0.358173 4.581689 -0.773604
v -0.490873 4.581689 -0.696989
v -0.567764 4.581689 -0.830168
v -0.495714 5.002713 -1.011834
v -0.495714 5.146586 -1.011834
v -0.456547 5.140626 -0.943994
v -0.486689 4.999067 -0.996202
v -0.589411 4.957529 -0.867662
v -0.533773 5.063789 -0.771294
v -0.589248 5.140626 -0.867379
v -0.619390 4.999067 -0.919587
v -0.456710 4.957529 -0.944276
v -0.401073 5.063788 -0.847909
v -0.567764 4.581689 -0.830168
v -0.490873 4.581689 -0.696989
v -0.358173 4.581689 -0.773604
v -0.435063 4.581689 -0.906783
v -0.628415 5.146586 -0.935219
v -0.628415 5.002713 -0.935219
v -0.628415 5.146586 -0.935219
v -0.495714 5.146586 -1.011834
v -0.495714 5.002713 -1.011834
v -0.628415 5.002713 -0.935219
v -0.836291 4.999067 -0.727943
v -0.727941 4.999067 -0.836293
v -0.685545 4.957529 -0.793896
v -0.793894 4.957530 -0.685546
v -0.793894 4.957530 -0.685546
v -0.685545 4.957529 -0.793896
v -0.658001 4.895365 -0.766352
v -0.766351 4.895365 -0.658003
v -0.649504 4.822036 -0.757855
v -0.757854 4.822036 -0.649505
v -0.757854 4.822036 -0.649505
v -0.649504 4.822036 -0.757855
v -0.654931 4.581689 -0.763282
v -0.763281 4.581689 -0.654932
v -0.849054 5.002713 -0.740706
v -0.740705 5.002713 -0.849056
v -0.757854 4.822036 -0.649505
v -0.649288 4.832043 -0.540940
v -0.664570 4.949722 -0.556222
v -0.766351 4.895365 -0.658003
v -0.658001 4.895365 -0.766352
v -0.556221 4.949722 -0.664572
v -0.540938 4.832043 -0.649289
v -0.649504 4.822036 -0.757855
v -0.654931 4.581689 -0.763282
v -0.546191 4.581689 -0.654542
v -0.654541 4.581689 -0.546193
v -0.763281 4.581689 -0.654932
v -0.740705 5.002713 -0.849056
v -0.740705 5.146586 -0.849056
v -0.685314 5.140626 -0.793665
v -0.727941 4.999067 -0.836293
v -0.793894 4.957530 -0.685546
v -0.715211 5.063789 -0.606862
v -0.793664 5.140626 -0.685315
v -0.836291 4.999067 -0.727943
v -0.685545 4.957529 -0.793896
v -0.606861 5.063789 -0.715212
v -0.763281 4.581689 -0.654932
v -0.654541 4.581689 -0.546193
v -0.546191 4.581689 -0.654542
v -0.654931 4.581689 -0.763282
v -0.849054 5.146587 -0.740706
v -0.849054 5.002713 -0.740706
v -0.849054 5.146587 -0.740706
v -0.740705 5.146586 -0.849056
v -0.740705 5.002713 -0.849056
v -0.849054 5.002713 -0.740706
v -0.996200 4.999067 -0.486691
v -0.919585 4.999067 -0.619391
v -0.867660 4.957530 -0.589412
v -0.944275 4.957530 -0.456712
v -0.944275 4.957530 -0.456712
v -0.867660 4.957530 -0.589412
v -0.833926 4.895365 -0.569936
v -0.910541 4.895365 -0.437235
v -0.823520 4.822036 -0.563928
v -0.900134 4.822036 -0.431227
v -0.830166 4.581689 -0.567765
v -0.906781 4.581689 -0.435065
v -1.011832 5.002713 -0.495716
v -0.935217 5.002713 -0.628417
v -0.900134 4.822036 -0.431227
v -0.767169 4.832044 -0.354459
v -0.785886 4.949722 -0.365266
v -0.910541 4.895365 -0.437235
v -0.833926 4.895365 -0.569936
v -0.709271 4.949722 -0.497967
v -0.690554 4.832044 -0.487160
v -0.823520 4.822036 -0.563928
v -0.830166 4.581689 -0.567765
v -0.696988 4.581689 -0.490875
v -0.773603 4.581689 -0.358174
v -0.906781 4.581689 -0.435065
v -0.935217 5.002713 -0.628417
v -0.935217 5.146587 -0.628417
v -0.867378 5.140626 -0.589249
v -0.919585 4.999067 -0.619391
v -0.944275 4.957530 -0.456712
v -0.847908 5.063789 -0.401074
v -0.943993 5.140626 -0.456549
v -0.996200 4.999067 -0.486691
v -0.867660 4.957530 -0.589412
v -0.771293 5.063789 -0.533775
v -0.906781 4.581689 -0.435065
v -0.773603 4.581689 -0.358174
v -0.696988 4.581689 -0.490875
v -0.830166 4.581689 -0.567765
v -1.011832 5.146587 -0.495716
v -1.011832 5.002713 -0.495716
v -1.011832 5.146587 -0.495716
v -0.935217 5.146587 -0.628417
v -0.935217 5.002713 -0.628417
v -1.011832 5.002713 -0.495716
v -1.088220 4.999067 -0.212272
v -1.048561 4.999067 -0.360280
v -0.990646 4.957530 -0.344762
v -1.030305 4.957530 -0.196753
v -1.030305 4.957530 -0.196753
v -0.990646 4.957530 -0.344762
v -0.953021 4.895365 -0.334680
v -0.992680 4.895365 -0.186672
v -0.941414 4.822036 -0.331570
v -0.981072 4.822036 -0.183561
v -0.948827 4.581689 -0.333556
v -0.988486 4.581689 -0.185548
v -1.105655 5.002714 -0.216943
v -1.065996 5.002714 -0.364952
v -0.981072 4.822036 -0.183561
v -0.832769 4.832044 -0.143824
v -0.853645 4.949723 -0.149418
v -0.992680 4.895365 -0.186672
v -0.953021 4.895365 -0.334680
v -0.813986 4.949723 -0.297426
v -0.793110 4.832044 -0.291832
v -0.941414 4.822036 -0.331570
v -0.948827 4.581689 -0.333556
v -0.800286 4.581689 -0.293755
v -0.839945 4.581689 -0.145746
v -0.988486 4.581689 -0.185548
v -1.065996 5.002714 -0.364952
v -1.065996 5.146588 -0.364952
v -0.990331 5.140626 -0.344677
v -1.048561 4.999067 -0.360280
v -1.030305 4.957530 -0.196753
v -0.922821 5.063789 -0.167953
v -1.029990 5.140626 -0.196669
v -1.088220 4.999067 -0.212272
v -0.990646 4.957530 -0.344762
v -0.883162 5.063789 -0.315961
v -0.988486 4.581689 -0.185548
v -0.839945 4.581689 -0.145746
v -0.800286 4.581689 -0.293755
v -0.948827 4.581689 -0.333556
v -1.105655 5.146588 -0.216943
v -1.105655 5.002714 -0.216943
v -1.105655 5.146588 -0.216943
v -1.065996 5.146588 -0.364952
v -1.065996 5.002714 -0.364952
v -1.105655 5.002714 -0.216943
v -1.106079 4.999068 0.076613
v -1.106079 4.999068 -0.076616
v -1.046121 4.957530 -0.076616
v -1.046121 4.957530 0.076613
v -1.046121 4.957530 0.076613
v -1.046121 4.957530 -0.076616
v -1.007169 4.895365 -0.076616
v -1.007169 4.895365 0.076614
v -0.995152 4.822036 -0.076616
v -0.995152 4.822036 0.076614
v -1.002827 4.581689 -0.076616
v -1.002827 4.581689 0.076614
v -1.124129 5.002714 0.076613
v -1.124129 5.002714 -0.076616
v -0.995152 4.822036 0.076614
v -0.841617 4.832044 0.076613
v -0.863230 4.949723 0.076613
v -1.007169 4.895365 0.076614
v -1.007169 4.895365 -0.076616
v -0.863230 4.949723 -0.076616
v -0.841617 4.832044 -0.076616
v -0.995152 4.822036 -0.076616
v -1.002827 4.581689 -0.076616
v -0.849046 4.581689 -0.076616
v -0.849046 4.581689 0.076614
v -1.002827 4.581689 0.076614
v -1.124129 5.002714 -0.076616
v -1.124129 5.146588 -0.076616
v -1.045795 5.140628 -0.076616
v -1.106079 4.999068 -0.076616
v -1.046121 4.957530 0.076613
v -0.934846 5.063790 0.076613
v -1.045795 5.140628 0.076613
v -1.106079 4.999068 0.076613
v -1.046121 4.957530 -0.076616
v -0.934846 5.063790 -0.076616
v -1.002827 4.581689 0.076614
v -0.849046 4.581689 0.076614
v -0.849046 4.581689 -0.076616
v -1.002827 4.581689 -0.076616
v -1.124129 5.146588 0.076613
v -1.124129 5.002714 0.076613
v -1.124129 5.146588 0.076613
v -1.124129 5.146588 -0.076616
v -1.124129 5.002714 -0.076616
v -1.124129 5.002714 0.076613
v -1.048561 4.999068 0.360277
v -1.088220 4.999068 0.212269
v -1.030305 4.957530 0.196751
v -0.990646 4.957530 0.344759
v -0.990646 4.957530 0.344759
v -1.030305 4.957530 0.196751
v -0.992680 4.895366 0.186669
v -0.953021 4.895366 0.334677
v -0.981072 4.822037 0.183559
v -0.941414 4.822037 0.331567
v -0.988486 4.581689 0.185545
v -0.948827 4.581689 0.333554
v -1.065996 5.002714 0.364949
v -1.105655 5.002714 0.216941
v -0.941414 4.822037 0.331567
v -0.793110 4.832044 0.291829
v -0.813986 4.949723 0.297423
v -0.953021 4.895366 0.334677
v -0.992680 4.895366 0.186669
v -0.853645 4.949723 0.149415
v -0.832769 4.832044 0.143821
v -0.981072 4.822037 0.183559
v -0.988486 4.581689 0.185545
v -0.839945 4.581689 0.145744
v -0.800286 4.581689 0.293752
v -0.948827 4.581689 0.333554
v -1.105655 5.002714 0.216941
v -1.105655 5.146588 0.216940
v -1.029990 5.140628 0.196666
v -1.088220 4.999068 0.212269
v -0.990646 4.957530 0.344759
v -0.883162 5.063790 0.315959
v -0.990331 5.140628 0.344675
v -1.048561 4.999068 0.360277
v -1.030305 4.957530 0.196751
v -0.922821 5.063790 0.167950
v -0.948827 4.581689 0.333554
v -0.800286 4.581689 0.293752
v -0.839945 4.581689 0.145744
v -0.988486 4.581689 0.185545
v -1.065996 5.146588 0.364949
v -1.065996 5.002714 0.364949
v -1.065996 5.146588 0.364949
v -1.105655 5.146588 0.216940
v -1.105655 5.002714 0.216941
v -1.065996 5.002714 0.364949
v -0.919585 4.999068 0.619389
v -0.996200 4.999068 0.486688
v -0.944275 4.957530 0.456709
v -0.867660 4.957530 0.589410
v -0.867660 4.957530 0.589410
v -0.944275 4.957530 0.456709
v -0.910541 4.895366 0.437233
v -0.833926 4.895366 0.569933
v -0.900134 4.822037 0.431224
v -0.823519 4.822037 0.563925
v -0.906781 4.581689 0.435062
v -0.830166 4.581689 0.567763
v -0.935217 5.002714 0.628414
v -1.011832 5.002714 0.495713
v -0.823519 4.822037 0.563925
v -0.690554 4.832045 0.487157
v -0.709271 4.949723 0.497964
v -0.833926 4.895366 0.569933
v -0.910541 4.895366 0.437233
v -0.785886 4.949723 0.365263
v -0.767169 4.832045 0.354457
v -0.900134 4.822037 0.431224
v -0.906781 4.581689 0.435062
v -0.773603 4.581689 0.358171
v -0.696988 4.581689 0.490872
v -0.830166 4.581689 0.567763
v -1.011832 5.002714 0.495713
v -1.011832 5.146588 0.495713
v -0.943992 5.140628 0.456546
v -0.996200 4.999068 0.486688
v -0.867660 4.957530 0.589410
v -0.771293 5.063790 0.533772
v -0.867378 5.140628 0.589247
v -0.919585 4.999068 0.619389
v -0.944275 4.957530 0.456709
v -0.847907 5.063790 0.401071
v -0.830166 4.581689 0.567763
v -0.696988 4.581689 0.490872
v -0.773603 4.581689 0.358171
v -0.906781 4.581689 0.435062
v -0.935217 5.146588 0.628414
v -0.935217 5.002714 0.628414
v -0.935217 5.146588 0.628414
v -1.011832 5.146588 0.495713
v -1.011832 5.002714 0.495713
v -0.935217 5.002714 0.628414
v -0.727941 4.999069 0.836290
v -0.836291 4.999068 0.727940
v -0.793894 4.957531 0.685543
v -0.685544 4.957532 0.793893
v -0.685544 4.957532 0.793893
v -0.793894 4.957531 0.685543
v -0.766351 4.895366 0.658000
v -0.658001 4.895366 0.766349
v -0.757853 4.822037 0.649503
v -0.649504 4.822037 0.757852
v -0.763281 4.581689 0.654930
v -0.654931 4.581689 0.763280
v -0.740705 5.002716 0.849053
v -0.849054 5.002716 0.740703
v -0.649504 4.822037 0.757852
v -0.540938 4.832045 0.649286
v -0.556221 4.949724 0.664569
v -0.658001 4.895366 0.766349
v -0.766351 4.895366 0.658000
v -0.664570 4.949724 0.556219
v -0.649288 4.832045 0.540937
v -0.757853 4.822037 0.649503
v -0.763281 4.581689 0.654930
v -0.654541 4.581689 0.546190
v -0.546191 4.581689 0.654540
v -0.654931 4.581689 0.763280
v -0.849054 5.002716 0.740703
v -0.849054 5.146589 0.740703
v -0.793664 5.140628 0.685313
v -0.836291 4.999068 0.727940
v -0.685544 4.957532 0.793893
v -0.606861 5.063790 0.715209
v -0.685314 5.140628 0.793662
v -0.727941 4.999069 0.836290
v -0.793894 4.957531 0.685543
v -0.715210 5.063790 0.606859
v -0.654931 4.581689 0.763280
v -0.546191 4.581689 0.654540
v -0.654541 4.581689 0.546190
v -0.763281 4.581689 0.654930
v -0.740705 5.146589 0.849053
v -0.740705 5.002716 0.849053
v -0.740705 5.146589 0.849053
v -0.849054 5.146589 0.740703
v -0.849054 5.002716 0.740703
v -0.740705 5.002716 0.849053
v -0.486689 4.999070 0.996199
v -0.619390 4.999070 0.919584
v -0.589411 4.957532 0.867659
v -0.456710 4.957532 0.944274
v -0.456710 4.957532 0.944274
v -0.589411 4.957532 0.867659
v -0.569935 4.895366 0.833925
v -0.437234 4.895366 0.910540
v -0.563926 4.822038 0.823518
v -0.431225 4.822038 0.900133
v -0.567764 4.581690 0.830165
v -0.435063 4.581690 0.906780
v -0.495714 5.002716 1.011831
v -0.628415 5.002716 0.935216
v -0.431225 4.822038 0.900133
v -0.354458 4.832045 0.767168
v -0.365264 4.949724 0.785885
v -0.437234 4.895366 0.910540
v -0.569935 4.895366 0.833925
v -0.497965 4.949724 0.709270
v -0.487159 4.832045 0.690553
v -0.563926 4.822038 0.823518
v -0.567764 4.581690 0.830165
v -0.490873 4.581689 0.696987
v -0.358172 4.581689 0.773601
v -0.435063 4.581690 0.906780
v -0.628415 5.002716 0.935216
v -0.628415 5.146589 0.935216
v -0.589248 5.140629 0.867376
v -0.619390 4.999070 0.919584
v -0.456710 4.957532 0.944274
v -0.401072 5.063792 0.847906
v -0.456547 5.140629 0.943991
v -0.486689 4.999070 0.996199
v -0.589411 4.957532 0.867659
v -0.533773 5.063791 0.771291
v -0.435063 4.581690 0.906780
v -0.358172 4.581689 0.773601
v -0.490873 4.581689 0.696987
v -0.567764 4.581690 0.830165
v -0.495714 5.146589 1.011831
v -0.495714 5.002716 1.011831
v -0.495714 5.146589 1.011831
v -0.628415 5.146589 0.935216
v -0.628415 5.002716 0.935216
v -0.495714 5.002716 1.011831
v -0.212270 4.999070 1.088219
v -0.360278 4.999070 1.048560
v -0.344760 4.957532 0.990645
v -0.196752 4.957532 1.030303
v -0.196752 4.957532 1.030303
v -0.344760 4.957532 0.990645
v -0.334679 4.895368 0.953020
v -0.186670 4.895368 0.992678
v -0.331568 4.822039 0.941412
v -0.183560 4.822039 0.981071
v -0.333555 4.581690 0.948826
v -0.185546 4.581690 0.988485
v -0.216942 5.002716 1.105654
v -0.364950 5.002716 1.065995
v -0.183560 4.822039 0.981071
v -0.143822 4.832046 0.832767
v -0.149416 4.949725 0.853644
v -0.186670 4.895368 0.992678
v -0.334679 4.895368 0.953020
v -0.297424 4.949725 0.813985
v -0.291830 4.832046 0.793108
v -0.331568 4.822039 0.941412
v -0.333555 4.581690 0.948826
v -0.293753 4.581690 0.800285
v -0.145745 4.581690 0.839943
v -0.185546 4.581690 0.988485
v -0.364950 5.002716 1.065995
v -0.364950 5.146589 1.065995
v -0.344676 5.140629 0.990330
v -0.360278 4.999070 1.048560
v -0.196752 4.957532 1.030303
v -0.167951 5.063792 0.922819
v -0.196667 5.140629 1.029988
v -0.212270 4.999070 1.088219
v -0.344760 4.957532 0.990645
v -0.315960 5.063792 0.883161
v -0.185546 4.581690 0.988485
v -0.145745 4.581690 0.839943
v -0.293753 4.581690 0.800285
v -0.333555 4.581690 0.948826
v -0.216942 5.146589 1.105654
v -0.216942 5.002716 1.105654
v -0.216942 5.146589 1.105654
v -0.364950 5.146589 1.065995
v -0.364950 5.002716 1.065995
v -0.216942 5.002716 1.105654
v 0.076615 4.999070 1.106078
v -0.076614 4.999070 1.106078
v -0.076614 4.957532 1.046120
v 0.076615 4.957532 1.046120
v 0.076615 4.957532 1.046120
v -0.076614 4.957532 1.046120
v -0.076615 4.895368 1.007168
v 0.076615 4.895368 1.007167
v -0.076614 4.822039 0.995150
v 0.076615 4.822039 0.995150
v -0.076614 4.581690 1.002826
v 0.076615 4.581690 1.002826
v 0.076615 5.002716 1.124128
v -0.076614 5.002716 1.124128
v 0.076615 4.822039 0.995150
v 0.076615 4.832047 0.841615
v 0.076615 4.949725 0.863228
v 0.076615 4.895368 1.007167
v -0.076615 4.895368 1.007168
v -0.076614 4.949725 0.863228
v -0.076615 4.832047 0.841615
v -0.076614 4.822039 0.995150
v -0.076614 4.581690 1.002826
v -0.076615 4.581690 0.849045
v 0.076615 4.581690 0.849044
v 0.076615 4.581690 1.002826
v -0.076614 5.002716 1.124128
v -0.076614 5.146589 1.124128
v -0.076614 5.140629 1.045794
v -0.076614 4.999070 1.106078
v 0.076615 4.957532 1.046120
v 0.076615 5.063792 0.934844
v 0.076615 5.140629 1.045793
v 0.076615 4.999070 1.106078
v -0.076614 4.957532 1.046120
v -0.076614 5.063792 0.934844
v 0.076615 4.581690 1.002826
v 0.076615 4.581690 0.849044
v -0.076615 4.581690 0.849045
v -0.076614 4.581690 1.002826
v 0.076615 5.146589 1.124128
v 0.076615 5.002716 1.124128
v 0.076615 5.146589 1.124128
v -0.076614 5.146589 1.124128
v -0.076614 5.002716 1.124128
v 0.076615 5.002716 1.124128
v 0.360279 4.999070 1.048560
v 0.212270 4.999070 1.088218
v 0.196752 4.957533 1.030303
v 0.344761 4.957533 0.990644
v 0.344761 4.957533 0.990644
v 0.196752 4.957533 1.030303
v 0.186671 4.895368 0.992678
v 0.334679 4.895368 0.953019
v 0.183560 4.822039 0.981071
v 0.331569 4.822039 0.941412
v 0.185547 4.581690 0.988485
v 0.333555 4.581690 0.948826
v 0.364951 5.002717 1.065995
v 0.216942 5.002717 1.105653
v 0.331569 4.822039 0.941412
v 0.291831 4.832047 0.793108
v 0.297425 4.949726 0.813985
v 0.334679 4.895368 0.953019
v 0.186671 4.895368 0.992678
v 0.149416 4.949726 0.853644
v 0.143822 4.832047 0.832767
v 0.183560 4.822039 0.981071
v 0.185547 4.581690 0.988485
v 0.145745 4.581690 0.839943
v 0.293754 4.581690 0.800284
v 0.333555 4.581690 0.948826
v 0.216942 5.002717 1.105653
v 0.216942 5.146590 1.105653
v 0.196668 5.140629 1.029988
v 0.212270 4.999070 1.088218
v 0.344761 4.957533 0.990644
v 0.315960 5.063792 0.883160
v 0.344676 5.140629 0.990329
v 0.360279 4.999070 1.048560
v 0.196752 4.957533 1.030303
v 0.167952 5.063792 0.922819
v 0.333555 4.581690 0.948826
v 0.293754 4.581690 0.800284
v 0.145745 4.581690 0.839943
v 0.185547 4.581690 0.988485
v 0.364951 5.146590 1.065995
v 0.364951 5.002717 1.065995
v 0.364951 5.146590 1.065995
v 0.216942 5.146590 1.105653
v 0.216942 5.002717 1.105653
v 0.364951 5.002717 1.065995
v 0.619390 4.999071 0.919584
v 0.486690 4.999071 0.996198
v 0.456711 4.957533 0.944273
v 0.589411 4.957533 0.867658
v 0.589411 4.957533 0.867658
v 0.456711 4.957533 0.944273
v 0.437234 4.895368 0.910540
v 0.569935 4.895368 0.833925
v 0.431226 4.822039 0.900133
v 0.563927 4.822039 0.823518
v 0.435064 4.581690 0.906780
v 0.567764 4.581690 0.830165
v 0.628415 5.002717 0.935215
v 0.495715 5.002717 1.011830
v 0.563927 4.822039 0.823518
v 0.487159 4.832046 0.690552
v 0.497965 4.949726 0.709270
v 0.569935 4.895368 0.833925
v 0.437234 4.895368 0.910540
v 0.365265 4.949726 0.785884
v 0.354458 4.832046 0.767167
v 0.431226 4.822039 0.900133
v 0.435064 4.581690 0.906780
v 0.358173 4.581689 0.773601
v 0.490874 4.581689 0.696986
v 0.567764 4.581690 0.830165
v 0.495715 5.002717 1.011830
v 0.495715 5.146590 1.011830
v 0.456548 5.140630 0.943991
v 0.486690 4.999071 0.996198
v 0.589411 4.957533 0.867658
v 0.533773 5.063792 0.771291
v 0.589248 5.140630 0.867376
v 0.619390 4.999071 0.919584
v 0.456711 4.957533 0.944273
v 0.401073 5.063793 0.847906
v 0.567764 4.581690 0.830165
v 0.490874 4.581689 0.696986
v 0.358173 4.581689 0.773601
v 0.435064 4.581690 0.906780
v 0.628415 5.146590 0.935215
v 0.628415 5.002717 0.935215
v 0.628415 5.146590 0.935215
v 0.495715 5.146590 1.011830
v 0.495715 5.002717 1.011830
v 0.628415 5.002717 0.935215
v 0.836291 4.999070 0.727940
v 0.727942 4.999071 0.836289
v 0.685545 4.957533 0.793893
v 0.793894 4.957532 0.685543
v 0.793894 4.957532 0.685543
v 0.685545 4.957533 0.793893
v 0.658001 4.895368 0.766349
v 0.766351 4.895368 0.657999
v 0.766351 4.895368 0.657999
v 0.658001 4.895368 0.766349
v 0.649504 4.822039 0.757852
v 0.757854 4.822039 0.649502
v 0.654931 4.581689 0.763279
v 0.763281 4.581689 0.654929
v 0.849055 5.002717 0.740703
v 0.740705 5.002717 0.849052
v 0.757854 4.822039 0.649502
v 0.649288 4.832046 0.540936
v 0.664570 4.949726 0.556219
v 0.766351 4.895368 0.657999
v 0.658001 4.895368 0.766349
v 0.556221 4.949726 0.664569
v 0.540938 4.832046 0.649286
v 0.649504 4.822039 0.757852
v 0.654931 4.581689 0.763279
v 0.546191 4.581689 0.654539
v 0.654541 4.581689 0.546189
v 0.763281 4.581689 0.654929
v 0.740705 5.002717 0.849052
v 0.740705 5.146590 0.849052
v 0.685314 5.140630 0.793662
v 0.727942 4.999071 0.836289
v 0.793894 4.957532 0.685543
v 0.715211 5.063792 0.606859
v 0.793664 5.140630 0.685312
v 0.836291 4.999070 0.727940
v 0.685545 4.957533 0.793893
v 0.606861 5.063792 0.715209
v 0.763281 4.581689 0.654929
v 0.654541 4.581689 0.546189
v 0.546191 4.581689 0.654539
v 0.654931 4.581689 0.763279
v 0.849055 5.146590 0.740703
v 0.849055 5.002717 0.740703
v 0.849055 5.146590 0.740703
v 0.740705 5.146590 0.849052
v 0.740705 5.002717 0.849052
v 0.849055 5.002717 0.740703
v 0.996201 4.999070 0.486687
v 0.919585 4.999070 0.619388
v 0.867661 4.957532 0.589409
v 0.944275 4.957532 0.456708
v 0.944275 4.957532 0.456708
v 0.867661 4.957532 0.589409
v 0.833927 4.895368 0.569933
v 0.910541 4.895368 0.437232
v 0.823520 4.822039 0.563924
v 0.900134 4.822039 0.431224
v 0.830167 4.581689 0.567762
v 0.906781 4.581689 0.435061
v 1.011832 5.002717 0.495712
v 0.935217 5.002717 0.628413
v 0.900134 4.822039 0.431224
v 0.767169 4.832047 0.354456
v 0.785886 4.949726 0.365263
v 0.910541 4.895368 0.437232
v 0.833927 4.895368 0.569933
v 0.709272 4.949726 0.497963
v 0.690554 4.832047 0.487157
v 0.823520 4.822039 0.563924
v 0.830167 4.581689 0.567762
v 0.696988 4.581689 0.490872
v 0.773603 4.581689 0.358171
v 0.906781 4.581689 0.435061
v 0.935217 5.002717 0.628413
v 0.935217 5.146590 0.628413
v 0.867378 5.140630 0.589246
v 0.919585 4.999070 0.619388
v 0.944275 4.957532 0.456708
v 0.847908 5.063792 0.401070
v 0.943993 5.140630 0.456545
v 0.996201 4.999070 0.486687
v 0.867661 4.957532 0.589409
v 0.771293 5.063792 0.533771
v 0.906781 4.581689 0.435061
v 0.773603 4.581689 0.358171
v 0.696988 4.581689 0.490872
v 0.830167 4.581689 0.567762
v 1.011832 5.146590 0.495712
v 1.011832 5.002717 0.495712
v 1.011832 5.146590 0.495712
v 0.935217 5.146590 0.628413
v 0.935217 5.002717 0.628413
v 1.011832 5.002717 0.495712
v 1.088220 4.999070 0.212268
v 1.048561 4.999070 0.360277
v 0.990646 4.957533 0.344758
v 1.030305 4.957533 0.196750
v 1.030305 4.957533 0.196750
v 0.990646 4.957533 0.344758
v 0.953021 4.895368 0.334677
v 0.992680 4.895368 0.186668
v 0.941414 4.822039 0.331567
v 0.981072 4.822039 0.183558
v 0.948827 4.581689 0.333553
v 0.988486 4.581689 0.185545
v 1.105655 5.002717 0.216940
v 1.065996 5.002717 0.364948
v 0.981072 4.822039 0.183558
v 0.832769 4.832047 0.143820
v 0.853645 4.949727 0.149414
v 0.992680 4.895368 0.186668
v 0.953021 4.895368 0.334677
v 0.813986 4.949727 0.297423
v 0.793110 4.832047 0.291829
v 0.941414 4.822039 0.331567
v 0.948827 4.581689 0.333553
v 0.800286 4.581689 0.293752
v 0.839945 4.581689 0.145743
v 0.988486 4.581689 0.185545
v 1.065996 5.002717 0.364948
v 1.065996 5.146591 0.364948
v 0.990331 5.140630 0.344674
v 1.048561 4.999070 0.360277
v 1.030305 4.957533 0.196750
v 0.922821 5.063792 0.167950
v 1.029990 5.140630 0.196665
v 1.088220 4.999070 0.212268
v 0.990646 4.957533 0.344758
v 0.883162 5.063792 0.315958
v 0.988486 4.581689 0.185545
v 0.839945 4.581689 0.145743
v 0.800286 4.581689 0.293752
v 0.948827 4.581689 0.333553
v 1.105655 5.146591 0.216940
v 1.105655 5.002717 0.216940
v 1.105655 5.146591 0.216940
v 1.065996 5.146591 0.364948
v 1.065996 5.002717 0.364948
v 1.105655 5.002717 0.216940
v 1.106079 4.999071 -0.076617
v 1.106079 4.999071 0.076613
v 1.046121 4.957533 0.076613
v 1.046121 4.957533 -0.076617
v 1.046121 4.957533 -0.076617
v 1.046121 4.957533 0.076613
v 1.007169 4.895368 0.076613
v 1.007169 4.895368 -0.076617
v 0.995152 4.822039 0.076613
v 0.995152 4.822039 -0.076617
v 1.002827 4.581689 0.076613
v 1.002827 4.581689 -0.076617
v 1.124129 5.002717 -0.076617
v 1.124129 5.002717 0.076613
v 0.995152 4.822039 -0.076617
v 0.841617 4.832047 -0.076617
v 0.863230 4.949727 -0.076617
v 1.007169 4.895368 -0.076617
v 1.007169 4.895368 0.076613
v 0.863230 4.949727 0.076613
v 0.841617 4.832047 0.076613
v 0.995152 4.822039 0.076613
v 1.002827 4.581689 0.076613
v 0.849046 4.581689 0.076613
v 0.849046 4.581689 -0.076617
v 1.002827 4.581689 -0.076617
v 1.124129 5.002717 0.076613
v 1.124129 5.146591 0.076613
v 1.045795 5.140631 0.076613
v 1.106079 4.999071 0.076613
v 1.046121 4.957533 -0.076617
v 0.934845 5.063793 -0.076617
v 1.045795 5.140631 -0.076617
v 1.106079 4.999071 -0.076617
v 1.046121 4.957533 0.076613
v 0.934845 5.063793 0.076613
v 1.002827 4.581689 -0.076617
v 0.849046 4.581689 -0.076617
v 0.849046 4.581689 0.076613
v 1.002827 4.581689 0.076613
v 1.124129 5.146591 -0.076617
v 1.124129 5.002717 -0.076617
v 1.124129 5.146591 -0.076617
v 1.124129 5.146591 0.076613
v 1.124129 5.002717 0.076613
v 1.124129 5.002717 -0.076617
v 1.048561 4.999071 -0.360281
v 1.088220 4.999071 -0.212272
v 1.030305 4.957533 -0.196754
v 0.990646 4.957533 -0.344762
v 0.990646 4.957533 -0.344762
v 1.030305 4.957533 -0.196754
v 0.992680 4.895369 -0.186672
v 0.953021 4.895369 -0.334681
v 0.981072 4.822040 -0.183562
v 0.941413 4.822040 -0.331570
v 0.988486 4.581689 -0.185548
v 0.948827 4.581689 -0.333557
v 1.065996 5.002717 -0.364952
v 1.105655 5.002717 -0.216944
v 0.941413 4.822040 -0.331570
v 0.793110 4.832047 -0.291832
v 0.813986 4.949727 -0.297426
v 0.953021 4.895369 -0.334681
v 0.992680 4.895369 -0.186672
v 0.853645 4.949727 -0.149418
v 0.832769 4.832047 -0.143824
v 0.981072 4.822040 -0.183562
v 0.988486 4.581689 -0.185548
v 0.839945 4.581689 -0.145747
v 0.800286 4.581689 -0.293755
v 0.948827 4.581689 -0.333557
v 1.105655 5.002717 -0.216944
v 1.105655 5.146591 -0.216944
v 1.029990 5.140631 -0.196670
v 1.088220 4.999071 -0.212272
v 0.990646 4.957533 -0.344762
v 0.883162 5.063793 -0.315962
v 0.990331 5.140631 -0.344678
v 1.048561 4.999071 -0.360281
v 1.030305 4.957533 -0.196754
v 0.922821 5.063793 -0.167954
v 0.948827 4.581689 -0.333557
v 0.800286 4.581689 -0.293755
v 0.839945 4.581689 -0.145747
v 0.988486 4.581689 -0.185548
v 1.065996 5.146591 -0.364953
v 1.065996 5.002717 -0.364952
v 1.065996 5.146591 -0.364953
v 1.105655 5.146591 -0.216944
v 1.105655 5.002717 -0.216944
v 1.065996 5.002717 -0.364952
v 0.919585 4.999071 -0.619392
v 0.996200 4.999071 -0.486691
v 0.944275 4.957533 -0.456712
v 0.867660 4.957533 -0.589413
v 0.867660 4.957533 -0.589413
v 0.944275 4.957533 -0.456712
v 0.910541 4.895369 -0.437236
v 0.833926 4.895369 -0.569937
v 0.900134 4.822040 -0.431227
v 0.823519 4.822040 -0.563928
v 0.906781 4.581689 -0.435065
v 0.830166 4.581689 -0.567766
v 0.935217 5.002717 -0.628417
v 1.011832 5.002717 -0.495716
v 0.823519 4.822040 -0.563928
v 0.690554 4.832048 -0.487161
v 0.709271 4.949727 -0.497967
v 0.833926 4.895369 -0.569937
v 0.910541 4.895369 -0.437236
v 0.785886 4.949727 -0.365266
v 0.767169 4.832048 -0.354460
v 0.900134 4.822040 -0.431227
v 0.906781 4.581689 -0.435065
v 0.773602 4.581689 -0.358174
v 0.696988 4.581689 -0.490875
v 0.830166 4.581689 -0.567766
v 1.011832 5.002717 -0.495716
v 1.011832 5.146591 -0.495716
v 0.943992 5.140631 -0.456549
v 0.996200 4.999071 -0.486691
v 0.867660 4.957533 -0.589413
v 0.771292 5.063793 -0.533775
v 0.867377 5.140631 -0.589250
v 0.919585 4.999071 -0.619392
v 0.944275 4.957533 -0.456712
v 0.847907 5.063793 -0.401074
v 0.830166 4.581689 -0.567766
v 0.696988 4.581689 -0.490875
v 0.773602 4.581689 -0.358174
v 0.906781 4.581689 -0.435065
v 0.935217 5.146591 -0.628417
v 0.935217 5.002717 -0.628417
v 0.935217 5.146591 -0.628417
v 1.011832 5.146591 -0.495716
v 1.011832 5.002717 -0.495716
v 0.935217 5.002717 -0.628417
v 0.727941 4.999071 -0.836293
v 0.836290 4.999071 -0.727943
v 0.793894 4.957535 -0.685547
v 0.685544 4.957534 -0.793896
v 0.685544 4.957534 -0.793896
v 0.793894 4.957535 -0.685547
v 0.766350 4.895369 -0.658003
v 0.658001 4.895369 -0.766353
v 0.757853 4.822040 -0.649506
v 0.649503 4.822040 -0.757855
v 0.649503 4.822040 -0.757855
v 0.757853 4.822040 -0.649506
v 0.763280 4.581689 -0.654933
v 0.654931 4.581689 -0.763283
v 0.740704 5.002718 -0.849056
v 0.849054 5.002718 -0.740707
v 0.649503 4.822040 -0.757855
v 0.540938 4.832048 -0.649289
v 0.556220 4.949728 -0.664572
v 0.658001 4.895369 -0.766353
v 0.766350 4.895369 -0.658003
v 0.664570 4.949728 -0.556222
v 0.649287 4.832048 -0.540940
v 0.757853 4.822040 -0.649506
v 0.763280 4.581689 -0.654933
v 0.654541 4.581689 -0.546193
v 0.546191 4.581689 -0.654543
v 0.654931 4.581689 -0.763283
v 0.849054 5.002718 -0.740707
v 0.849054 5.146592 -0.740707
v 0.793663 5.140631 -0.685316
v 0.836290 4.999071 -0.727943
v 0.685544 4.957534 -0.793896
v 0.606860 5.063793 -0.715212
v 0.685314 5.140630 -0.793666
v 0.727941 4.999071 -0.836293
v 0.793894 4.957535 -0.685547
v 0.715210 5.063793 -0.606863
v 0.654931 4.581689 -0.763283
v 0.546191 4.581689 -0.654543
v 0.654541 4.581689 -0.546193
v 0.763280 4.581689 -0.654933
v 0.740704 5.146592 -0.849056
v 0.740704 5.002718 -0.849056
v 0.740704 5.146592 -0.849056
v 0.849054 5.146592 -0.740707
v 0.849054 5.002718 -0.740707
v 0.740704 5.002718 -0.849056
v 0.486689 4.999072 -0.996202
v 0.619389 4.999072 -0.919587
v 0.589411 4.957534 -0.867662
v 0.456710 4.957534 -0.944277
v 0.456710 4.957534 -0.944277
v 0.589411 4.957534 -0.867662
v 0.569934 4.895369 -0.833928
v 0.437234 4.895369 -0.910543
v 0.563926 4.822040 -0.823521
v 0.431225 4.822040 -0.900136
v 0.567763 4.581689 -0.830168
v 0.435063 4.581689 -0.906783
v 0.495714 5.002718 -1.011834
v 0.628414 5.002718 -0.935219
v 0.431225 4.822040 -0.900136
v 0.354458 4.832048 -0.767171
v 0.365264 4.949728 -0.785888
v 0.437234 4.895369 -0.910543
v 0.569934 4.895369 -0.833928
v 0.497965 4.949728 -0.709273
v 0.487158 4.832048 -0.690556
v 0.563926 4.822040 -0.823521
v 0.567763 4.581689 -0.830168
v 0.490873 4.581689 -0.696989
v 0.358172 4.581689 -0.773604
v 0.435063 4.581689 -0.906783
v 0.628414 5.002718 -0.935219
v 0.628414 5.146592 -0.935219
v 0.589247 5.140631 -0.867380
v 0.619389 4.999072 -0.919587
v 0.456710 4.957534 -0.944277
v 0.401072 5.063794 -0.847909
v 0.456547 5.140631 -0.943994
v 0.486689 4.999072 -0.996202
v 0.589411 4.957534 -0.867662
v 0.533773 5.063794 -0.771294
v 0.435063 4.581689 -0.906783
v 0.358172 4.581689 -0.773604
v 0.490873 4.581689 -0.696989
v 0.567763 4.581689 -0.830168
v 0.495714 5.146592 -1.011834
v 0.495714 5.002718 -1.011834
v 0.495714 5.146592 -1.011834
v 0.628414 5.146592 -0.935219
v 0.628414 5.002718 -0.935219
v 0.495714 5.002718 -1.011834
v 0.212269 4.999072 -1.088222
v 0.360278 4.999072 -1.048563
v 0.344760 4.957534 -0.990648
v 0.196751 4.957534 -1.030306
v 0.196751 4.957534 -1.030306
v 0.344760 4.957534 -0.990648
v 0.334678 4.895370 -0.953023
v 0.186670 4.895370 -0.992682
v 0.331568 4.822041 -0.941415
v 0.183560 4.822041 -0.981074
v 0.333554 4.581689 -0.948829
v 0.185546 4.581689 -0.988488
v 0.216941 5.002718 -1.105657
v 0.364949 5.002718 -1.065998
v 0.183560 4.822041 -0.981074
v 0.143822 4.832047 -0.832770
v 0.149416 4.949727 -0.853647
v 0.186670 4.895370 -0.992682
v 0.334678 4.895370 -0.953023
v 0.297424 4.949727 -0.813988
v 0.291830 4.832047 -0.793112
v 0.331568 4.822041 -0.941415
v 0.333554 4.581689 -0.948829
v 0.293753 4.581689 -0.800287
v 0.145744 4.581689 -0.839946
v 0.185546 4.581689 -0.988488
v 0.364949 5.002718 -1.065998
v 0.364949 5.146592 -1.065998
v 0.344675 5.140631 -0.990333
v 0.360278 4.999072 -1.048563
v 0.196751 4.957534 -1.030306
v 0.167951 5.063794 -0.922822
v 0.196667 5.140631 -1.029991
v 0.212269 4.999072 -1.088222
v 0.344760 4.957534 -0.990648
v 0.315959 5.063794 -0.883164
v 0.185546 4.581689 -0.988488
v 0.145744 4.581689 -0.839946
v 0.293753 4.581689 -0.800287
v 0.333554 4.581689 -0.948829
v 0.216941 5.146592 -1.105657
v 0.216941 5.002718 -1.105657
v 0.216941 5.146592 -1.105657
v 0.364949 5.146592 -1.065998
v 0.364949 5.002718 -1.065998
v 0.216941 5.002718 -1.105657
v 0.907158 4.581623 -0.375758
v 0.963034 4.581623 -0.191561
v 1.016482 4.583415 -0.202192
v 0.957505 4.583415 -0.396613
v 0.000000 4.536245 1.010550
v 0.197149 4.536245 0.991132
v 0.202488 4.537146 1.017973
v 0.000000 4.537146 1.037916
v 0.816420 4.581623 -0.545516
v 0.861731 4.583415 -0.575792
v -0.191559 4.581622 -0.963035
v 0.000000 4.581622 -0.981902
v 0.000000 4.583414 -1.036397
v -0.202191 4.583414 -1.016483
v -0.205671 2.125225 1.033977
v -0.215317 0.440000 1.082474
v 0.000000 0.440000 1.103680
v 0.000000 2.125225 1.054234
v 0.694309 4.581623 -0.694310
v 0.732842 4.583416 -0.732844
v -0.375757 4.581622 -0.907159
v -0.396611 4.583414 -0.957506
v -0.403438 2.125225 0.973985
v -0.422360 0.440000 1.019668
v 0.545515 4.581622 -0.816422
v 0.575791 4.583414 -0.861733
v -0.545515 4.581622 -0.816422
v -0.575791 4.583414 -0.861733
v -0.714568 4.536244 0.714566
v -0.561432 4.536245 0.840241
v -0.576636 4.537146 0.862996
v -0.733919 4.537145 0.733917
v 0.375757 4.581622 -0.907159
v 0.396611 4.583414 -0.957506
v -0.694309 4.581623 -0.694310
v -0.732843 4.583416 -0.732844
v -0.585701 2.125225 0.876563
v -0.613172 0.440000 0.917677
v 0.191559 4.581622 -0.963035
v 0.202191 4.583414 -1.016483
v -0.816420 4.581623 -0.545516
v -0.861732 4.583415 -0.575792
v -0.876564 2.125225 0.585701
v -0.917677 0.440000 0.613172
v -0.780420 0.440000 0.780420
v -0.745456 2.125225 0.745456
v -0.907158 4.581623 -0.375759
v -0.957505 4.583415 -0.396613
v -0.973985 2.125225 0.403438
v -1.019668 0.440000 0.422360
v -0.963034 4.581623 -0.191561
v -1.016482 4.583415 -0.202192
v -1.010551 4.536244 -0.000001
v -0.991134 4.536244 0.197147
v -1.017975 4.537145 0.202486
v -1.037918 4.537145 -0.000001
v -0.981901 4.581623 -0.000001
v -1.036396 4.583415 -0.000001
v -1.033978 2.125225 0.205670
v -1.082474 0.440000 0.215317
v -0.963034 4.581623 0.191558
v -1.016482 4.583415 0.202189
v -1.033978 2.125225 -0.205672
v -1.082474 0.440000 -0.215318
v -1.103681 0.440000 -0.000000
v -1.054234 2.125225 -0.000001
v -0.907158 4.581623 0.375756
v -0.957505 4.583415 0.396610
v -0.973985 2.125224 -0.403439
v -1.019668 0.440000 -0.422361
v -0.816420 4.581623 0.545514
v -0.861731 4.583415 0.575789
v -0.198753 3.460681 -0.999203
v -0.206076 2.125224 -1.036017
v -0.403437 2.125224 -0.973985
v -0.290881 3.460682 -0.971256
v -0.694308 4.581623 0.694307
v -0.732842 4.583416 0.732841
v -0.876564 2.125224 -0.585702
v -0.917677 0.440000 -0.613172
v 0.000000 4.536244 -1.010553
v -0.197149 4.536244 -0.991135
v -0.202488 4.537145 -1.017976
v 0.000000 4.537145 -1.037919
v -0.386721 4.536244 -0.933629
v -0.397194 4.537145 -0.958912
v -0.561432 4.536244 -0.840244
v -0.576636 4.537145 -0.862998
v -0.714568 4.536244 -0.714569
v -0.733919 4.537145 -0.733920
v -0.840243 4.536244 -0.561433
v -0.933627 4.536244 -0.386723
v -0.958911 4.537145 -0.397196
v -0.862997 4.537145 -0.576638
v 0.000000 3.460681 -1.018778
v 0.000000 2.125224 -1.056314
v -0.991134 4.536244 -0.197150
v -1.017975 4.537145 -0.202489
v -0.933627 4.536244 0.386720
v -0.958911 4.537145 0.397193
v -0.745456 2.125224 -0.745457
v -0.780420 0.440000 -0.780420
v -0.585701 2.125224 -0.876565
v -0.546854 4.508354 -0.818426
v -0.376679 4.508354 -0.909386
v -0.386721 4.536245 0.933626
v -0.397194 4.537146 0.958910
v -0.840242 4.536244 0.561431
v -0.862997 4.537145 0.576635
v 0.386721 4.536245 0.933626
v 0.397194 4.537146 0.958910
v -0.745456 2.125225 0.745456
v -0.780420 0.440000 0.780420
v -0.197149 4.536245 0.991132
v -0.202488 4.537146 1.017973
v 0.840243 4.536244 0.561431
v 0.933628 4.536244 0.386720
v 0.958911 4.537145 0.397193
v 0.862997 4.537145 0.576635
v 0.215317 0.440000 1.082474
v 0.205671 2.125225 1.033977
v 0.991134 4.536244 0.197147
v 1.017975 4.537145 0.202486
v 1.010551 4.536244 -0.000001
v 0.991134 4.536244 -0.197150
v 1.017975 4.537145 -0.202489
v 1.037918 4.537145 -0.000001
v 0.745456 2.125225 0.745456
v 0.780420 0.440000 0.780420
v 0.917677 0.440000 0.613172
v 0.876564 2.125225 0.585701
v 0.933627 4.536244 -0.386723
v 0.840243 4.536244 -0.561434
v 0.862997 4.537145 -0.576638
v 0.958911 4.537145 -0.397195
v 1.033978 2.125225 0.205670
v 1.082474 0.440000 0.215317
v 1.103680 0.440000 -0.000000
v 1.054234 2.125225 -0.000001
v 0.714568 4.536244 -0.714569
v 0.561432 4.536244 -0.840244
v 0.576636 4.537145 -0.862998
v 0.733919 4.537145 -0.733920
v 1.033978 2.125225 -0.205672
v 1.082474 0.440000 -0.215318
v 1.019668 0.440000 -0.422360
v 0.973985 2.125224 -0.403439
v 0.386721 4.536244 -0.933629
v 0.197149 4.536244 -0.991135
v 0.202488 4.537145 -1.017976
v 0.397194 4.537145 -0.958912
v 0.876564 2.125224 -0.585702
v 0.917677 0.440000 -0.613172
v 0.780420 0.440000 -0.780420
v 0.745456 2.125224 -0.745457
v 0.000000 4.537145 -1.037919
v 0.000000 4.583414 -1.036397
v 0.202191 4.583414 -1.016483
v 0.202488 4.537145 -1.017976
v 0.396611 4.583414 -0.957506
v 0.397194 4.537145 -0.958912
v 0.575791 4.583414 -0.861733
v 0.576636 4.537145 -0.862998
v 0.732842 4.583416 -0.732844
v 0.733919 4.537145 -0.733920
v 0.733919 4.537145 -0.733920
v 0.732842 4.583416 -0.732844
v 0.861731 4.583415 -0.575792
v 0.862997 4.537145 -0.576638
v 0.957505 4.583415 -0.396613
v 0.958911 4.537145 -0.397195
v 1.016482 4.583415 -0.202192
v 1.017975 4.537145 -0.202489
v 1.036396 4.583415 -0.000001
v 1.037918 4.537145 -0.000001
v 1.016482 4.583415 0.202189
v 1.017975 4.537145 0.202486
v 0.957505 4.583415 0.396610
v 0.958911 4.537145 0.397193
v 0.861732 4.583415 0.575789
v 0.862997 4.537145 0.576635
v 0.732842 4.583416 0.732841
v 0.733919 4.537145 0.733917
v 0.733919 4.537145 0.733917
v 0.732842 4.583416 0.732841
v 0.575791 4.583415 0.861730
v 0.576636 4.537146 0.862996
v 0.396611 4.583415 0.957503
v 0.397194 4.537146 0.958910
v 0.202191 4.583415 1.016480
v 0.202488 4.537146 1.017973
v 0.000000 4.583415 1.036394
v 0.000000 4.537146 1.037916
v -0.202191 4.583415 1.016480
v -0.202488 4.537146 1.017973
v -0.396611 4.583415 0.957503
v -0.397194 4.537146 0.958910
v -0.575791 4.583415 0.861730
v -0.576636 4.537146 0.862996
v -0.732842 4.583416 0.732841
v -0.733919 4.537145 0.733917
v -0.733919 4.537145 0.733917
v -0.732842 4.583416 0.732841
v -0.861731 4.583415 0.575789
v -0.862997 4.537145 0.576635
v -0.957505 4.583415 0.396610
v -0.958911 4.537145 0.397193
v -1.016482 4.583415 0.202189
v -1.017975 4.537145 0.202486
v -1.036396 4.583415 -0.000001
v -1.037918 4.537145 -0.000001
v -1.016482 4.583415 -0.202192
v -1.017975 4.537145 -0.202489
v -0.957505 4.583415 -0.396613
v -0.958911 4.537145 -0.397196
v -0.861732 4.583415 -0.575792
v -0.862997 4.537145 -0.576638
v -0.732843 4.583416 -0.732844
v -0.733919 4.537145 -0.733920
v -0.733919 4.537145 -0.733920
v -0.732843 4.583416 -0.732844
v -0.575791 4.583414 -0.861733
v -0.576636 4.537145 -0.862998
v -0.396611 4.583414 -0.957506
v -0.397194 4.537145 -0.958912
v -0.202191 4.583414 -1.016483
v -0.202488 4.537145 -1.017976
v 0.714568 4.536244 0.714566
v 0.733919 4.537145 0.733917
v 0.981900 4.581623 -0.000001
v 1.036396 4.583415 -0.000001
v 0.561432 4.536245 0.840241
v 0.576636 4.537146 0.862996
v 0.963034 4.581623 0.191558
v 1.016482 4.583415 0.202189
v 0.422360 0.440000 1.019668
v 0.403438 2.125225 0.973985
v 0.907158 4.581623 0.375756
v 0.957505 4.583415 0.396610
v 0.816420 4.581623 0.545513
v 0.861732 4.583415 0.575789
v 0.973986 2.125225 0.403437
v 1.019668 0.440000 0.422360
v 0.694309 4.581623 0.694307
v 0.732842 4.583416 0.732841
v 0.545515 4.581623 0.816419
v 0.575791 4.583415 0.861730
v 0.375757 4.581623 0.907156
v 0.396611 4.583415 0.957503
v 0.191559 4.581623 0.963032
v 0.202191 4.583415 1.016480
v 0.613172 0.440000 0.917677
v 0.585701 2.125225 0.876563
v 0.000000 4.581623 0.981899
v 0.000000 4.583415 1.036394
v -0.191559 4.581623 0.963032
v -0.202191 4.583415 1.016480
v 0.780420 0.440000 0.780420
v 0.745456 2.125225 0.745456
v -0.375757 4.581623 0.907156
v -0.396611 4.583415 0.957503
v -0.545515 4.581623 0.816419
v -0.575791 4.583415 0.861730
v -0.197149 4.536244 -0.991135
v 0.000000 4.536244 -1.010553
v 0.000000 4.508945 -1.010636
v -0.197165 4.508945 -0.991217
v -0.197165 4.508945 -0.991217
v 0.000000 4.508945 -1.010636
v 0.000000 4.508354 -0.984312
v -0.192029 4.508354 -0.965399
v -0.386721 4.536244 -0.933629
v -0.386753 4.508945 -0.933706
v -0.386753 4.508945 -0.933706
v -0.376679 4.508354 -0.909386
v -0.561432 4.536244 -0.840244
v -0.561479 4.508945 -0.840313
v -0.561479 4.508945 -0.840313
v -0.546854 4.508354 -0.818426
v -0.714568 4.536244 -0.714569
v -0.714627 4.508946 -0.714628
v -0.714627 4.508946 -0.714628
v -0.696013 4.508354 -0.696014
v -0.840243 4.536244 -0.561433
v -0.714568 4.536244 -0.714569
v -0.714627 4.508946 -0.714628
v -0.840312 4.508946 -0.561480
v -0.840312 4.508946 -0.561480
v -0.818425 4.508354 -0.546855
v -0.933627 4.536244 -0.386723
v -0.933705 4.508946 -0.386755
v -0.933705 4.508946 -0.386755
v -0.909384 4.508354 -0.376681
v -0.991134 4.536244 -0.197150
v -0.991216 4.508946 -0.197167
v -0.991216 4.508946 -0.197167
v -0.965398 4.508354 -0.192031
v -1.010551 4.536244 -0.000001
v -1.010635 4.508946 -0.000001
v -1.010635 4.508946 -0.000001
v -0.984311 4.508354 -0.000001
v -0.991134 4.536244 0.197147
v -0.991216 4.508946 0.197164
v -0.991216 4.508946 0.197164
v -0.965398 4.508354 0.192028
v -0.933627 4.536244 0.386720
v -0.933705 4.508946 0.386752
v -0.933705 4.508946 0.386752
v -0.909385 4.508354 0.376678
v -0.840242 4.536244 0.561431
v -0.840312 4.508946 0.561478
v -0.840312 4.508946 0.561478
v -0.818424 4.508354 0.546853
v -0.714568 4.536244 0.714566
v -0.714627 4.508946 0.714625
v -0.714627 4.508946 0.714625
v -0.696013 4.508354 0.696012
v -0.561432 4.536245 0.840241
v -0.714568 4.536244 0.714566
v -0.714627 4.508946 0.714625
v -0.561479 4.508946 0.840311
v -0.561479 4.508946 0.840311
v -0.546854 4.508355 0.818423
v -0.386721 4.536245 0.933626
v -0.386753 4.508946 0.933703
v -0.386753 4.508946 0.933703
v -0.376679 4.508355 0.909383
v -0.197149 4.536245 0.991132
v -0.197165 4.508946 0.991215
v -0.197165 4.508946 0.991215
v -0.192029 4.508355 0.965396
v 0.000000 4.536245 1.010550
v 0.000000 4.508946 1.010633
v 0.000000 4.508946 1.010633
v 0.000000 4.508355 0.984309
v 0.197149 4.536245 0.991132
v 0.197165 4.508946 0.991215
v 0.197165 4.508946 0.991215
v 0.192030 4.508355 0.965396
v 0.386721 4.536245 0.933626
v 0.386753 4.508946 0.933703
v 0.386753 4.508946 0.933703
v 0.376679 4.508355 0.909383
v 0.561432 4.536245 0.840241
v 0.561479 4.508946 0.840311
v 0.561479 4.508946 0.840311
v 0.546854 4.508355 0.818423
v 0.714568 4.536244 0.714566
v 0.714627 4.508946 0.714625
v 0.714627 4.508946 0.714625
v 0.696013 4.508354 0.696012
v 0.840243 4.536244 0.561431
v 0.714568 4.536244 0.714566
v 0.714627 4.508946 0.714625
v 0.840312 4.508946 0.561477
v 0.840312 4.508946 0.561477
v 0.818425 4.508354 0.546852
v 0.933628 4.536244 0.386720
v 0.933705 4.508946 0.386752
v 0.933705 4.508946 0.386752
v 0.909385 4.508354 0.376678
v 0.991134 4.536244 0.197147
v 0.991216 4.508946 0.197164
v 0.991216 4.508946 0.197164
v 0.965398 4.508354 0.192028
v 1.010551 4.536244 -0.000001
v 1.010635 4.508946 -0.000001
v 1.010635 4.508946 -0.000001
v 0.984311 4.508354 -0.000001
v 0.991134 4.536244 -0.197150
v 0.991216 4.508946 -0.197166
v 0.991216 4.508946 -0.197166
v 0.965398 4.508354 -0.192031
v 0.933627 4.536244 -0.386723
v 0.933705 4.508946 -0.386755
v 0.933705 4.508946 -0.386755
v 0.909385 4.508354 -0.376681
v 0.840243 4.536244 -0.561434
v 0.840312 4.508946 -0.561480
v 0.840312 4.508946 -0.561480
v 0.818425 4.508354 -0.546855
v 0.714568 4.536244 -0.714569
v 0.714627 4.508946 -0.714628
v 0.714627 4.508946 -0.714628
v 0.696013 4.508354 -0.696014
v 0.561432 4.536244 -0.840244
v 0.714568 4.536244 -0.714569
v 0.714627 4.508946 -0.714628
v 0.561479 4.508945 -0.840314
v 0.561479 4.508945 -0.840314
v 0.546854 4.508354 -0.818426
v 0.386721 4.536244 -0.933629
v 0.386753 4.508945 -0.933706
v 0.386753 4.508945 -0.933706
v 0.376679 4.508354 -0.909386
v 0.197149 4.536244 -0.991135
v 0.197165 4.508945 -0.991217
v 0.197165 4.508945 -0.991217
v 0.192030 4.508354 -0.965399
v 0.585701 2.125224 -0.876565
v 0.613172 0.440000 -0.917677
v 0.422359 0.440000 -1.019666
v 0.403437 2.125224 -0.973985
v 0.000000 4.391994 -0.988140
v -0.192776 4.391994 -0.969153
v -0.192029 4.508354 -0.965399
v 0.000000 4.508354 -0.984312
v -0.290881 4.391994 -0.939394
v -0.290881 4.391994 -0.900192
v -0.290881 3.460682 -0.930767
v -0.290881 3.460682 -0.971256
v 0.192776 4.391994 -0.969153
v 0.192030 4.508354 -0.965399
v -0.290881 4.391994 -0.939394
v 0.376679 4.508354 -0.909386
v 0.290881 4.391994 -0.939394
v 0.021810 3.507247 -0.929235
v 0.021810 3.506886 -0.907241
v 0.261793 3.506886 -0.907244
v 0.261793 3.507247 -0.929238
v -0.261793 3.507247 -0.929238
v -0.261793 3.506886 -0.907244
v -0.021810 3.506886 -0.907241
v -0.021810 3.507247 -0.929235
v 0.021810 3.460682 -0.930767
v 0.021810 3.507247 -0.929235
v 0.261793 3.507247 -0.929238
v 0.290881 3.460682 -0.930767
v -0.290881 3.460682 -0.930767
v -0.261793 3.507247 -0.929238
v -0.021810 3.507247 -0.929235
v -0.021810 3.460682 -0.930767
v 0.021810 3.506886 -0.907241
v 0.021810 3.507247 -0.929235
v -0.021810 3.507247 -0.929235
v -0.021810 3.506886 -0.907241
v -0.021810 4.345428 -0.901721
v -0.021810 4.391994 -0.900192
v -0.261793 4.345428 -0.901721
v -0.290881 4.391994 -0.900192
v 0.021810 3.738590 -0.921641
v 0.021810 3.904539 -0.916194
v 0.021810 3.904179 -0.894200
v 0.021810 3.738230 -0.899647
v 0.261793 4.113724 -0.887321
v 0.261793 3.947775 -0.892769
v 0.021810 3.947775 -0.892769
v 0.021810 4.113724 -0.887321
v -0.261793 3.948136 -0.914763
v -0.261793 4.114085 -0.909315
v -0.261793 4.113724 -0.887321
v -0.261793 3.947775 -0.892769
v 0.021810 4.345067 -0.879726
v 0.261793 4.345067 -0.879726
v 0.261793 4.157320 -0.885890
v 0.021810 4.157320 -0.885890
v -0.021810 3.738590 -0.921641
v -0.021810 3.694994 -0.923072
v -0.261793 3.694994 -0.923073
v -0.261793 3.738590 -0.921642
v 0.261793 3.947775 -0.892769
v 0.261793 4.113724 -0.887321
v 0.261793 4.114085 -0.909315
v 0.261793 3.948136 -0.914764
v 0.261793 3.738230 -0.899648
v 0.261793 3.904179 -0.894201
v 0.261793 3.904539 -0.916195
v 0.261793 3.738590 -0.921642
v 0.261793 4.157320 -0.885890
v 0.261793 4.345067 -0.879726
v 0.261793 4.345428 -0.901721
v 0.261793 4.157681 -0.907884
v 0.021810 4.157320 -0.885890
v 0.021810 4.113724 -0.887321
v 0.021810 4.114085 -0.909315
v 0.021810 4.157681 -0.907884
v 0.261793 4.114085 -0.909315
v 0.261793 4.113724 -0.887321
v 0.021810 4.113724 -0.887321
v 0.021810 4.114085 -0.909315
v 0.261793 3.948136 -0.914764
v 0.261793 3.904539 -0.916195
v 0.021810 3.904539 -0.916194
v 0.021810 3.948136 -0.914763
v -0.021810 3.948136 -0.914762
v -0.021810 3.904539 -0.916193
v -0.261793 3.904539 -0.916194
v -0.261793 3.948136 -0.914763
v -0.021810 4.345428 -0.901721
v -0.021810 4.157681 -0.907884
v -0.021810 4.157320 -0.885890
v -0.021810 4.345067 -0.879726
v -0.261793 3.694633 -0.901079
v -0.261793 3.694994 -0.923073
v -0.261793 3.738590 -0.921642
v -0.261793 3.738230 -0.899648
v -0.021810 4.114085 -0.909315
v -0.021810 3.948136 -0.914762
v -0.021810 3.947775 -0.892768
v -0.021810 4.113724 -0.887321
v -0.021810 3.738230 -0.899647
v -0.021810 3.738590 -0.921641
v -0.261793 3.738590 -0.921642
v -0.261793 3.738230 -0.899648
v 0.261793 3.506886 -0.907244
v 0.261793 3.694633 -0.901079
v 0.261793 3.694994 -0.923073
v 0.261793 3.507247 -0.929238
v -0.021810 3.506886 -0.907241
v -0.021810 3.694633 -0.901078
v -0.021810 3.694994 -0.923072
v -0.021810 3.507247 -0.929235
v -0.021810 3.694633 -0.901078
v -0.261793 3.694633 -0.901079
v -0.261793 3.738230 -0.899648
v -0.021810 3.738230 -0.899647
v 0.021810 3.738230 -0.899647
v 0.261793 3.738230 -0.899648
v 0.261793 3.694633 -0.901079
v 0.021810 3.694633 -0.901078
v -0.021810 4.114085 -0.909315
v -0.021810 4.113724 -0.887321
v -0.261793 4.113724 -0.887321
v -0.261793 4.114085 -0.909315
v -0.021810 3.694994 -0.923072
v -0.021810 3.694633 -0.901078
v -0.261793 3.694633 -0.901079
v -0.261793 3.694994 -0.923073
v 0.021810 3.904539 -0.916194
v 0.021810 3.948136 -0.914763
v 0.021810 3.947775 -0.892769
v 0.021810 3.904179 -0.894200
v -0.261793 3.948136 -0.914763
v -0.261793 3.947775 -0.892769
v -0.261793 3.904179 -0.894200
v -0.261793 3.904539 -0.916194
v -0.021810 3.904539 -0.916193
v -0.021810 3.904179 -0.894199
v -0.261793 3.904179 -0.894200
v -0.261793 3.904539 -0.916194
v -0.261793 3.507247 -0.929238
v -0.261793 3.694994 -0.923073
v -0.261793 3.694633 -0.901079
v -0.261793 3.506886 -0.907244
v 0.021810 3.507247 -0.929235
v 0.021810 3.694994 -0.923072
v 0.021810 3.694633 -0.901078
v 0.021810 3.506886 -0.907241
v -0.261793 4.157681 -0.907884
v -0.261793 4.157320 -0.885890
v -0.261793 4.113724 -0.887321
v -0.261793 4.114085 -0.909315
v 0.021810 4.345067 -0.879726
v 0.021810 4.157320 -0.885890
v 0.021810 4.157681 -0.907884
v 0.021810 4.345428 -0.901721
v 0.021810 3.947775 -0.892769
v 0.021810 3.948136 -0.914763
v 0.021810 4.114085 -0.909315
v 0.021810 4.113724 -0.887321
v 0.021810 3.694633 -0.901078
v 0.021810 3.694994 -0.923072
v 0.261793 3.694994 -0.923073
v 0.261793 3.694633 -0.901079
v -0.021810 4.157320 -0.885890
v -0.021810 4.157681 -0.907884
v -0.261793 4.157681 -0.907884
v -0.261793 4.157320 -0.885890
v -0.021810 4.113724 -0.887321
v -0.261793 4.113724 -0.887321
v -0.261793 4.157320 -0.885890
v -0.021810 4.157320 -0.885890
v -0.021810 3.904179 -0.894199
v -0.261793 3.904179 -0.894200
v -0.261793 3.947775 -0.892769
v -0.021810 3.947775 -0.892768
v -0.021810 4.157681 -0.907884
v -0.021810 4.114085 -0.909315
v -0.261793 4.114085 -0.909315
v -0.261793 4.157681 -0.907884
v 0.261793 3.947775 -0.892769
v 0.261793 3.948136 -0.914764
v 0.021810 3.948136 -0.914763
v 0.021810 3.947775 -0.892769
v -0.261793 4.345428 -0.901721
v -0.261793 4.345067 -0.879726
v -0.261793 4.157320 -0.885890
v -0.261793 4.157681 -0.907884
v -0.261793 3.738590 -0.921642
v -0.261793 3.904539 -0.916194
v -0.261793 3.904179 -0.894200
v -0.261793 3.738230 -0.899648
v 0.261793 4.157681 -0.907884
v 0.261793 4.114085 -0.909315
v 0.021810 4.114085 -0.909315
v 0.021810 4.157681 -0.907884
v 0.261793 3.904179 -0.894201
v 0.261793 3.947775 -0.892769
v 0.021810 3.947775 -0.892769
v 0.021810 3.904179 -0.894200
v 0.261793 4.157320 -0.885890
v 0.261793 4.157681 -0.907884
v 0.021810 4.157681 -0.907884
v 0.021810 4.157320 -0.885890
v 0.261793 3.904539 -0.916195
v 0.261793 3.904179 -0.894201
v 0.021810 3.904179 -0.894200
v 0.021810 3.904539 -0.916194
v 0.261793 4.113724 -0.887321
v 0.261793 4.157320 -0.885890
v 0.021810 4.157320 -0.885890
v 0.021810 4.113724 -0.887321
v -0.021810 3.904539 -0.916193
v -0.021810 3.738590 -0.921641
v -0.021810 3.738230 -0.899647
v -0.021810 3.904179 -0.894199
v 0.021810 3.694994 -0.923072
v 0.021810 3.738590 -0.921641
v 0.261793 3.738590 -0.921642
v 0.261793 3.694994 -0.923073
v 0.021810 3.738590 -0.921641
v 0.021810 3.738230 -0.899647
v 0.261793 3.738230 -0.899648
v 0.261793 3.738590 -0.921642
v 0.021810 3.738230 -0.899647
v 0.021810 3.904179 -0.894200
v 0.261793 3.904179 -0.894201
v 0.261793 3.738230 -0.899648
v 0.021810 3.694633 -0.901078
v 0.261793 3.694633 -0.901079
v 0.261793 3.506886 -0.907244
v 0.021810 3.506886 -0.907241
v -0.261793 3.694633 -0.901079
v -0.021810 3.694633 -0.901078
v -0.021810 3.506886 -0.907241
v -0.261793 3.506886 -0.907244
v -0.021810 3.738230 -0.899647
v -0.261793 3.738230 -0.899648
v -0.261793 3.904179 -0.894200
v -0.021810 3.904179 -0.894199
v -0.021810 3.947775 -0.892768
v -0.261793 3.947775 -0.892769
v -0.261793 4.113724 -0.887321
v -0.021810 4.113724 -0.887321
v -0.261793 4.345067 -0.879726
v -0.021810 4.345067 -0.879726
v -0.021810 4.157320 -0.885890
v -0.261793 4.157320 -0.885890
v 0.198754 3.460682 -0.999203
v 0.206077 2.125224 -1.036017
v -0.215317 0.440000 1.082474
v -0.422360 0.440000 1.019668
v -0.450658 0.440000 1.087986
v -0.229744 0.440000 1.154999
v -0.917677 0.440000 -0.613172
v -0.780420 0.440000 -0.780420
v -0.832708 0.440000 -0.832708
v -0.979161 0.440000 -0.654255
v -0.917677 0.440000 0.613172
v -1.019668 0.440000 0.422360
v -1.087986 0.440000 0.450659
v -0.979161 0.440000 0.654255
v -1.082474 0.440000 -0.215318
v -1.019668 0.440000 -0.422361
v -1.087986 0.440000 -0.450659
v -1.154999 0.440000 -0.229744
v 0.780420 0.440000 0.780420
v 0.613172 0.440000 0.917677
v 0.654255 0.440000 0.979161
v 0.832708 0.440000 0.832708
v 0.000000 0.440000 1.103680
v 0.000000 0.440000 1.177627
v 1.019668 0.440000 0.422360
v 0.917677 0.440000 0.613172
v 0.979161 0.440000 0.654255
v 1.087986 0.440000 0.450658
v -0.780420 0.440000 0.780420
v -0.832708 0.440000 0.832708
v 0.422360 0.440000 1.019668
v 0.215317 0.440000 1.082474
v 0.229744 0.440000 1.154999
v 0.450659 0.440000 1.087986
v -1.103681 0.440000 -0.000000
v -1.177627 0.440000 -0.000000
v -0.613172 0.440000 0.917677
v -0.654255 0.440000 0.979161
v -0.725354 0.440000 -0.920812
v -0.725354 0.440000 -0.825612
v 0.780420 0.440000 -0.780420
v 0.917677 0.440000 -0.613172
v 0.979161 0.440000 -0.654255
v 0.832708 0.440000 -0.832708
v -1.082474 0.440000 0.215317
v -1.154999 0.440000 0.229744
v 1.019668 0.440000 -0.422360
v 1.082474 0.440000 -0.215318
v 1.154999 0.440000 -0.229744
v 1.087986 0.440000 -0.450659
v 1.103680 0.440000 -0.000000
v 1.082474 0.440000 0.215317
v 1.154999 0.440000 0.229744
v 1.177627 0.440000 -0.000000
v -1.177627 0.440000 -0.000000
v -1.154999 0.440000 -0.229744
v -1.154999 0.220000 -0.229744
v -1.177627 0.220000 -0.000000
v -0.450658 0.440000 1.087986
v -0.654255 0.440000 0.979161
v -0.654255 0.220000 0.979161
v -0.450658 0.220000 1.087986
v 0.832708 0.440000 -0.832708
v 0.979161 0.440000 -0.654255
v 0.979161 0.220000 -0.654255
v 0.832708 0.220000 -0.832708
v -1.087986 0.440000 0.450659
v -1.154999 0.440000 0.229744
v -1.154999 0.220000 0.229744
v -1.087986 0.220000 0.450659
v 1.087986 0.440000 -0.450659
v 1.154999 0.440000 -0.229744
v 1.154999 0.220000 -0.229744
v 1.087986 0.220000 -0.450659
v -1.087986 0.440000 -0.450659
v -0.979161 0.440000 -0.654255
v -0.979161 0.220000 -0.654255
v -1.087986 0.220000 -0.450659
v 1.177627 0.440000 -0.000000
v 1.154999 0.440000 0.229744
v 1.154999 0.220000 0.229744
v 1.177627 0.220000 -0.000000
v 0.979161 0.440000 0.654255
v 0.832708 0.440000 0.832708
v 0.832708 0.220000 0.832708
v 0.979161 0.220000 0.654255
v 0.229744 0.440000 1.154999
v 0.000000 0.440000 1.177627
v 0.000000 0.220000 1.177627
v 0.229744 0.220000 1.154999
v 1.087986 0.440000 0.450658
v 1.087986 0.220000 0.450658
v -0.832708 0.440000 0.832708
v -0.832708 0.220000 0.832708
v 0.654255 0.440000 0.979161
v 0.450659 0.440000 1.087986
v 0.450659 0.220000 1.087986
v 0.654255 0.220000 0.979161
v -0.229744 0.440000 1.154999
v -0.229744 0.220000 1.154999
v -0.832708 0.440000 -0.832708
v -0.832708 0.220000 -0.832708
v -0.979161 0.440000 0.654255
v -0.979161 0.220000 0.654255
v 0.832708 0.440000 0.832708
v 0.832708 0.220000 0.832708
v -0.832708 0.440000 0.832708
v -0.832708 0.220000 0.832708
v 1.177627 0.220000 -0.000000
v 1.154999 0.220000 0.229744
v 1.232384 0.220000 0.245136
v 1.256528 0.220000 -0.000000
v 0.979161 0.220000 -0.654255
v 1.087986 0.220000 -0.450659
v 1.160881 0.220000 -0.480853
v 1.044765 0.220000 -0.698090
v 0.979161 0.220000 0.654255
v 0.832708 0.220000 0.832708
v 0.888500 0.220000 0.888500
v 1.044765 0.220000 0.698090
v 1.154999 0.220000 -0.229744
v 1.232384 0.220000 -0.245137
v 0.229744 0.220000 1.154999
v 0.000000 0.220000 1.177627
v 0.000000 0.220000 1.256528
v 0.245137 0.220000 1.232384
v 1.087986 0.220000 0.450658
v 1.160881 0.220000 0.480853
v -0.654255 0.220000 0.979161
v -0.832708 0.220000 0.832708
v -0.888500 0.220000 0.888500
v -0.698090 0.220000 1.044765
v 0.654255 0.220000 0.979161
v 0.450659 0.220000 1.087986
v 0.480853 0.220000 1.160881
v 0.698090 0.220000 1.044765
v -1.154999 0.220000 0.229744
v -1.177627 0.220000 -0.000000
v -1.256528 0.220000 -0.000000
v -1.232384 0.220000 0.245137
v -0.229744 0.220000 1.154999
v -0.450658 0.220000 1.087986
v -0.480853 0.220000 1.160881
v -0.245136 0.220000 1.232384
v -0.979161 0.220000 -0.654255
v -0.832708 0.220000 -0.832708
v -0.888500 0.220000 -0.888500
v -1.044765 0.220000 -0.698090
v -0.979161 0.220000 0.654255
v -1.087986 0.220000 0.450659
v -1.160881 0.220000 0.480853
v -1.044765 0.220000 0.698090
v -1.154999 0.220000 -0.229744
v -1.087986 0.220000 -0.450659
v -1.160881 0.220000 -0.480853
v -1.232384 0.220000 -0.245137
v -0.725354 0.220000 -0.920812
v -0.725354 0.220000 -1.022390
v 0.832708 0.220000 -0.832708
v 0.888500 0.220000 -0.888500
v -0.480853 0.220000 1.160881
v -0.698090 0.220000 1.044765
v -0.698090 0.000000 1.044765
v -0.480853 0.000000 1.160881
v 0.888500 0.220000 -0.888500
v 1.044765 0.220000 -0.698090
v 1.044765 -0.000000 -0.698090
v 0.888500 -0.000000 -0.888500
v -1.160881 0.220000 0.480853
v -1.232384 0.220000 0.245137
v -1.232384 0.000000 0.245137
v -1.160881 0.000000 0.480853
v 1.160881 0.220000 -0.480853
v 1.232384 0.220000 -0.245137
v 1.232384 -0.000000 -0.245137
v 1.160881 -0.000000 -0.480853
v -1.160881 0.220000 -0.480853
v -1.044765 0.220000 -0.698090
v -1.044765 -0.000000 -0.698090
v -1.160881 -0.000000 -0.480853
v 1.256528 0.220000 -0.000000
v 1.232384 0.220000 0.245136
v 1.232384 0.000000 0.245137
v 1.256528 0.000000 0.000000
v 1.044765 0.220000 0.698090
v 0.888500 0.220000 0.888500
v 0.888500 0.000000 0.888500
v 1.044765 0.000000 0.698090
v 0.245137 0.220000 1.232384
v 0.000000 0.220000 1.256528
v 0.000000 0.000000 1.256528
v 0.245137 0.000000 1.232384
v 1.160881 0.220000 0.480853
v 1.160881 0.000000 0.480853
v -0.888500 0.220000 0.888500
v -0.888500 0.000000 0.888500
v 0.698090 0.220000 1.044765
v 0.480853 0.220000 1.160881
v 0.480853 0.000000 1.160881
v 0.698090 0.000000 1.044765
v -1.256528 0.220000 -0.000000
v -1.256528 0.000000 0.000000
v -0.245136 0.220000 1.232384
v -0.245136 0.000000 1.232384
v -0.888500 0.220000 -0.888500
v -0.888500 -0.000000 -0.888500
v -1.044765 0.220000 0.698090
v -1.044765 0.000000 0.698090
v -1.232384 0.220000 -0.245137
v -1.232384 -0.000000 -0.245137
v 0.888500 0.220000 0.888500
v 0.888500 0.000000 0.888500
v -0.888500 0.220000 0.888500
v -0.888500 0.000000 0.888500
v 0.288794 7.169983 0.697206
v 0.410240 7.169983 0.633498
v 0.413799 7.159078 0.619290
v 0.285030 7.159078 0.688119
v 0.410240 7.169983 0.633498
v 0.288794 7.169983 0.697206
v 0.293376 7.159078 0.708268
v 0.425916 7.159078 0.637424
v 0.410240 7.169983 0.633498
v 0.410240 7.626579 0.633498
v 0.413799 7.626579 0.619290
v 0.413799 7.159078 0.619290
v 0.410240 7.626579 0.633498
v 0.410240 7.169983 0.633498
v 0.425916 7.159078 0.637424
v 0.425916 7.626579 0.637424
v 0.410240 7.626579 0.633498
v 0.298820 7.626579 0.693053
v 0.285030 7.626579 0.688118
v 0.413799 7.626579 0.619290
v 0.425916 7.626579 0.637424
v 0.293376 7.626579 0.708268
v 0.136582 7.169983 -0.742274
v 0.000000 7.169983 -0.754657
v 0.000000 7.159078 -0.744821
v 0.145307 7.159078 -0.730509
v 0.000000 7.169983 -0.754657
v 0.136582 7.169983 -0.742274
v 0.149562 7.159078 -0.751900
v 0.000000 7.159078 -0.766631
v 0.010853 7.626579 -0.754657
v 0.136582 7.626579 -0.742274
v 0.145307 7.626579 -0.730510
v 0.000000 7.626579 -0.744821
v 0.000000 7.626579 -0.766631
v 0.149562 7.626579 -0.751900
v 0.136582 7.626579 -0.742274
v 0.136582 7.169983 -0.742274
v 0.145307 7.159078 -0.730509
v 0.145307 7.626579 -0.730510
v 0.136582 7.169983 -0.742274
v 0.136582 7.626579 -0.742274
v 0.149562 7.626579 -0.751900
v 0.149562 7.159078 -0.751900
v 0.157870 7.169983 0.738033
v 0.145307 7.159078 0.730503
v 0.157870 7.169983 0.738033
v 0.149562 7.159078 0.751894
v 0.278768 7.626579 0.701359
v 0.157870 7.626579 0.738033
v 0.145307 7.626579 0.730503
v 0.285030 7.626579 0.688118
v 0.293376 7.626579 0.708268
v 0.149562 7.626579 0.751894
v 0.157870 7.626579 0.738033
v 0.157870 7.169983 0.738033
v 0.145307 7.159078 0.730503
v 0.145307 7.626579 0.730503
v 0.157870 7.169983 0.738033
v 0.157870 7.626579 0.738033
v 0.149562 7.626579 0.751894
v 0.149562 7.159078 0.751894
v 0.288794 7.169983 -0.697212
v 0.157870 7.169983 -0.738039
v 0.145307 7.159078 -0.730509
v 0.285030 7.159078 -0.688125
v 0.157870 7.169983 -0.738039
v 0.288794 7.169983 -0.697212
v 0.293376 7.159078 -0.708275
v 0.149562 7.159078 -0.751900
v 0.157870 7.169983 -0.738039
v 0.157870 7.626579 -0.738039
v 0.145307 7.626579 -0.730510
v 0.145307 7.159078 -0.730509
v 0.157870 7.626579 -0.738039
v 0.157870 7.169983 -0.738039
v 0.149562 7.159078 -0.751900
v 0.149562 7.626579 -0.751900
v 0.157870 7.626579 -0.738039
v 0.278768 7.626579 -0.701366
v 0.285030 7.626579 -0.688125
v 0.145307 7.626579 -0.730510
v 0.149562 7.626579 -0.751900
v 0.293376 7.626579 -0.708275
v 0.000000 7.169983 0.754651
v 0.136582 7.169983 0.742267
v 0.145307 7.159078 0.730503
v 0.000000 7.159078 0.744815
v 0.136582 7.169983 0.742267
v 0.000000 7.169983 0.754651
v 0.000000 7.159078 0.766624
v 0.149562 7.159078 0.751894
v 0.136582 7.169983 0.742267
v 0.136582 7.626579 0.742267
v 0.145307 7.626579 0.730503
v 0.145307 7.159078 0.730503
v 0.136582 7.626579 0.742267
v 0.136582 7.169983 0.742267
v 0.149562 7.159078 0.751894
v 0.149562 7.626579 0.751894
v 0.136582 7.626579 0.742267
v 0.010853 7.626579 0.754650
v 0.000000 7.626579 0.744814
v 0.145307 7.626579 0.730503
v 0.149562 7.626579 0.751894
v 0.000000 7.626579 0.766624
v 0.410240 7.169983 -0.633504
v 0.413799 7.159078 -0.619296
v 0.410240 7.169983 -0.633504
v 0.425916 7.159078 -0.637431
v 0.298820 7.626579 -0.693059
v 0.410240 7.626579 -0.633504
v 0.413799 7.626579 -0.619297
v 0.285030 7.626579 -0.688125
v 0.293376 7.626579 -0.708275
v 0.425916 7.626579 -0.637431
v 0.410240 7.626579 -0.633504
v 0.410240 7.169983 -0.633504
v 0.413799 7.159078 -0.619296
v 0.413799 7.626579 -0.619297
v 0.410240 7.169983 -0.633504
v 0.410240 7.626579 -0.633504
v 0.425916 7.626579 -0.637431
v 0.425916 7.159078 -0.637431
v -0.288793 7.169983 -0.697212
v -0.410239 7.169983 -0.633504
v -0.413798 7.159078 -0.619296
v -0.285029 7.159078 -0.688125
v -0.410239 7.169983 -0.633504
v -0.288793 7.169983 -0.697212
v -0.293375 7.159078 -0.708275
v -0.425915 7.159078 -0.637431
v -0.410239 7.169983 -0.633504
v -0.410239 7.626579 -0.633504
v -0.413798 7.626579 -0.619297
v -0.413798 7.159078 -0.619296
v -0.410239 7.626579 -0.633504
v -0.410239 7.169983 -0.633504
v -0.425915 7.159078 -0.637431
v -0.425915 7.626579 -0.637431
v -0.410239 7.626579 -0.633504
v -0.298819 7.626579 -0.693060
v -0.285029 7.626579 -0.688125
v -0.413798 7.626579 -0.619297
v -0.425915 7.626579 -0.637431
v -0.293375 7.626579 -0.708275
v -0.136581 7.169983 0.742267
v -0.149561 7.159078 0.751894
v -0.010852 7.626579 0.754650
v -0.136581 7.626579 0.742267
v -0.145306 7.626579 0.730503
v 0.000000 7.626579 0.744814
v 0.000000 7.626579 0.766624
v -0.149561 7.626579 0.751894
v -0.136581 7.169983 0.742267
v -0.136581 7.626579 0.742267
v -0.149561 7.626579 0.751894
v -0.149561 7.159078 0.751894
v -0.157869 7.169983 -0.738039
v -0.145306 7.159078 -0.730510
v -0.157869 7.169983 -0.738039
v -0.149561 7.159078 -0.751900
v -0.278767 7.626579 -0.701366
v -0.157869 7.626579 -0.738040
v -0.145306 7.626579 -0.730510
v -0.285029 7.626579 -0.688125
v -0.293375 7.626579 -0.708275
v -0.149561 7.626579 -0.751900
v -0.157869 7.626579 -0.738040
v -0.157869 7.169983 -0.738039
v -0.145306 7.159078 -0.730510
v -0.145306 7.626579 -0.730510
v -0.157869 7.169983 -0.738039
v -0.157869 7.626579 -0.738040
v -0.149561 7.626579 -0.751900
v -0.149561 7.159078 -0.751900
v -0.157869 7.169983 0.738033
v -0.288793 7.169983 0.697206
v -0.293375 7.159078 0.708268
v -0.149561 7.159078 0.751894
v -0.157869 7.626579 0.738033
v -0.157869 7.169983 0.738033
v -0.149561 7.159078 0.751894
v -0.149561 7.626579 0.751894
v -0.157869 7.626579 0.738033
v -0.278767 7.626579 0.701359
v -0.285029 7.626579 0.688119
v -0.145306 7.626579 0.730503
v -0.149561 7.626579 0.751894
v -0.293375 7.626579 0.708268
v -0.136581 7.169983 -0.742274
v -0.145306 7.159078 -0.730510
v -0.136581 7.169983 -0.742274
v -0.149561 7.159078 -0.751900
v -0.136581 7.169983 -0.742274
v -0.136581 7.626579 -0.742274
v -0.145306 7.626579 -0.730510
v -0.145306 7.159078 -0.730510
v -0.136581 7.626579 -0.742274
v -0.136581 7.169983 -0.742274
v -0.149561 7.159078 -0.751900
v -0.149561 7.626579 -0.751900
v -0.136581 7.626579 -0.742274
v -0.010852 7.626579 -0.754657
v 0.000000 7.626579 -0.744821
v -0.145306 7.626579 -0.730510
v -0.149561 7.626579 -0.751900
v 0.000000 7.626579 -0.766631
v -0.410239 7.169983 0.633498
v -0.425915 7.159078 0.637424
v -0.298819 7.626579 0.693053
v -0.410239 7.626579 0.633498
v -0.413798 7.626579 0.619290
v -0.285029 7.626579 0.688119
v -0.293375 7.626579 0.708268
v -0.425915 7.626579 0.637424
v -0.410239 7.626579 0.633498
v -0.410239 7.169983 0.633498
v -0.413798 7.159078 0.619290
v -0.413798 7.626579 0.619290
v -0.410239 7.169983 0.633498
v -0.410239 7.626579 0.633498
v -0.425915 7.626579 0.637424
v -0.425915 7.159078 0.637424
v 0.621443 7.169983 -0.428290
v 0.533621 7.169983 -0.533624
v 0.526666 7.159078 -0.526669
v 0.619294 7.159078 -0.413802
v 0.533621 7.169983 -0.533624
v 0.621443 7.169983 -0.428290
v 0.637428 7.159078 -0.425919
v 0.542088 7.159078 -0.542091
v 0.541295 7.626579 -0.525950
v 0.621443 7.626579 -0.428290
v 0.619294 7.626579 -0.413802
v 0.526666 7.626579 -0.526669
v 0.542088 7.626579 -0.542091
v 0.637428 7.626579 -0.425919
v 0.621443 7.626579 -0.428290
v 0.621443 7.169983 -0.428290
v 0.619294 7.159078 -0.413802
v 0.619294 7.626579 -0.413802
v 0.621443 7.169983 -0.428290
v 0.621443 7.626579 -0.428290
v 0.637428 7.626579 -0.425919
v 0.637428 7.159078 -0.425919
v 0.697210 7.169983 -0.288797
v 0.633501 7.169983 -0.410243
v 0.619294 7.159078 -0.413802
v 0.688122 7.159078 -0.285033
v 0.633501 7.169983 -0.410243
v 0.697210 7.169983 -0.288797
v 0.708272 7.159078 -0.293379
v 0.637428 7.159078 -0.425919
v 0.633501 7.169983 -0.410243
v 0.633501 7.626579 -0.410243
v 0.619294 7.626579 -0.413802
v 0.619294 7.159078 -0.413802
v 0.633501 7.626579 -0.410243
v 0.633501 7.169983 -0.410243
v 0.637428 7.159078 -0.425919
v 0.637428 7.626579 -0.425919
v 0.633501 7.626579 -0.410243
v 0.697210 7.626579 -0.288797
v 0.688122 7.626579 -0.285033
v 0.619294 7.626579 -0.413802
v 0.697210 7.626579 -0.288797
v 0.633501 7.626579 -0.410243
v 0.637428 7.626579 -0.425919
v 0.708272 7.626579 -0.293379
v -0.533620 7.169983 0.533618
v -0.428286 7.169983 0.621439
v -0.413798 7.159078 0.619290
v -0.526665 7.159078 0.526662
v -0.428286 7.169983 0.621439
v -0.533620 7.169983 0.533618
v -0.542087 7.159078 0.542084
v -0.425915 7.159078 0.637424
v -0.428286 7.169983 0.621439
v -0.428286 7.626579 0.621439
v -0.413798 7.626579 0.619290
v -0.413798 7.159078 0.619290
v -0.428286 7.626579 0.621439
v -0.428286 7.169983 0.621439
v -0.425915 7.159078 0.637424
v -0.425915 7.626579 0.637424
v -0.428286 7.626579 0.621439
v -0.525947 7.626579 0.541291
v -0.526665 7.626579 0.526662
v -0.413798 7.626579 0.619290
v -0.425915 7.626579 0.637424
v -0.542087 7.626579 0.542084
v 0.738037 7.169983 -0.157873
v 0.730507 7.159078 -0.145310
v 0.738037 7.169983 -0.157873
v 0.751897 7.159078 -0.149565
v 0.738037 7.626579 -0.157873
v 0.730507 7.626579 -0.145310
v 0.751897 7.626579 -0.149565
v 0.738037 7.626579 -0.157873
v 0.738037 7.169983 -0.157873
v 0.730507 7.159078 -0.145310
v 0.730507 7.626579 -0.145310
v 0.738037 7.169983 -0.157873
v 0.738037 7.626579 -0.157873
v 0.751897 7.626579 -0.149565
v 0.751897 7.159078 -0.149565
v -0.621442 7.169983 0.428283
v -0.619293 7.159078 0.413795
v -0.621442 7.169983 0.428283
v -0.637427 7.159078 0.425912
v -0.541294 7.626579 0.525944
v -0.621442 7.626579 0.428283
v -0.619293 7.626579 0.413795
v -0.526665 7.626579 0.526662
v -0.542087 7.626579 0.542084
v -0.637427 7.626579 0.425912
v -0.621442 7.626579 0.428283
v -0.621442 7.169983 0.428283
v -0.619293 7.159078 0.413795
v -0.619293 7.626579 0.413795
v -0.621442 7.169983 0.428283
v -0.621442 7.626579 0.428283
v -0.637427 7.626579 0.425912
v -0.637427 7.159078 0.425912
v -0.697209 7.169983 0.288790
v -0.633501 7.169983 0.410237
v -0.619293 7.159078 0.413795
v -0.688121 7.159078 0.285026
v -0.633501 7.169983 0.410237
v -0.697209 7.169983 0.288790
v -0.708271 7.159078 0.293372
v -0.637427 7.159078 0.425912
v -0.633501 7.169983 0.410237
v -0.633501 7.626579 0.410236
v -0.619293 7.626579 0.413795
v -0.619293 7.159078 0.413795
v -0.633501 7.626579 0.410236
v -0.633501 7.169983 0.410237
v -0.637427 7.159078 0.425912
v -0.637427 7.626579 0.425912
v -0.633501 7.626579 0.410236
v -0.693056 7.626579 0.298817
v -0.688121 7.626579 0.285026
v -0.619293 7.626579 0.413795
v -0.637427 7.626579 0.425912
v -0.708271 7.626579 0.293372
v 0.428287 7.169983 -0.621446
v 0.413799 7.159078 -0.619296
v 0.428287 7.169983 -0.621446
v 0.425916 7.159078 -0.637431
v 0.428287 7.169983 -0.621446
v 0.428287 7.626579 -0.621446
v 0.413799 7.626579 -0.619297
v 0.413799 7.159078 -0.619296
v 0.428287 7.626579 -0.621446
v 0.428287 7.169983 -0.621446
v 0.425916 7.159078 -0.637431
v 0.425916 7.626579 -0.637431
v 0.428287 7.626579 -0.621446
v 0.525947 7.626579 -0.541298
v 0.526666 7.626579 -0.526669
v 0.413799 7.626579 -0.619297
v 0.425916 7.626579 -0.637431
v 0.542088 7.626579 -0.542091
v -0.738036 7.169983 0.157866
v -0.730506 7.159078 0.145304
v -0.738036 7.169983 0.157866
v -0.751897 7.159078 0.149558
v -0.701362 7.626579 0.278764
v -0.738036 7.626579 0.157866
v -0.730506 7.626579 0.145303
v -0.688121 7.626579 0.285026
v -0.708271 7.626579 0.293372
v -0.751897 7.626579 0.149558
v -0.738036 7.626579 0.157866
v -0.738036 7.169983 0.157866
v -0.730506 7.159078 0.145304
v -0.730506 7.626579 0.145303
v -0.738036 7.169983 0.157866
v -0.738036 7.626579 0.157866
v -0.751897 7.626579 0.149558
v -0.751897 7.159078 0.149558
v 0.742271 7.169983 0.136579
v 0.754654 7.169983 -0.000003
v 0.744818 7.159078 -0.000003
v 0.730507 7.159078 0.145304
v 0.754654 7.169983 -0.000003
v 0.742271 7.169983 0.136579
v 0.751897 7.159078 0.149558
v 0.766628 7.159078 -0.000003
v 0.754654 7.626579 -0.000003
v 0.742271 7.626579 0.136578
v 0.730507 7.626579 0.145303
v 0.744818 7.626579 -0.000003
v 0.754654 7.626579 -0.000003
v 0.766628 7.626579 -0.000003
v 0.751897 7.626579 0.149558
v 0.742271 7.626579 0.136578
v 0.742271 7.169983 0.136579
v 0.730507 7.159078 0.145304
v 0.730507 7.626579 0.145303
v 0.742271 7.169983 0.136579
v 0.742271 7.626579 0.136578
v 0.751897 7.626579 0.149558
v 0.751897 7.159078 0.149558
v 0.697210 7.169983 0.288790
v 0.738037 7.169983 0.157866
v 0.730507 7.159078 0.145304
v 0.688122 7.159078 0.285026
v 0.738037 7.169983 0.157866
v 0.697210 7.169983 0.288790
v 0.708272 7.159078 0.293372
v 0.751897 7.159078 0.149558
v 0.738037 7.169983 0.157866
v 0.738037 7.626579 0.157866
v 0.730507 7.626579 0.145303
v 0.730507 7.159078 0.145304
v 0.738037 7.626579 0.157866
v 0.738037 7.169983 0.157866
v 0.751897 7.159078 0.149558
v 0.751897 7.626579 0.149558
v 0.738037 7.626579 0.157866
v 0.697210 7.626579 0.288790
v 0.688122 7.626579 0.285026
v 0.730507 7.626579 0.145303
v 0.697210 7.626579 0.288790
v 0.738037 7.626579 0.157866
v 0.751897 7.626579 0.149558
v 0.708272 7.626579 0.293372
v -0.754654 7.169983 -0.000003
v -0.742271 7.169983 0.136579
v -0.730506 7.159078 0.145304
v -0.744817 7.159078 -0.000003
v -0.742271 7.169983 0.136579
v -0.754654 7.169983 -0.000003
v -0.766627 7.159078 -0.000003
v -0.751897 7.159078 0.149558
v -0.742271 7.169983 0.136579
v -0.742271 7.626579 0.136578
v -0.730506 7.626579 0.145303
v -0.730506 7.159078 0.145304
v -0.742271 7.626579 0.136578
v -0.742271 7.169983 0.136579
v -0.751897 7.159078 0.149558
v -0.751897 7.626579 0.149558
v -0.742271 7.626579 0.136578
v -0.754653 7.626579 0.010849
v -0.744817 7.626579 -0.000003
v -0.730506 7.626579 0.145303
v -0.751897 7.626579 0.149558
v -0.766627 7.626579 -0.000003
v 0.633501 7.169983 0.410237
v 0.619294 7.159078 0.413795
v 0.633501 7.169983 0.410237
v 0.637428 7.159078 0.425912
v 0.633501 7.626579 0.410236
v 0.619294 7.626579 0.413795
v 0.637428 7.626579 0.425912
v 0.633501 7.626579 0.410236
v 0.633501 7.169983 0.410237
v 0.619294 7.159078 0.413795
v 0.619294 7.626579 0.413795
v 0.633501 7.169983 0.410237
v 0.633501 7.626579 0.410236
v 0.637428 7.626579 0.425912
v 0.637428 7.159078 0.425912
v -0.742271 7.169983 -0.136585
v -0.730506 7.159078 -0.145310
v -0.742271 7.169983 -0.136585
v -0.751897 7.159078 -0.149565
v -0.754653 7.626579 -0.010856
v -0.742271 7.626579 -0.136585
v -0.730506 7.626579 -0.145310
v -0.744817 7.626579 -0.000003
v -0.766627 7.626579 -0.000003
v -0.751897 7.626579 -0.149565
v -0.742271 7.626579 -0.136585
v -0.742271 7.169983 -0.136585
v -0.730506 7.159078 -0.145310
v -0.730506 7.626579 -0.145310
v -0.742271 7.169983 -0.136585
v -0.742271 7.626579 -0.136585
v -0.751897 7.626579 -0.149565
v -0.751897 7.159078 -0.149565
v -0.697209 7.169983 -0.288797
v -0.738036 7.169983 -0.157873
v -0.730506 7.159078 -0.145310
v -0.688121 7.159078 -0.285033
v -0.738036 7.169983 -0.157873
v -0.697209 7.169983 -0.288797
v -0.708271 7.159078 -0.293379
v -0.751897 7.159078 -0.149565
v -0.738036 7.169983 -0.157873
v -0.738036 7.626579 -0.157873
v -0.730506 7.626579 -0.145310
v -0.730506 7.159078 -0.145310
v -0.738036 7.626579 -0.157873
v -0.738036 7.169983 -0.157873
v -0.751897 7.159078 -0.149565
v -0.751897 7.626579 -0.149565
v -0.738036 7.626579 -0.157873
v -0.701362 7.626579 -0.278771
v -0.688121 7.626579 -0.285033
v -0.730506 7.626579 -0.145310
v -0.751897 7.626579 -0.149565
v -0.708271 7.626579 -0.293379
v 0.742271 7.169983 -0.136585
v 0.730507 7.159078 -0.145310
v 0.742271 7.169983 -0.136585
v 0.751897 7.159078 -0.149565
v 0.742271 7.169983 -0.136585
v 0.742271 7.626579 -0.136585
v 0.730507 7.626579 -0.145310
v 0.730507 7.159078 -0.145310
v 0.742271 7.626579 -0.136585
v 0.742271 7.169983 -0.136585
v 0.751897 7.159078 -0.149565
v 0.751897 7.626579 -0.149565
v 0.742271 7.626579 -0.136585
v 0.730507 7.626579 -0.145310
v 0.742271 7.626579 -0.136585
v 0.751897 7.626579 -0.149565
v -0.633501 7.169983 -0.410243
v -0.619293 7.159078 -0.413802
v -0.633501 7.169983 -0.410243
v -0.637427 7.159078 -0.425919
v -0.693056 7.626579 -0.298823
v -0.633501 7.626579 -0.410243
v -0.619293 7.626579 -0.413802
v -0.688121 7.626579 -0.285033
v -0.708271 7.626579 -0.293379
v -0.637427 7.626579 -0.425919
v -0.633501 7.626579 -0.410243
v -0.633501 7.169983 -0.410243
v -0.619293 7.159078 -0.413802
v -0.619293 7.626579 -0.413802
v -0.633501 7.169983 -0.410243
v -0.633501 7.626579 -0.410243
v -0.637427 7.626579 -0.425919
v -0.637427 7.159078 -0.425919
v 0.428287 7.169983 0.621439
v 0.533621 7.169983 0.533618
v 0.526666 7.159078 0.526662
v 0.413799 7.159078 0.619290
v 0.533621 7.169983 0.533618
v 0.428287 7.169983 0.621439
v 0.425916 7.159078 0.637424
v 0.542088 7.159078 0.542084
v 0.525947 7.626579 0.541291
v 0.428287 7.626579 0.621439
v 0.413799 7.626579 0.619290
v 0.526666 7.626579 0.526662
v 0.542088 7.626579 0.542084
v 0.425916 7.626579 0.637424
v 0.428287 7.626579 0.621439
v 0.428287 7.169983 0.621439
v 0.413799 7.159078 0.619290
v 0.413799 7.626579 0.619290
v 0.428287 7.169983 0.621439
v 0.428287 7.626579 0.621439
v 0.425916 7.626579 0.637424
v 0.425916 7.159078 0.637424
v -0.533620 7.169983 -0.533624
v -0.621442 7.169983 -0.428290
v -0.619293 7.159078 -0.413802
v -0.526665 7.159078 -0.526669
v -0.621442 7.169983 -0.428290
v -0.533620 7.169983 -0.533624
v -0.542087 7.159078 -0.542091
v -0.637427 7.159078 -0.425919
v -0.621442 7.169983 -0.428290
v -0.621442 7.626579 -0.428290
v -0.619293 7.626579 -0.413802
v -0.619293 7.159078 -0.413802
v -0.621442 7.626579 -0.428290
v -0.621442 7.169983 -0.428290
v -0.637427 7.159078 -0.425919
v -0.637427 7.626579 -0.425919
v -0.621442 7.626579 -0.428290
v -0.541294 7.626579 -0.525950
v -0.526665 7.626579 -0.526669
v -0.619293 7.626579 -0.413802
v -0.637427 7.626579 -0.425919
v -0.542087 7.626579 -0.542091
v -0.428286 7.169983 -0.621445
v -0.413798 7.159078 -0.619296
v -0.428286 7.169983 -0.621445
v -0.425915 7.159078 -0.637431
v -0.525946 7.626579 -0.541298
v -0.428286 7.626579 -0.621446
v -0.413798 7.626579 -0.619297
v -0.526665 7.626579 -0.526669
v -0.542087 7.626579 -0.542091
v -0.425915 7.626579 -0.637431
v -0.428286 7.626579 -0.621446
v -0.428286 7.169983 -0.621445
v -0.413798 7.159078 -0.619296
v -0.413798 7.626579 -0.619297
v -0.428286 7.169983 -0.621445
v -0.428286 7.626579 -0.621446
v -0.425915 7.626579 -0.637431
v -0.425915 7.159078 -0.637431
v 0.621443 7.169983 0.428284
v 0.619294 7.159078 0.413795
v 0.621443 7.169983 0.428284
v 0.637428 7.159078 0.425912
v 0.621443 7.169983 0.428284
v 0.621443 7.626579 0.428283
v 0.619294 7.626579 0.413795
v 0.619294 7.159078 0.413795
v 0.621443 7.626579 0.428283
v 0.621443 7.169983 0.428284
v 0.637428 7.159078 0.425912
v 0.637428 7.626579 0.425912
v 0.621443 7.626579 0.428283
v 0.541295 7.626579 0.525944
v 0.526666 7.626579 0.526662
v 0.619294 7.626579 0.413795
v 0.637428 7.626579 0.425912
v 0.542088 7.626579 0.542084
v 0.541295 6.664079 0.525945
v 0.621443 6.664079 0.428284
v 0.619294 6.664079 0.413796
v 0.526666 6.664079 0.526664
v 0.542088 6.664079 0.542086
v 0.637428 6.664079 0.425913
v 0.621443 7.148173 0.428284
v 0.621443 6.664079 0.428284
v 0.637428 6.664079 0.425913
v 0.637428 7.159078 0.425912
v 0.621443 7.148173 0.428284
v 0.533621 7.148173 0.533618
v 0.526666 7.159078 0.526662
v 0.619294 7.159078 0.413795
v 0.533621 7.148173 0.533618
v 0.621443 7.148173 0.428284
v 0.637428 7.159078 0.425912
v 0.542088 7.159078 0.542084
v -0.428286 6.664079 -0.621444
v -0.525946 6.664079 -0.541297
v -0.526665 6.664079 -0.526668
v -0.413798 6.664079 -0.619295
v -0.425915 6.664079 -0.637429
v -0.542087 6.664079 -0.542090
v -0.533620 7.148173 -0.533624
v -0.428286 7.148173 -0.621445
v -0.413798 7.159078 -0.619296
v -0.526665 7.159078 -0.526669
v -0.428286 7.148173 -0.621445
v -0.533620 7.148173 -0.533624
v -0.542087 7.159078 -0.542091
v -0.425915 7.159078 -0.637431
v -0.428286 7.148173 -0.621445
v -0.428286 6.664079 -0.621444
v -0.413798 6.664079 -0.619295
v -0.413798 7.159078 -0.619296
v -0.428286 6.664079 -0.621444
v -0.428286 7.148173 -0.621445
v -0.425915 7.159078 -0.637431
v -0.425915 6.664079 -0.637429
v -0.541294 6.664079 -0.525949
v -0.621442 6.664079 -0.428290
v -0.619293 6.664079 -0.413802
v -0.526665 6.664079 -0.526668
v -0.542087 6.664079 -0.542090
v -0.637427 6.664079 -0.425919
v -0.621442 6.664079 -0.428290
v -0.621442 7.148173 -0.428290
v -0.619293 7.159078 -0.413802
v -0.619293 6.664079 -0.413802
v -0.621442 7.148173 -0.428290
v -0.621442 6.664079 -0.428290
v -0.637427 6.664079 -0.425919
v -0.637427 7.159078 -0.425919
v -0.621442 7.148173 -0.428290
v -0.619293 7.159078 -0.413802
v -0.621442 7.148173 -0.428290
v -0.637427 7.159078 -0.425919
v 0.428287 6.664079 0.621440
v 0.525947 6.664079 0.541293
v 0.526666 6.664079 0.526664
v 0.413799 6.664079 0.619291
v 0.425916 6.664079 0.637425
v 0.542088 6.664079 0.542086
v 0.428287 7.148173 0.621439
v 0.413799 7.159078 0.619290
v 0.428287 7.148173 0.621439
v 0.425916 7.159078 0.637424
v 0.428287 7.148173 0.621439
v 0.428287 6.664079 0.621440
v 0.413799 6.664079 0.619291
v 0.413799 7.159078 0.619290
v 0.428287 6.664079 0.621440
v 0.428287 7.148173 0.621439
v 0.425916 7.159078 0.637424
v 0.425916 6.664079 0.637425
v -0.633501 6.664079 -0.410242
v -0.693056 6.664079 -0.298822
v -0.688121 6.664079 -0.285031
v -0.619293 6.664079 -0.413802
v -0.637427 6.664079 -0.425919
v -0.708271 6.664079 -0.293379
v -0.697209 7.148173 -0.288797
v -0.633501 7.148173 -0.410243
v -0.619293 7.159078 -0.413802
v -0.688121 7.159078 -0.285033
v -0.633501 7.148173 -0.410243
v -0.697209 7.148173 -0.288797
v -0.708271 7.159078 -0.293379
v -0.637427 7.159078 -0.425919
v -0.633501 7.148173 -0.410243
v -0.633501 6.664079 -0.410242
v -0.619293 6.664079 -0.413802
v -0.619293 7.159078 -0.413802
v -0.633501 6.664079 -0.410242
v -0.633501 7.148173 -0.410243
v -0.637427 7.159078 -0.425919
v -0.637427 6.664079 -0.425919
v 0.754654 6.664079 -0.000003
v 0.742271 6.664079 -0.136585
v 0.730507 6.664079 -0.145310
v 0.744818 6.664079 -0.000003
v 0.742271 6.664079 -0.136585
v 0.754654 6.664079 -0.000003
v 0.766628 6.664079 -0.000003
v 0.751897 6.664079 -0.149565
v 0.742271 6.664079 -0.136585
v 0.742271 7.148173 -0.136585
v 0.730507 7.159078 -0.145310
v 0.730507 6.664079 -0.145310
v 0.742271 7.148173 -0.136585
v 0.742271 6.664079 -0.136585
v 0.751897 6.664079 -0.149565
v 0.751897 7.159078 -0.149565
v 0.742271 7.148173 -0.136585
v 0.754654 7.148173 -0.000003
v 0.744818 7.159078 -0.000003
v 0.730507 7.159078 -0.145310
v 0.754654 7.148173 -0.000003
v 0.742271 7.148173 -0.136585
v 0.751897 7.159078 -0.149565
v 0.766628 7.159078 -0.000003
v -0.701362 6.664079 -0.278769
v -0.738036 6.664079 -0.157871
v -0.730506 6.664079 -0.145310
v -0.688121 6.664079 -0.285031
v -0.708271 6.664079 -0.293379
v -0.751897 6.664079 -0.149565
v -0.738036 6.664079 -0.157871
v -0.738036 7.148173 -0.157873
v -0.730506 7.159078 -0.145310
v -0.730506 6.664079 -0.145310
v -0.738036 7.148173 -0.157873
v -0.738036 6.664079 -0.157871
v -0.751897 6.664079 -0.149565
v -0.751897 7.159078 -0.149565
v -0.738036 7.148173 -0.157873
v -0.697209 7.148173 -0.288797
v -0.688121 7.159078 -0.285033
v -0.730506 7.159078 -0.145310
v -0.738036 7.148173 -0.157873
v -0.751897 7.159078 -0.149565
v -0.742271 6.664079 -0.136585
v -0.754653 6.664079 -0.010856
v -0.744817 6.664079 -0.000003
v -0.730506 6.664079 -0.145310
v -0.751897 6.664079 -0.149565
v -0.766627 6.664079 -0.000003
v -0.754654 7.148173 -0.000003
v -0.742271 7.148173 -0.136585
v -0.730506 7.159078 -0.145310
v -0.744817 7.159078 -0.000003
v -0.742271 7.148173 -0.136585
v -0.754654 7.148173 -0.000003
v -0.766627 7.159078 -0.000003
v -0.751897 7.159078 -0.149565
v -0.742271 7.148173 -0.136585
v -0.742271 6.664079 -0.136585
v -0.730506 6.664079 -0.145310
v -0.730506 7.159078 -0.145310
v -0.742271 6.664079 -0.136585
v -0.742271 7.148173 -0.136585
v -0.751897 7.159078 -0.149565
v -0.751897 6.664079 -0.149565
v 0.633501 6.664079 0.410237
v 0.697210 6.664079 0.288790
v 0.688122 6.664079 0.285026
v 0.619294 6.664079 0.413796
v 0.697210 6.664079 0.288790
v 0.633501 6.664079 0.410237
v 0.637428 6.664079 0.425913
v 0.708272 6.664079 0.293373
v 0.697210 7.148173 0.288790
v 0.633501 7.148173 0.410237
v 0.619294 7.159078 0.413795
v 0.688122 7.159078 0.285026
v 0.633501 7.148173 0.410237
v 0.697210 7.148173 0.288790
v 0.708272 7.159078 0.293372
v 0.637428 7.159078 0.425912
v 0.633501 7.148173 0.410237
v 0.633501 6.664079 0.410237
v 0.619294 6.664079 0.413796
v 0.619294 7.159078 0.413795
v 0.633501 6.664079 0.410237
v 0.633501 7.148173 0.410237
v 0.637428 7.159078 0.425912
v 0.637428 6.664079 0.425913
v -0.754653 6.664079 0.010849
v -0.742271 6.664079 0.136579
v -0.730506 6.664079 0.145304
v -0.744817 6.664079 -0.000003
v -0.766627 6.664079 -0.000003
v -0.751897 6.664079 0.149559
v -0.742271 6.664079 0.136579
v -0.742271 7.148173 0.136579
v -0.730506 7.159078 0.145304
v -0.730506 6.664079 0.145304
v -0.742271 7.148173 0.136579
v -0.742271 6.664079 0.136579
v -0.751897 6.664079 0.149559
v -0.751897 7.159078 0.149558
v -0.742271 7.148173 0.136579
v -0.730506 7.159078 0.145304
v -0.742271 7.148173 0.136579
v -0.751897 7.159078 0.149558
v 0.738037 6.664079 0.157867
v 0.730507 6.664079 0.145304
v 0.751897 6.664079 0.149559
v 0.738037 6.664079 0.157867
v 0.738037 7.148173 0.157866
v 0.730507 7.159078 0.145304
v 0.730507 6.664079 0.145304
v 0.738037 7.148173 0.157866
v 0.738037 6.664079 0.157867
v 0.751897 6.664079 0.149559
v 0.751897 7.159078 0.149558
v 0.738037 7.148173 0.157866
v 0.697210 7.148173 0.288790
v 0.688122 7.159078 0.285026
v 0.730507 7.159078 0.145304
v 0.738037 7.148173 0.157866
v 0.751897 7.159078 0.149558
v 0.742271 6.664079 0.136579
v 0.730507 6.664079 0.145304
v 0.742271 6.664079 0.136579
v 0.751897 6.664079 0.149559
v 0.742271 7.148173 0.136579
v 0.730507 7.159078 0.145304
v 0.742271 7.148173 0.136579
v 0.751897 7.159078 0.149558
v 0.742271 7.148173 0.136579
v 0.742271 6.664079 0.136579
v 0.730507 6.664079 0.145304
v 0.730507 7.159078 0.145304
v 0.742271 6.664079 0.136579
v 0.742271 7.148173 0.136579
v 0.751897 7.159078 0.149558
v 0.751897 6.664079 0.149559
v -0.738036 6.664079 0.157867
v -0.701362 6.664079 0.278764
v -0.688121 6.664079 0.285026
v -0.730506 6.664079 0.145304
v -0.751897 6.664079 0.149559
v -0.708271 6.664079 0.293373
v -0.697209 7.148173 0.288790
v -0.738036 7.148173 0.157866
v -0.730506 7.159078 0.145304
v -0.688121 7.159078 0.285026
v -0.738036 7.148173 0.157866
v -0.697209 7.148173 0.288790
v -0.708271 7.159078 0.293372
v -0.751897 7.159078 0.149558
v -0.738036 7.148173 0.157866
v -0.738036 6.664079 0.157867
v -0.730506 6.664079 0.145304
v -0.730506 7.159078 0.145304
v -0.738036 6.664079 0.157867
v -0.738036 7.148173 0.157866
v -0.751897 7.159078 0.149558
v -0.751897 6.664079 0.149559
v 0.525947 6.664079 -0.541297
v 0.428287 6.664079 -0.621444
v 0.413799 6.664079 -0.619295
v 0.526666 6.664079 -0.526668
v 0.542088 6.664079 -0.542090
v 0.425916 6.664079 -0.637430
v 0.428287 6.664079 -0.621444
v 0.428287 7.148173 -0.621446
v 0.413799 7.159078 -0.619296
v 0.413799 6.664079 -0.619295
v 0.428287 7.148173 -0.621446
v 0.428287 6.664079 -0.621444
v 0.425916 6.664079 -0.637430
v 0.425916 7.159078 -0.637431
v 0.428287 7.148173 -0.621446
v 0.533621 7.148173 -0.533624
v 0.526666 7.159078 -0.526669
v 0.413799 7.159078 -0.619296
v 0.533621 7.148173 -0.533624
v 0.428287 7.148173 -0.621446
v 0.425916 7.159078 -0.637431
v 0.542088 7.159078 -0.542091
v -0.693056 6.664079 0.298817
v -0.633501 6.664079 0.410237
v -0.619293 6.664079 0.413796
v -0.688121 6.664079 0.285026
v -0.708271 6.664079 0.293373
v -0.637427 6.664079 0.425912
v -0.633501 6.664079 0.410237
v -0.633501 7.148173 0.410237
v -0.619293 7.159078 0.413795
v -0.619293 6.664079 0.413796
v -0.633501 7.148173 0.410237
v -0.633501 6.664079 0.410237
v -0.637427 6.664079 0.425912
v -0.637427 7.159078 0.425912
v -0.633501 7.148173 0.410237
v -0.697209 7.148173 0.288790
v -0.688121 7.159078 0.285026
v -0.619293 7.159078 0.413795
v -0.633501 7.148173 0.410237
v -0.637427 7.159078 0.425912
v -0.621442 6.664079 0.428284
v -0.541294 6.664079 0.525945
v -0.526665 6.664079 0.526664
v -0.619293 6.664079 0.413796
v -0.637427 6.664079 0.425912
v -0.542087 6.664079 0.542086
v -0.533620 7.148173 0.533618
v -0.621442 7.148173 0.428283
v -0.619293 7.159078 0.413795
v -0.526665 7.159078 0.526662
v -0.621442 7.148173 0.428283
v -0.533620 7.148173 0.533618
v -0.542087 7.159078 0.542084
v -0.637427 7.159078 0.425912
v -0.621442 7.148173 0.428283
v -0.621442 6.664079 0.428284
v -0.619293 6.664079 0.413796
v -0.619293 7.159078 0.413795
v -0.621442 6.664079 0.428284
v -0.621442 7.148173 0.428283
v -0.637427 7.159078 0.425912
v -0.637427 6.664079 0.425912
v 0.738037 6.664079 -0.157871
v 0.697210 6.664079 -0.288797
v 0.688122 6.664079 -0.285031
v 0.730507 6.664079 -0.145310
v 0.697210 6.664079 -0.288797
v 0.751897 6.664079 -0.149565
v 0.708272 6.664079 -0.293379
v 0.697210 7.148173 -0.288797
v 0.738037 7.148173 -0.157873
v 0.730507 7.159078 -0.145310
v 0.688122 7.159078 -0.285033
v 0.738037 7.148173 -0.157873
v 0.697210 7.148173 -0.288797
v 0.708272 7.159078 -0.293379
v 0.751897 7.159078 -0.149565
v 0.738037 7.148173 -0.157873
v 0.738037 6.664079 -0.157871
v 0.730507 6.664079 -0.145310
v 0.730507 7.159078 -0.145310
v 0.738037 6.664079 -0.157871
v 0.738037 7.148173 -0.157873
v 0.751897 7.159078 -0.149565
v 0.751897 6.664079 -0.149565
v -0.525947 6.664079 0.541293
v -0.428286 6.664079 0.621440
v -0.413798 6.664079 0.619291
v -0.526665 6.664079 0.526664
v -0.542087 6.664079 0.542086
v -0.425915 6.664079 0.637425
v -0.428286 6.664079 0.621440
v -0.428286 7.148173 0.621439
v -0.413798 7.159078 0.619290
v -0.413798 6.664079 0.619291
v -0.428286 7.148173 0.621439
v -0.428286 6.664079 0.621440
v -0.425915 6.664079 0.637425
v -0.425915 7.159078 0.637424
v -0.428286 7.148173 0.621439
v -0.413798 7.159078 0.619290
v -0.428286 7.148173 0.621439
v -0.425915 7.159078 0.637424
v 0.633501 6.664079 -0.410242
v 0.619294 6.664079 -0.413802
v 0.633501 6.664079 -0.410242
v 0.637428 6.664079 -0.425919
v 0.633501 6.664079 -0.410242
v 0.633501 7.148173 -0.410243
v 0.619294 7.159078 -0.413802
v 0.619294 6.664079 -0.413802
v 0.633501 7.148173 -0.410243
v 0.633501 6.664079 -0.410242
v 0.637428 6.664079 -0.425919
v 0.637428 7.159078 -0.425919
v 0.633501 7.148173 -0.410243
v 0.697210 7.148173 -0.288797
v 0.688122 7.159078 -0.285033
v 0.619294 7.159078 -0.413802
v 0.633501 7.148173 -0.410243
v 0.637428 7.159078 -0.425919
v 0.621443 6.664079 -0.428290
v 0.541295 6.664079 -0.525949
v 0.526666 6.664079 -0.526668
v 0.619294 6.664079 -0.413802
v 0.637428 6.664079 -0.425919
v 0.542088 6.664079 -0.542090
v 0.621443 7.148173 -0.428290
v 0.619294 7.159078 -0.413802
v 0.621443 7.148173 -0.428290
v 0.637428 7.159078 -0.425919
v 0.621443 7.148173 -0.428290
v 0.621443 6.664079 -0.428290
v 0.619294 6.664079 -0.413802
v 0.619294 7.159078 -0.413802
v 0.621443 6.664079 -0.428290
v 0.621443 7.148173 -0.428290
v 0.637428 7.159078 -0.425919
v 0.637428 6.664079 -0.425919
v -0.298819 6.664079 0.693054
v -0.410239 6.664079 0.633499
v -0.425915 6.664079 0.637425
v -0.293375 6.664079 0.708270
v -0.410239 7.148173 0.633498
v -0.288793 7.148173 0.697206
v -0.293375 7.159078 0.708268
v -0.425915 7.159078 0.637424
v -0.410239 7.148173 0.633498
v -0.410239 6.664079 0.633499
v -0.413798 6.664079 0.619291
v -0.413798 7.159078 0.619290
v -0.410239 6.664079 0.633499
v -0.410239 7.148173 0.633498
v -0.425915 7.159078 0.637424
v -0.425915 6.664079 0.637425
v -0.010852 6.664079 -0.754656
v -0.136581 6.664079 -0.742273
v -0.145306 6.664079 -0.730509
v 0.000000 6.664079 -0.744820
v 0.000000 6.664079 -0.766630
v -0.149561 6.664079 -0.751899
v -0.136581 6.664079 -0.742273
v -0.136581 7.148173 -0.742274
v -0.145306 7.159078 -0.730510
v -0.145306 6.664079 -0.730509
v -0.136581 7.148173 -0.742274
v -0.136581 6.664079 -0.742273
v -0.149561 6.664079 -0.751899
v -0.149561 7.159078 -0.751900
v -0.136581 7.148173 -0.742274
v 0.000000 7.148173 -0.754657
v 0.000000 7.159078 -0.744821
v -0.145306 7.159078 -0.730510
v 0.000000 7.148173 -0.754657
v -0.136581 7.148173 -0.742274
v -0.149561 7.159078 -0.751900
v 0.000000 7.159078 -0.766631
v -0.157869 6.664079 0.738034
v -0.278767 6.664079 0.701360
v -0.293375 6.664079 0.708270
v -0.149561 6.664079 0.751895
v -0.157869 7.148173 0.738033
v -0.157869 6.664079 0.738034
v -0.149561 6.664079 0.751895
v -0.149561 7.159078 0.751894
v -0.157869 7.148173 0.738033
v -0.149561 7.159078 0.751894
v -0.157869 6.664079 -0.738038
v -0.278767 6.664079 -0.701364
v -0.285029 6.664079 -0.688124
v -0.145306 6.664079 -0.730509
v -0.149561 6.664079 -0.751899
v -0.293375 6.664079 -0.708274
v -0.288793 7.148173 -0.697212
v -0.157869 7.148173 -0.738039
v -0.145306 7.159078 -0.730510
v -0.285029 7.159078 -0.688125
v -0.157869 7.148173 -0.738039
v -0.288793 7.148173 -0.697212
v -0.293375 7.159078 -0.708275
v -0.149561 7.159078 -0.751900
v -0.157869 7.148173 -0.738039
v -0.157869 6.664079 -0.738038
v -0.145306 6.664079 -0.730509
v -0.145306 7.159078 -0.730510
v -0.157869 6.664079 -0.738038
v -0.157869 7.148173 -0.738039
v -0.149561 7.159078 -0.751900
v -0.149561 6.664079 -0.751899
v -0.136581 6.664079 0.742269
v -0.010852 6.664079 0.754652
v 0.000000 6.664079 0.744816
v -0.145306 6.664079 0.730503
v -0.149561 6.664079 0.751895
v 0.000000 6.664079 0.766626
v -0.136581 7.148173 0.742267
v 0.000000 7.148173 0.754651
v 0.000000 7.159078 0.766624
v -0.149561 7.159078 0.751894
v -0.136581 6.664079 0.742269
v -0.136581 7.148173 0.742267
v -0.149561 7.159078 0.751894
v -0.149561 6.664079 0.751895
v -0.298819 6.664079 -0.693058
v -0.410239 6.664079 -0.633503
v -0.413798 6.664079 -0.619295
v -0.285029 6.664079 -0.688124
v -0.293375 6.664079 -0.708274
v -0.425915 6.664079 -0.637429
v -0.410239 6.664079 -0.633503
v -0.410239 7.148173 -0.633504
v -0.413798 7.159078 -0.619296
v -0.413798 6.664079 -0.619295
v -0.410239 7.148173 -0.633504
v -0.410239 6.664079 -0.633503
v -0.425915 6.664079 -0.637429
v -0.425915 7.159078 -0.637431
v -0.410239 7.148173 -0.633504
v -0.288793 7.148173 -0.697212
v -0.285029 7.159078 -0.688125
v -0.413798 7.159078 -0.619296
v -0.410239 7.148173 -0.633504
v -0.425915 7.159078 -0.637431
v 0.410240 6.664079 -0.633503
v 0.298820 6.664079 -0.693058
v 0.285030 6.664079 -0.688124
v 0.413799 6.664079 -0.619295
v 0.425916 6.664079 -0.637430
v 0.293376 6.664079 -0.708274
v 0.288794 7.148173 -0.697212
v 0.410240 7.148173 -0.633504
v 0.413799 7.159078 -0.619296
v 0.285030 7.159078 -0.688125
v 0.410240 7.148173 -0.633504
v 0.288794 7.148173 -0.697212
v 0.293376 7.159078 -0.708275
v 0.425916 7.159078 -0.637431
v 0.410240 7.148173 -0.633504
v 0.410240 6.664079 -0.633503
v 0.413799 6.664079 -0.619295
v 0.413799 7.159078 -0.619296
v 0.410240 6.664079 -0.633503
v 0.410240 7.148173 -0.633504
v 0.425916 7.159078 -0.637431
v 0.425916 6.664079 -0.637430
v 0.010853 6.664079 0.754652
v 0.136582 6.664079 0.742269
v 0.145307 6.664079 0.730503
v 0.000000 6.664079 0.744816
v 0.000000 6.664079 0.766626
v 0.149562 6.664079 0.751895
v 0.136582 6.664079 0.742269
v 0.136582 7.148173 0.742267
v 0.145307 7.159078 0.730503
v 0.145307 6.664079 0.730503
v 0.136582 7.148173 0.742267
v 0.136582 6.664079 0.742269
v 0.149562 6.664079 0.751895
v 0.149562 7.159078 0.751894
v 0.136582 7.148173 0.742267
v 0.000000 7.148173 0.754651
v 0.000000 7.159078 0.744815
v 0.145307 7.159078 0.730503
v 0.136582 7.148173 0.742267
v 0.149562 7.159078 0.751894
v 0.278768 6.664079 -0.701364
v 0.157870 6.664079 -0.738038
v 0.145307 6.664079 -0.730509
v 0.285030 6.664079 -0.688124
v 0.293376 6.664079 -0.708274
v 0.149562 6.664079 -0.751899
v 0.157870 6.664079 -0.738038
v 0.157870 7.148173 -0.738039
v 0.145307 7.159078 -0.730509
v 0.145307 6.664079 -0.730509
v 0.157870 7.148173 -0.738039
v 0.157870 6.664079 -0.738038
v 0.149562 6.664079 -0.751899
v 0.149562 7.159078 -0.751900
v 0.157870 7.148173 -0.738039
v 0.288794 7.148173 -0.697212
v 0.285030 7.159078 -0.688125
v 0.145307 7.159078 -0.730509
v 0.157870 7.148173 -0.738039
v 0.149562 7.159078 -0.751900
v 0.157870 6.664079 0.738034
v 0.278768 6.664079 0.701360
v 0.285030 6.664079 0.688120
v 0.145307 6.664079 0.730503
v 0.149562 6.664079 0.751895
v 0.293376 6.664079 0.708269
v 0.288794 7.148173 0.697206
v 0.157870 7.148173 0.738033
v 0.145307 7.159078 0.730503
v 0.285030 7.159078 0.688119
v 0.157870 7.148173 0.738033
v 0.288794 7.148173 0.697206
v 0.293376 7.159078 0.708268
v 0.149562 7.159078 0.751894
v 0.157870 7.148173 0.738033
v 0.157870 6.664079 0.738034
v 0.145307 6.664079 0.730503
v 0.145307 7.159078 0.730503
v 0.157870 6.664079 0.738034
v 0.157870 7.148173 0.738033
v 0.149562 7.159078 0.751894
v 0.149562 6.664079 0.751895
v 0.136582 6.664079 -0.742273
v 0.010853 6.664079 -0.754656
v 0.000000 6.664079 -0.744820
v 0.145307 6.664079 -0.730509
v 0.149562 6.664079 -0.751899
v 0.000000 6.664079 -0.766630
v 0.136582 7.148173 -0.742274
v 0.145307 7.159078 -0.730509
v 0.136582 7.148173 -0.742274
v 0.149562 7.159078 -0.751900
v 0.136582 7.148173 -0.742274
v 0.136582 6.664079 -0.742273
v 0.145307 6.664079 -0.730509
v 0.145307 7.159078 -0.730509
v 0.136582 6.664079 -0.742273
v 0.136582 7.148173 -0.742274
v 0.149562 7.159078 -0.751900
v 0.149562 6.664079 -0.751899
v 0.298820 6.664079 0.693054
v 0.410240 6.664079 0.633499
v 0.413799 6.664079 0.619291
v 0.285030 6.664079 0.688120
v 0.293376 6.664079 0.708269
v 0.425916 6.664079 0.637425
v 0.410240 6.664079 0.633499
v 0.410240 7.148173 0.633498
v 0.413799 7.159078 0.619290
v 0.413799 6.664079 0.619291
v 0.410240 7.148173 0.633498
v 0.410240 6.664079 0.633499
v 0.425916 6.664079 0.637425
v 0.425916 7.159078 0.637424
v 0.410240 7.148173 0.633498
v 0.288794 7.148173 0.697206
v 0.285030 7.159078 0.688119
v 0.413799 7.159078 0.619290
v 0.410240 7.148173 0.633498
v 0.425916 7.159078 0.637424
v 0.062813 7.536649 -0.842203
v -0.062812 7.536649 -0.842203
v -0.073717 7.525744 -0.831298
v 0.073718 7.525744 -0.831298
v -0.062812 7.536649 -0.842203
v 0.062813 7.536649 -0.842203
v 0.073718 7.525744 -0.853108
v -0.073717 7.525744 -0.853108
v -0.062812 7.536649 -0.842203
v -0.062812 7.615673 -0.842203
v -0.073717 7.626578 -0.831298
v -0.073717 7.525744 -0.831298
v -0.062812 7.615673 -0.842203
v -0.062812 7.536649 -0.842203
v -0.073717 7.525744 -0.853108
v -0.073717 7.626578 -0.853108
v -0.084622 7.626578 -0.842203
v -0.084622 7.525744 -0.842203
v -0.073717 7.525744 -0.831298
v -0.073717 7.626578 -0.831298
v -0.084622 7.525744 -0.842203
v -0.084622 7.626578 -0.842203
v -0.073717 7.626578 -0.853108
v -0.073717 7.525744 -0.853108
v -0.062812 7.615673 -0.842203
v 0.062813 7.615673 -0.842203
v 0.073718 7.626578 -0.831298
v -0.073717 7.626578 -0.831298
v 0.062813 7.615673 -0.842203
v -0.062812 7.615673 -0.842203
v -0.073717 7.626578 -0.853108
v 0.073718 7.626578 -0.853108
v 0.062813 7.615673 -0.842203
v 0.062813 7.536649 -0.842203
v 0.073718 7.525744 -0.831298
v 0.073718 7.626578 -0.831298
v 0.062813 7.536649 -0.842203
v 0.062813 7.615673 -0.842203
v 0.073718 7.626578 -0.853108
v 0.073718 7.525744 -0.853108
v 0.084623 7.525744 -0.842203
v 0.084623 7.626578 -0.842203
v 0.073718 7.626578 -0.831298
v 0.073718 7.525744 -0.831298
v 0.084623 7.626578 -0.842203
v 0.084623 7.525744 -0.842203
v 0.073718 7.525744 -0.853108
v 0.073718 7.626578 -0.853108
v -0.062812 6.719078 -0.842203
v -0.062812 6.809007 -0.842203
v -0.073717 6.819910 -0.831298
v -0.073717 6.719078 -0.831298
v -0.062812 6.809007 -0.842203
v -0.062812 6.719078 -0.842203
v -0.073717 6.719078 -0.853108
v -0.073717 6.819910 -0.853108
v -0.084622 6.819910 -0.842203
v -0.084622 6.719078 -0.842203
v -0.073717 6.719078 -0.831298
v -0.073717 6.819910 -0.831298
v -0.084622 6.719078 -0.842203
v -0.084622 6.819910 -0.842203
v -0.073717 6.819910 -0.853108
v -0.073717 6.719078 -0.853108
v -0.062812 6.809007 -0.842203
v 0.062813 6.809007 -0.842203
v 0.073718 6.819912 -0.831298
v -0.073717 6.819910 -0.831298
v 0.062813 6.809007 -0.842203
v -0.062812 6.809007 -0.842203
v -0.073717 6.819910 -0.853108
v 0.073718 6.819912 -0.853108
v 0.062813 6.809007 -0.842203
v 0.062813 6.719078 -0.842203
v 0.073718 6.719078 -0.831298
v 0.073718 6.819912 -0.831298
v 0.062813 6.719078 -0.842203
v 0.062813 6.809007 -0.842203
v 0.073718 6.819912 -0.853108
v 0.073718 6.719078 -0.853108
v 0.084623 6.719078 -0.842203
v 0.084623 6.819912 -0.842203
v 0.073718 6.819912 -0.831298
v 0.073718 6.719078 -0.831298
v 0.084623 6.819912 -0.842203
v 0.084623 6.719078 -0.842203
v 0.073718 6.719078 -0.853108
v 0.073718 6.819912 -0.853108
v 0.062813 6.830815 -0.842203
v -0.062812 6.830815 -0.842203
v -0.073717 6.819910 -0.831298
v 0.073718 6.819912 -0.831298
v -0.062812 6.830815 -0.842203
v 0.062813 6.830815 -0.842203
v 0.073718 6.819912 -0.853108
v -0.073717 6.819910 -0.853108
v -0.062812 6.830815 -0.842203
v -0.062812 6.909839 -0.842203
v -0.073717 6.920744 -0.831298
v -0.073717 6.819910 -0.831298
v -0.062812 6.909839 -0.842203
v -0.062812 6.830815 -0.842203
v -0.073717 6.819910 -0.853108
v -0.073717 6.920744 -0.853108
v -0.084622 6.920744 -0.842203
v -0.073717 6.920744 -0.831298
v -0.084622 6.920744 -0.842203
v -0.073717 6.920744 -0.853108
v -0.062812 6.909839 -0.842203
v 0.062813 6.909839 -0.842203
v 0.073718 6.920744 -0.831298
v -0.073717 6.920744 -0.831298
v 0.062813 6.909839 -0.842203
v -0.062812 6.909839 -0.842203
v -0.073717 6.920744 -0.853108
v 0.073718 6.920744 -0.853108
v 0.062813 6.909839 -0.842203
v 0.062813 6.830815 -0.842203
v 0.073718 6.819912 -0.831298
v 0.073718 6.920744 -0.831298
v 0.062813 6.830815 -0.842203
v 0.062813 6.909839 -0.842203
v 0.073718 6.920744 -0.853108
v 0.073718 6.819912 -0.853108
v 0.084623 6.920744 -0.842203
v 0.073718 6.920744 -0.831298
v 0.084623 6.920744 -0.842203
v 0.073718 6.920744 -0.853108
v 0.062813 6.931649 -0.842203
v -0.062812 6.931649 -0.842203
v -0.073717 6.920744 -0.831298
v 0.073718 6.920744 -0.831298
v -0.062812 6.931649 -0.842203
v 0.062813 6.931649 -0.842203
v 0.073718 6.920744 -0.853108
v -0.073717 6.920744 -0.853108
v -0.062812 6.931649 -0.842203
v -0.062812 7.010673 -0.842203
v -0.073717 7.021578 -0.831298
v -0.073717 6.920744 -0.831298
v -0.062812 7.010673 -0.842203
v -0.062812 6.931649 -0.842203
v -0.073717 6.920744 -0.853108
v -0.073717 7.021578 -0.853108
v -0.084622 7.021578 -0.842203
v -0.073717 7.021578 -0.831298
v -0.084622 7.021578 -0.842203
v -0.073717 7.021578 -0.853108
v -0.062812 7.010673 -0.842203
v 0.062813 7.010673 -0.842203
v 0.073718 7.021578 -0.831298
v -0.073717 7.021578 -0.831298
v 0.062813 7.010673 -0.842203
v -0.062812 7.010673 -0.842203
v -0.073717 7.021578 -0.853108
v 0.073718 7.021578 -0.853108
v 0.062813 7.010673 -0.842203
v 0.062813 6.931649 -0.842203
v 0.073718 6.920744 -0.831298
v 0.073718 7.021578 -0.831298
v 0.062813 6.931649 -0.842203
v 0.062813 7.010673 -0.842203
v 0.073718 7.021578 -0.853108
v 0.073718 6.920744 -0.853108
v 0.084623 7.021578 -0.842203
v 0.073718 7.021578 -0.831298
v 0.084623 7.021578 -0.842203
v 0.073718 7.021578 -0.853108
v 0.062813 7.032484 -0.842203
v -0.062812 7.032484 -0.842203
v -0.073717 7.021578 -0.831298
v 0.073718 7.021578 -0.831298
v -0.062812 7.032484 -0.842203
v 0.062813 7.032484 -0.842203
v 0.073718 7.021578 -0.853108
v -0.073717 7.021578 -0.853108
v -0.062812 7.032484 -0.842203
v -0.062812 7.111507 -0.842203
v -0.073717 7.122410 -0.831298
v -0.073717 7.021578 -0.831298
v -0.062812 7.111507 -0.842203
v -0.062812 7.032484 -0.842203
v -0.073717 7.021578 -0.853108
v -0.073717 7.122410 -0.853108
v -0.084622 7.122410 -0.842203
v -0.073717 7.122410 -0.831298
v -0.084622 7.122410 -0.842203
v -0.073717 7.122410 -0.853108
v -0.062812 7.111507 -0.842203
v 0.062813 7.111507 -0.842203
v 0.073718 7.122412 -0.831298
v -0.073717 7.122410 -0.831298
v 0.062813 7.111507 -0.842203
v -0.062812 7.111507 -0.842203
v -0.073717 7.122410 -0.853108
v 0.073718 7.122412 -0.853108
v 0.062813 7.111507 -0.842203
v 0.062813 7.032484 -0.842203
v 0.073718 7.021578 -0.831298
v 0.073718 7.122412 -0.831298
v 0.062813 7.032484 -0.842203
v 0.062813 7.111507 -0.842203
v 0.073718 7.122412 -0.853108
v 0.073718 7.021578 -0.853108
v 0.084623 7.122412 -0.842203
v 0.073718 7.122412 -0.831298
v 0.084623 7.122412 -0.842203
v 0.073718 7.122412 -0.853108
v 0.062813 7.133317 -0.842203
v -0.062812 7.133315 -0.842203
v -0.073717 7.122410 -0.831298
v 0.073718 7.122412 -0.831298
v -0.062812 7.133315 -0.842203
v 0.062813 7.133317 -0.842203
v 0.073718 7.122412 -0.853108
v -0.073717 7.122410 -0.853108
v -0.062812 7.133315 -0.842203
v -0.062812 7.212339 -0.842203
v -0.073717 7.223244 -0.831298
v -0.073717 7.122410 -0.831298
v -0.062812 7.212339 -0.842203
v -0.062812 7.133315 -0.842203
v -0.073717 7.122410 -0.853108
v -0.073717 7.223244 -0.853108
v -0.084622 7.223244 -0.842203
v -0.073717 7.223244 -0.831298
v -0.084622 7.223244 -0.842203
v -0.073717 7.223244 -0.853108
v -0.062812 7.212339 -0.842203
v 0.062813 7.212339 -0.842203
v 0.073718 7.223244 -0.831298
v -0.073717 7.223244 -0.831298
v 0.062813 7.212339 -0.842203
v -0.062812 7.212339 -0.842203
v -0.073717 7.223244 -0.853108
v 0.073718 7.223244 -0.853108
v 0.062813 7.212339 -0.842203
v 0.062813 7.133317 -0.842203
v 0.073718 7.122412 -0.831298
v 0.073718 7.223244 -0.831298
v 0.062813 7.133317 -0.842203
v 0.062813 7.212339 -0.842203
v 0.073718 7.223244 -0.853108
v 0.073718 7.122412 -0.853108
v 0.084623 7.223244 -0.842203
v 0.073718 7.223244 -0.831298
v 0.084623 7.223244 -0.842203
v 0.073718 7.223244 -0.853108
v 0.062813 7.234149 -0.842203
v -0.062812 7.234149 -0.842203
v -0.073717 7.223244 -0.831298
v 0.073718 7.223244 -0.831298
v -0.062812 7.234149 -0.842203
v 0.062813 7.234149 -0.842203
v 0.073718 7.223244 -0.853108
v -0.073717 7.223244 -0.853108
v -0.062812 7.234149 -0.842203
v -0.062812 7.313173 -0.842203
v -0.073717 7.324078 -0.831298
v -0.073717 7.223244 -0.831298
v -0.062812 7.313173 -0.842203
v -0.062812 7.234149 -0.842203
v -0.073717 7.223244 -0.853108
v -0.073717 7.324078 -0.853108
v -0.084622 7.324078 -0.842203
v -0.073717 7.324078 -0.831298
v -0.084622 7.324078 -0.842203
v -0.073717 7.324078 -0.853108
v -0.062812 7.313173 -0.842203
v 0.062813 7.313173 -0.842203
v 0.073718 7.324078 -0.831298
v -0.073717 7.324078 -0.831298
v 0.062813 7.313173 -0.842203
v -0.062812 7.313173 -0.842203
v -0.073717 7.324078 -0.853108
v 0.073718 7.324078 -0.853108
v 0.062813 7.313173 -0.842203
v 0.062813 7.234149 -0.842203
v 0.073718 7.223244 -0.831298
v 0.073718 7.324078 -0.831298
v 0.062813 7.234149 -0.842203
v 0.062813 7.313173 -0.842203
v 0.073718 7.324078 -0.853108
v 0.073718 7.223244 -0.853108
v 0.084623 7.324078 -0.842203
v 0.073718 7.324078 -0.831298
v 0.084623 7.324078 -0.842203
v 0.073718 7.324078 -0.853108
v 0.062813 7.334983 -0.842203
v -0.062812 7.334983 -0.842203
v -0.073717 7.324078 -0.831298
v 0.073718 7.324078 -0.831298
v -0.062812 7.334983 -0.842203
v 0.062813 7.334983 -0.842203
v 0.073718 7.324078 -0.853108
v -0.073717 7.324078 -0.853108
v -0.062812 7.334983 -0.842203
v -0.062812 7.414007 -0.842203
v -0.073717 7.424910 -0.831298
v -0.073717 7.324078 -0.831298
v -0.062812 7.414007 -0.842203
v -0.062812 7.334983 -0.842203
v -0.073717 7.324078 -0.853108
v -0.073717 7.424910 -0.853108
v -0.084622 7.424910 -0.842203
v -0.073717 7.424910 -0.831298
v -0.084622 7.424910 -0.842203
v -0.073717 7.424910 -0.853108
v -0.062812 7.414007 -0.842203
v 0.062813 7.414007 -0.842203
v 0.073718 7.424912 -0.831298
v -0.073717 7.424910 -0.831298
v 0.062813 7.414007 -0.842203
v -0.062812 7.414007 -0.842203
v -0.073717 7.424910 -0.853108
v 0.073718 7.424912 -0.853108
v 0.062813 7.414007 -0.842203
v 0.062813 7.334983 -0.842203
v 0.073718 7.324078 -0.831298
v 0.073718 7.424912 -0.831298
v 0.062813 7.334983 -0.842203
v 0.062813 7.414007 -0.842203
v 0.073718 7.424912 -0.853108
v 0.073718 7.324078 -0.853108
v 0.084623 7.424912 -0.842203
v 0.073718 7.424912 -0.831298
v 0.084623 7.424912 -0.842203
v 0.073718 7.424912 -0.853108
v 0.062813 7.435815 -0.842203
v -0.062812 7.435815 -0.842203
v -0.073717 7.424910 -0.831298
v 0.073718 7.424912 -0.831298
v -0.062812 7.435815 -0.842203
v 0.062813 7.435815 -0.842203
v 0.073718 7.424912 -0.853108
v -0.073717 7.424910 -0.853108
v -0.062812 7.435815 -0.842203
v -0.062812 7.514839 -0.842203
v -0.073717 7.525744 -0.831298
v -0.073717 7.424910 -0.831298
v -0.062812 7.514839 -0.842203
v -0.062812 7.435815 -0.842203
v -0.073717 7.424910 -0.853108
v -0.073717 7.525744 -0.853108
v -0.062812 7.514839 -0.842203
v 0.062813 7.514839 -0.842203
v 0.073718 7.525744 -0.831298
v -0.073717 7.525744 -0.831298
v 0.062813 7.514839 -0.842203
v -0.062812 7.514839 -0.842203
v -0.073717 7.525744 -0.853108
v 0.073718 7.525744 -0.853108
v 0.062813 7.514839 -0.842203
v 0.062813 7.435815 -0.842203
v 0.073718 7.424912 -0.831298
v 0.073718 7.525744 -0.831298
v 0.062813 7.435815 -0.842203
v 0.062813 7.514839 -0.842203
v 0.073718 7.525744 -0.853108
v 0.073718 7.424912 -0.853108
v 0.062813 6.600885 -0.879988
v -0.062812 6.600885 -0.879988
v -0.073717 6.589980 -0.869083
v 0.073718 6.589982 -0.869083
v -0.062812 6.600885 -0.879988
v 0.062813 6.600885 -0.879988
v 0.073718 6.589982 -0.890893
v -0.073717 6.589980 -0.890893
v -0.062812 6.600885 -0.879988
v -0.062812 6.691577 -0.879988
v -0.073717 6.691577 -0.869083
v -0.073717 6.589980 -0.869083
v -0.062812 6.691577 -0.879988
v -0.062812 6.600885 -0.879988
v -0.073717 6.589980 -0.890893
v -0.073717 6.691577 -0.890893
v -0.084622 6.691577 -0.879988
v -0.084622 6.589980 -0.879988
v -0.073717 6.589980 -0.869083
v -0.073717 6.691577 -0.869083
v -0.084622 6.589980 -0.879988
v -0.084622 6.691577 -0.879988
v -0.073717 6.691577 -0.890893
v -0.073717 6.589980 -0.890893
v 0.062813 6.691577 -0.879988
v 0.062813 6.600885 -0.879988
v 0.073718 6.589982 -0.869083
v 0.073718 6.691577 -0.869083
v 0.062813 6.600885 -0.879988
v 0.062813 6.691577 -0.879988
v 0.073718 6.691577 -0.890893
v 0.073718 6.589982 -0.890893
v 0.084623 6.589982 -0.879988
v 0.084623 6.691577 -0.879988
v 0.073718 6.691577 -0.869083
v 0.073718 6.589982 -0.869083
v 0.084623 6.691577 -0.879988
v 0.084623 6.589982 -0.879988
v 0.073718 6.589982 -0.890893
v 0.073718 6.691577 -0.890893
v 0.062813 5.794219 -0.879988
v -0.062812 5.794219 -0.879988
v -0.073717 5.783315 -0.869083
v 0.073718 5.783315 -0.869083
v -0.062812 5.794219 -0.879988
v 0.062813 5.794219 -0.879988
v 0.073718 5.783315 -0.890893
v -0.073717 5.783315 -0.890893
v -0.062812 5.794219 -0.879988
v -0.062812 5.873243 -0.879988
v -0.073717 5.884148 -0.869083
v -0.073717 5.783315 -0.869083
v -0.062812 5.873243 -0.879988
v -0.062812 5.794219 -0.879988
v -0.073717 5.783315 -0.890893
v -0.073717 5.884148 -0.890893
v -0.084622 5.884148 -0.879988
v -0.084622 5.783315 -0.879988
v -0.073717 5.783315 -0.869083
v -0.073717 5.884148 -0.869083
v -0.084622 5.783315 -0.879988
v -0.084622 5.884148 -0.879988
v -0.073717 5.884148 -0.890893
v -0.073717 5.783315 -0.890893
v -0.062812 5.873243 -0.879988
v 0.062813 5.873243 -0.879988
v 0.073718 5.884148 -0.869083
v -0.073717 5.884148 -0.869083
v 0.062813 5.873243 -0.879988
v -0.062812 5.873243 -0.879988
v -0.073717 5.884148 -0.890893
v 0.073718 5.884148 -0.890893
v 0.062813 5.873243 -0.879988
v 0.062813 5.794219 -0.879988
v 0.073718 5.783315 -0.869083
v 0.073718 5.884148 -0.869083
v 0.062813 5.794219 -0.879988
v 0.062813 5.873243 -0.879988
v 0.073718 5.884148 -0.890893
v 0.073718 5.783315 -0.890893
v 0.084623 5.783315 -0.879988
v 0.084623 5.884148 -0.879988
v 0.073718 5.884148 -0.869083
v 0.073718 5.783315 -0.869083
v 0.084623 5.884148 -0.879988
v 0.084623 5.783315 -0.879988
v 0.073718 5.783315 -0.890893
v 0.073718 5.884148 -0.890893
v 0.062813 5.895053 -0.879988
v -0.062812 5.895053 -0.879988
v -0.073717 5.884148 -0.869083
v 0.073718 5.884148 -0.869083
v -0.062812 5.895053 -0.879988
v 0.062813 5.895053 -0.879988
v 0.073718 5.884148 -0.890893
v -0.073717 5.884148 -0.890893
v -0.062812 5.895053 -0.879988
v -0.062812 5.974077 -0.879988
v -0.073717 5.984981 -0.869083
v -0.073717 5.884148 -0.869083
v -0.062812 5.974077 -0.879988
v -0.062812 5.895053 -0.879988
v -0.073717 5.884148 -0.890893
v -0.073717 5.984981 -0.890893
v -0.084622 5.984981 -0.879988
v -0.073717 5.984981 -0.869083
v -0.084622 5.984981 -0.879988
v -0.073717 5.984981 -0.890893
v -0.062812 5.974077 -0.879988
v 0.062813 5.974077 -0.879988
v 0.073718 5.984982 -0.869083
v -0.073717 5.984981 -0.869083
v 0.062813 5.974077 -0.879988
v -0.062812 5.974077 -0.879988
v -0.073717 5.984981 -0.890893
v 0.073718 5.984982 -0.890893
v 0.062813 5.974077 -0.879988
v 0.062813 5.895053 -0.879988
v 0.073718 5.884148 -0.869083
v 0.073718 5.984982 -0.869083
v 0.062813 5.895053 -0.879988
v 0.062813 5.974077 -0.879988
v 0.073718 5.984982 -0.890893
v 0.073718 5.884148 -0.890893
v 0.084623 5.984982 -0.879988
v 0.073718 5.984982 -0.869083
v 0.084623 5.984982 -0.879988
v 0.073718 5.984982 -0.890893
v 0.062813 5.995887 -0.879988
v -0.062812 5.995886 -0.879988
v -0.073717 5.984981 -0.869083
v 0.073718 5.984982 -0.869083
v -0.062812 5.995886 -0.879988
v 0.062813 5.995887 -0.879988
v 0.073718 5.984982 -0.890893
v -0.073717 5.984981 -0.890893
v -0.062812 5.995886 -0.879988
v -0.062812 6.074910 -0.879988
v -0.073717 6.085815 -0.869083
v -0.073717 5.984981 -0.869083
v -0.062812 6.074910 -0.879988
v -0.062812 5.995886 -0.879988
v -0.073717 5.984981 -0.890893
v -0.073717 6.085815 -0.890893
v -0.084622 6.085815 -0.879988
v -0.073717 6.085815 -0.869083
v -0.084622 6.085815 -0.879988
v -0.073717 6.085815 -0.890893
v -0.062812 6.074910 -0.879988
v 0.062813 6.074911 -0.879988
v 0.073718 6.085815 -0.869083
v -0.073717 6.085815 -0.869083
v 0.062813 6.074911 -0.879988
v -0.062812 6.074910 -0.879988
v -0.073717 6.085815 -0.890893
v 0.073718 6.085815 -0.890893
v 0.062813 6.074911 -0.879988
v 0.062813 5.995887 -0.879988
v 0.073718 5.984982 -0.869083
v 0.073718 6.085815 -0.869083
v 0.062813 5.995887 -0.879988
v 0.062813 6.074911 -0.879988
v 0.073718 6.085815 -0.890893
v 0.073718 5.984982 -0.890893
v 0.084623 6.085815 -0.879988
v 0.073718 6.085815 -0.869083
v 0.084623 6.085815 -0.879988
v 0.073718 6.085815 -0.890893
v 0.062813 6.096720 -0.879988
v -0.062812 6.096719 -0.879988
v -0.073717 6.085815 -0.869083
v 0.073718 6.085815 -0.869083
v -0.062812 6.096719 -0.879988
v 0.062813 6.096720 -0.879988
v 0.073718 6.085815 -0.890893
v -0.073717 6.085815 -0.890893
v -0.062812 6.096719 -0.879988
v -0.062812 6.175743 -0.879988
v -0.073717 6.186648 -0.869083
v -0.073717 6.085815 -0.869083
v -0.062812 6.175743 -0.879988
v -0.062812 6.096719 -0.879988
v -0.073717 6.085815 -0.890893
v -0.073717 6.186648 -0.890893
v -0.084622 6.186648 -0.879988
v -0.073717 6.186648 -0.869083
v -0.084622 6.186648 -0.879988
v -0.073717 6.186648 -0.890893
v -0.062812 6.175743 -0.879988
v 0.062813 6.175744 -0.879988
v 0.073718 6.186649 -0.869083
v -0.073717 6.186648 -0.869083
v 0.062813 6.175744 -0.879988
v -0.062812 6.175743 -0.879988
v -0.073717 6.186648 -0.890893
v 0.073718 6.186649 -0.890893
v 0.062813 6.175744 -0.879988
v 0.062813 6.096720 -0.879988
v 0.073718 6.085815 -0.869083
v 0.073718 6.186649 -0.869083
v 0.062813 6.096720 -0.879988
v 0.062813 6.175744 -0.879988
v 0.073718 6.186649 -0.890893
v 0.073718 6.085815 -0.890893
v 0.084623 6.186649 -0.879988
v 0.073718 6.186649 -0.869083
v 0.084623 6.186649 -0.879988
v 0.073718 6.186649 -0.890893
v 0.062813 6.197553 -0.879988
v -0.062812 6.197553 -0.879988
v -0.073717 6.186648 -0.869083
v 0.073718 6.186649 -0.869083
v -0.062812 6.197553 -0.879988
v 0.062813 6.197553 -0.879988
v 0.073718 6.186649 -0.890893
v -0.073717 6.186648 -0.890893
v -0.062812 6.197553 -0.879988
v -0.062812 6.276575 -0.879988
v -0.073717 6.287480 -0.869083
v -0.073717 6.186648 -0.869083
v -0.062812 6.276575 -0.879988
v -0.062812 6.197553 -0.879988
v -0.073717 6.186648 -0.890893
v -0.073717 6.287480 -0.890893
v -0.084622 6.287480 -0.879988
v -0.073717 6.287480 -0.869083
v -0.084622 6.287480 -0.879988
v -0.073717 6.287480 -0.890893
v -0.062812 6.276575 -0.879988
v 0.062813 6.276577 -0.879988
v 0.073718 6.287482 -0.869083
v -0.073717 6.287480 -0.869083
v 0.062813 6.276577 -0.879988
v -0.062812 6.276575 -0.879988
v -0.073717 6.287480 -0.890893
v 0.073718 6.287482 -0.890893
v 0.062813 6.276577 -0.879988
v 0.062813 6.197553 -0.879988
v 0.073718 6.186649 -0.869083
v 0.073718 6.287482 -0.869083
v 0.062813 6.197553 -0.879988
v 0.062813 6.276577 -0.879988
v 0.073718 6.287482 -0.890893
v 0.073718 6.186649 -0.890893
v 0.084623 6.287482 -0.879988
v 0.073718 6.287482 -0.869083
v 0.084623 6.287482 -0.879988
v 0.073718 6.287482 -0.890893
v 0.062813 6.298387 -0.879988
v -0.062812 6.298385 -0.879988
v -0.073717 6.287480 -0.869083
v 0.073718 6.287482 -0.869083
v -0.062812 6.298385 -0.879988
v 0.062813 6.298387 -0.879988
v 0.073718 6.287482 -0.890893
v -0.073717 6.287480 -0.890893
v -0.062812 6.298385 -0.879988
v -0.062812 6.377409 -0.879988
v -0.073717 6.388314 -0.869083
v -0.073717 6.287480 -0.869083
v -0.062812 6.377409 -0.879988
v -0.062812 6.298385 -0.879988
v -0.073717 6.287480 -0.890893
v -0.073717 6.388314 -0.890893
v -0.084622 6.388314 -0.879988
v -0.073717 6.388314 -0.869083
v -0.084622 6.388314 -0.879988
v -0.073717 6.388314 -0.890893
v -0.062812 6.377409 -0.879988
v 0.062813 6.377409 -0.879988
v 0.073718 6.388314 -0.869083
v -0.073717 6.388314 -0.869083
v 0.062813 6.377409 -0.879988
v -0.062812 6.377409 -0.879988
v -0.073717 6.388314 -0.890893
v 0.073718 6.388314 -0.890893
v 0.062813 6.377409 -0.879988
v 0.062813 6.298387 -0.879988
v 0.073718 6.287482 -0.869083
v 0.073718 6.388314 -0.869083
v 0.062813 6.298387 -0.879988
v 0.062813 6.377409 -0.879988
v 0.073718 6.388314 -0.890893
v 0.073718 6.287482 -0.890893
v 0.084623 6.388314 -0.879988
v 0.073718 6.388314 -0.869083
v 0.084623 6.388314 -0.879988
v 0.073718 6.388314 -0.890893
v 0.062813 6.399219 -0.879988
v -0.062812 6.399219 -0.879988
v -0.073717 6.388314 -0.869083
v 0.073718 6.388314 -0.869083
v -0.062812 6.399219 -0.879988
v 0.062813 6.399219 -0.879988
v 0.073718 6.388314 -0.890893
v -0.073717 6.388314 -0.890893
v -0.062812 6.399219 -0.879988
v -0.062812 6.478242 -0.879988
v -0.073717 6.489148 -0.869083
v -0.073717 6.388314 -0.869083
v -0.062812 6.478242 -0.879988
v -0.062812 6.399219 -0.879988
v -0.073717 6.388314 -0.890893
v -0.073717 6.489148 -0.890893
v -0.084622 6.489148 -0.879988
v -0.073717 6.489148 -0.869083
v -0.084622 6.489148 -0.879988
v -0.073717 6.489148 -0.890893
v -0.062812 6.478242 -0.879988
v 0.062813 6.478242 -0.879988
v 0.073718 6.489148 -0.869083
v -0.073717 6.489148 -0.869083
v 0.062813 6.478242 -0.879988
v -0.062812 6.478242 -0.879988
v -0.073717 6.489148 -0.890893
v 0.073718 6.489148 -0.890893
v 0.062813 6.478242 -0.879988
v 0.062813 6.399219 -0.879988
v 0.073718 6.388314 -0.869083
v 0.073718 6.489148 -0.869083
v 0.062813 6.399219 -0.879988
v 0.062813 6.478242 -0.879988
v 0.073718 6.489148 -0.890893
v 0.073718 6.388314 -0.890893
v 0.084623 6.489148 -0.879988
v 0.073718 6.489148 -0.869083
v 0.084623 6.489148 -0.879988
v 0.073718 6.489148 -0.890893
v 0.062813 6.500053 -0.879988
v -0.062812 6.500053 -0.879988
v -0.073717 6.489148 -0.869083
v 0.073718 6.489148 -0.869083
v -0.062812 6.500053 -0.879988
v 0.062813 6.500053 -0.879988
v 0.073718 6.489148 -0.890893
v -0.073717 6.489148 -0.890893
v -0.062812 6.500053 -0.879988
v -0.062812 6.579077 -0.879988
v -0.073717 6.589980 -0.869083
v -0.073717 6.489148 -0.869083
v -0.062812 6.579077 -0.879988
v -0.062812 6.500053 -0.879988
v -0.073717 6.489148 -0.890893
v -0.073717 6.589980 -0.890893
v -0.062812 6.579077 -0.879988
v 0.062813 6.579077 -0.879988
v 0.073718 6.589982 -0.869083
v -0.073717 6.589980 -0.869083
v 0.062813 6.579077 -0.879988
v -0.062812 6.579077 -0.879988
v -0.073717 6.589980 -0.890893
v 0.073718 6.589982 -0.890893
v 0.062813 6.579077 -0.879988
v 0.062813 6.500053 -0.879988
v 0.073718 6.489148 -0.869083
v 0.073718 6.589982 -0.869083
v 0.062813 6.500053 -0.879988
v 0.062813 6.579077 -0.879988
v 0.073718 6.589982 -0.890893
v 0.073718 6.489148 -0.890893
v -0.062812 5.772409 -0.879988
v 0.062813 5.772409 -0.879988
v 0.073718 5.783315 -0.869083
v -0.073717 5.783315 -0.869083
v 0.062813 5.772409 -0.879988
v -0.062812 5.772409 -0.879988
v -0.073717 5.783315 -0.890893
v 0.073718 5.783315 -0.890893
v 0.062813 5.772409 -0.879988
v 0.062813 5.693387 -0.879988
v 0.073718 5.682482 -0.869083
v 0.073718 5.783315 -0.869083
v 0.062813 5.693387 -0.879988
v 0.062813 5.772409 -0.879988
v 0.073718 5.783315 -0.890893
v 0.073718 5.682482 -0.890893
v 0.084623 5.682482 -0.879988
v 0.073718 5.682482 -0.869083
v 0.084623 5.682482 -0.879988
v 0.073718 5.682482 -0.890893
v 0.062813 5.693387 -0.879988
v -0.062812 5.693387 -0.879988
v -0.073717 5.682482 -0.869083
v 0.073718 5.682482 -0.869083
v -0.062812 5.693387 -0.879988
v 0.062813 5.693387 -0.879988
v 0.073718 5.682482 -0.890893
v -0.073717 5.682482 -0.890893
v -0.062812 5.693387 -0.879988
v -0.062812 5.772409 -0.879988
v -0.073717 5.783315 -0.869083
v -0.073717 5.682482 -0.869083
v -0.062812 5.772409 -0.879988
v -0.062812 5.693387 -0.879988
v -0.073717 5.682482 -0.890893
v -0.073717 5.783315 -0.890893
v -0.084622 5.682482 -0.879988
v -0.073717 5.682482 -0.869083
v -0.084622 5.682482 -0.879988
v -0.073717 5.682482 -0.890893
v -0.062812 5.671576 -0.879988
v 0.062813 5.671576 -0.879988
v 0.073718 5.682482 -0.869083
v -0.073717 5.682482 -0.869083
v 0.062813 5.671576 -0.879988
v -0.062812 5.671576 -0.879988
v -0.073717 5.682482 -0.890893
v 0.073718 5.682482 -0.890893
v 0.062813 5.671576 -0.879988
v 0.062813 5.592554 -0.879988
v 0.073718 5.581649 -0.869083
v 0.073718 5.682482 -0.869083
v 0.062813 5.592554 -0.879988
v 0.062813 5.671576 -0.879988
v 0.073718 5.682482 -0.890893
v 0.073718 5.581649 -0.890893
v 0.084623 5.581649 -0.879988
v 0.073718 5.581649 -0.869083
v 0.084623 5.581649 -0.879988
v 0.073718 5.581649 -0.890893
v 0.062813 5.592554 -0.879988
v -0.062812 5.592554 -0.879988
v -0.073717 5.581649 -0.869083
v 0.073718 5.581649 -0.869083
v -0.062812 5.592554 -0.879988
v 0.062813 5.592554 -0.879988
v 0.073718 5.581649 -0.890893
v -0.073717 5.581649 -0.890893
v -0.062812 5.592554 -0.879988
v -0.062812 5.671576 -0.879988
v -0.073717 5.682482 -0.869083
v -0.073717 5.581649 -0.869083
v -0.062812 5.671576 -0.879988
v -0.062812 5.592554 -0.879988
v -0.073717 5.581649 -0.890893
v -0.073717 5.682482 -0.890893
v -0.084622 5.581649 -0.879988
v -0.073717 5.581649 -0.869083
v -0.084622 5.581649 -0.879988
v -0.073717 5.581649 -0.890893
v -0.062812 5.570745 -0.879988
v 0.062813 5.570745 -0.879988
v 0.073718 5.581649 -0.869083
v -0.073717 5.581649 -0.869083
v 0.062813 5.570745 -0.879988
v -0.062812 5.570745 -0.879988
v -0.073717 5.581649 -0.890893
v 0.073718 5.581649 -0.890893
v 0.062813 5.570745 -0.879988
v 0.062813 5.491721 -0.879988
v 0.073718 5.480816 -0.869083
v 0.073718 5.581649 -0.869083
v 0.062813 5.491721 -0.879988
v 0.062813 5.570745 -0.879988
v 0.073718 5.581649 -0.890893
v 0.073718 5.480816 -0.890893
v 0.084623 5.480816 -0.879988
v 0.073718 5.480816 -0.869083
v 0.084623 5.480816 -0.879988
v 0.073718 5.480816 -0.890893
v 0.062813 5.491721 -0.879988
v -0.062812 5.491721 -0.879988
v -0.073717 5.480816 -0.869083
v 0.073718 5.480816 -0.869083
v -0.062812 5.491721 -0.879988
v 0.062813 5.491721 -0.879988
v 0.073718 5.480816 -0.890893
v -0.073717 5.480816 -0.890893
v -0.062812 5.491721 -0.879988
v -0.062812 5.570745 -0.879988
v -0.073717 5.581649 -0.869083
v -0.073717 5.480816 -0.869083
v -0.062812 5.570745 -0.879988
v -0.062812 5.491721 -0.879988
v -0.073717 5.480816 -0.890893
v -0.073717 5.581649 -0.890893
v -0.084622 5.480816 -0.879988
v -0.073717 5.480816 -0.869083
v -0.084622 5.480816 -0.879988
v -0.073717 5.480816 -0.890893
v -0.062812 5.469912 -0.879988
v 0.062813 5.469912 -0.879988
v 0.073718 5.480816 -0.869083
v -0.073717 5.480816 -0.869083
v 0.062813 5.469912 -0.879988
v -0.062812 5.469912 -0.879988
v -0.073717 5.480816 -0.890893
v 0.073718 5.480816 -0.890893
v 0.062813 5.379983 -0.879988
v 0.062813 5.289078 -0.879988
v 0.073718 5.289078 -0.869083
v 0.073718 5.379983 -0.869083
v 0.062813 5.379983 -0.879988
v 0.062813 5.469912 -0.879988
v 0.073718 5.480816 -0.890893
v 0.073718 5.379983 -0.890893
v 0.084623 5.379983 -0.879988
v 0.073718 5.379983 -0.869083
v 0.084623 5.379983 -0.879988
v 0.084623 5.289078 -0.879988
v 0.073718 5.289078 -0.890893
v 0.073718 5.379983 -0.890893
v -0.062812 5.379983 -0.879988
v -0.062812 5.469912 -0.879988
v -0.073717 5.480816 -0.869083
v -0.073717 5.379983 -0.869083
v -0.062812 5.379983 -0.879988
v -0.062812 5.289078 -0.879988
v -0.073717 5.289078 -0.890893
v -0.073717 5.379983 -0.890893
v -0.084622 5.379983 -0.879988
v -0.084622 5.289078 -0.879988
v -0.073717 5.289078 -0.869083
v -0.073717 5.379983 -0.869083
v -0.084622 5.379983 -0.879988
v -0.073717 5.379983 -0.890893
v -0.062812 7.704132 -0.747283
v -0.062812 7.626579 -0.744987
v -0.073717 7.626579 -0.755892
v -0.073717 7.702420 -0.755892
v -0.062812 7.626579 -0.744987
v -0.062812 7.704132 -0.747283
v -0.073717 7.706676 -0.734501
v -0.073717 7.626579 -0.734082
v -0.084622 7.626579 -0.744987
v -0.084622 7.704548 -0.745197
v -0.073717 7.702420 -0.755892
v -0.073717 7.626579 -0.755892
v -0.084622 7.704548 -0.745197
v -0.084622 7.626579 -0.744987
v -0.073717 7.626579 -0.734082
v -0.073717 7.706676 -0.734501
v -0.062812 7.626579 -0.744987
v 0.062813 7.626579 -0.744987
v 0.073718 7.626579 -0.755892
v -0.073717 7.626579 -0.755892
v -0.073717 7.626579 -0.734082
v 0.073718 7.626579 -0.734082
v 0.084623 7.626579 -0.744987
v -0.084622 7.626579 -0.744987
v -0.073717 7.626579 -0.755892
v 0.073718 7.626579 -0.755892
v 0.073718 7.626579 -0.734082
v -0.073717 7.626579 -0.734082
v 0.062813 7.626579 -0.744987
v 0.062813 7.704132 -0.747283
v 0.073718 7.702420 -0.755892
v 0.073718 7.626579 -0.755892
v 0.062813 7.704132 -0.747283
v 0.062813 7.626579 -0.744987
v 0.073718 7.626579 -0.734082
v 0.073718 7.706676 -0.734501
v 0.084623 7.704548 -0.745197
v 0.084623 7.626579 -0.744987
v 0.073718 7.626579 -0.755892
v 0.073718 7.702420 -0.755892
v 0.084623 7.626579 -0.744987
v 0.084623 7.704548 -0.745197
v 0.073718 7.706676 -0.734501
v 0.073718 7.626579 -0.734082
v 0.062813 7.637483 -0.842203
v -0.062812 7.637483 -0.842203
v -0.073717 7.626578 -0.831298
v 0.073718 7.626578 -0.831298
v -0.062812 7.637483 -0.842203
v 0.062813 7.637483 -0.842203
v 0.073718 7.626578 -0.853108
v -0.073717 7.626578 -0.853108
v -0.062812 7.637483 -0.842203
v -0.062812 7.693642 -0.841994
v -0.073717 7.702419 -0.831298
v -0.073717 7.626578 -0.831298
v -0.062812 7.693642 -0.841994
v -0.062812 7.637483 -0.842203
v -0.073717 7.626578 -0.853108
v -0.073717 7.706675 -0.852689
v -0.084622 7.704547 -0.841994
v -0.073717 7.702419 -0.831298
v -0.084622 7.626578 -0.842203
v -0.084622 7.704547 -0.841994
v -0.073717 7.706675 -0.852689
v -0.073717 7.626578 -0.853108
v -0.062812 7.693642 -0.841994
v 0.062813 7.693642 -0.841994
v 0.073718 7.702419 -0.831298
v -0.073717 7.702419 -0.831298
v 0.062813 7.693642 -0.841994
v -0.062812 7.693642 -0.841994
v -0.073717 7.706675 -0.852689
v 0.073718 7.706675 -0.852689
v 0.062813 7.693642 -0.841994
v 0.062813 7.637483 -0.842203
v 0.073718 7.626578 -0.831298
v 0.073718 7.702419 -0.831298
v 0.062813 7.637483 -0.842203
v 0.062813 7.693642 -0.841994
v 0.073718 7.706675 -0.852689
v 0.073718 7.626578 -0.853108
v 0.084623 7.626578 -0.842203
v 0.084623 7.704547 -0.841994
v 0.073718 7.702419 -0.831298
v 0.073718 7.626578 -0.831298
v 0.084623 7.704547 -0.841994
v 0.084623 7.626578 -0.842203
v 0.073718 7.626578 -0.853108
v 0.073718 7.706675 -0.852689
v 0.062813 7.714622 -0.837821
v -0.062812 7.714622 -0.837821
v -0.073717 7.702419 -0.831298
v 0.073718 7.702419 -0.831298
v -0.062812 7.714622 -0.837821
v 0.062813 7.714622 -0.837821
v 0.073718 7.706675 -0.852689
v -0.073717 7.706675 -0.852689
v -0.062812 7.714622 -0.837821
v -0.062812 7.724852 -0.828739
v -0.073717 7.720091 -0.823979
v -0.073717 7.702419 -0.831298
v -0.062812 7.724852 -0.828739
v -0.062812 7.714622 -0.837821
v -0.073717 7.706675 -0.852689
v -0.073717 7.735514 -0.839401
v -0.084622 7.727803 -0.831690
v -0.084622 7.704547 -0.841994
v -0.073717 7.702419 -0.831298
v -0.073717 7.720091 -0.823979
v -0.084622 7.704547 -0.841994
v -0.084622 7.727803 -0.831690
v -0.073717 7.735514 -0.839401
v -0.073717 7.706675 -0.852689
v 0.062813 7.724852 -0.828739
v 0.062813 7.714622 -0.837821
v 0.073718 7.702419 -0.831298
v 0.073718 7.720091 -0.823979
v 0.062813 7.714622 -0.837821
v 0.062813 7.724852 -0.828739
v 0.073718 7.735514 -0.839401
v 0.073718 7.706675 -0.852689
v 0.084623 7.704547 -0.841994
v 0.084623 7.727803 -0.831690
v 0.073718 7.720091 -0.823979
v 0.073718 7.702419 -0.831298
v 0.084623 7.727803 -0.831690
v 0.084623 7.704547 -0.841994
v 0.073718 7.706675 -0.852689
v 0.073718 7.735514 -0.839401
v -0.062812 7.724852 -0.828739
v -0.062812 7.733933 -0.818510
v -0.073717 7.727410 -0.806308
v -0.073717 7.720091 -0.823979
v -0.062812 7.733933 -0.818510
v -0.073717 7.748802 -0.810563
v -0.084622 7.738105 -0.808435
v -0.084622 7.727803 -0.831690
v -0.073717 7.720091 -0.823979
v -0.073717 7.727410 -0.806308
v -0.084622 7.738105 -0.808435
v -0.073717 7.748802 -0.810563
v -0.062812 7.733933 -0.818510
v 0.062813 7.733933 -0.818510
v 0.073718 7.727410 -0.806308
v -0.073717 7.727410 -0.806308
v 0.062813 7.733933 -0.818510
v -0.062812 7.733933 -0.818510
v -0.073717 7.748802 -0.810563
v 0.073718 7.748802 -0.810563
v 0.062813 7.733933 -0.818510
v 0.062813 7.724852 -0.828739
v 0.073718 7.720091 -0.823979
v 0.073718 7.727410 -0.806308
v 0.062813 7.733933 -0.818510
v 0.073718 7.748802 -0.810563
v 0.084623 7.727803 -0.831690
v 0.084623 7.738105 -0.808435
v 0.073718 7.727410 -0.806308
v 0.073718 7.720091 -0.823979
v 0.084623 7.738105 -0.808435
v 0.073718 7.748802 -0.810563
v -0.062812 7.736020 -0.779170
v -0.062812 7.731976 -0.765576
v -0.073717 7.720091 -0.763212
v -0.073717 7.727410 -0.780883
v -0.062812 7.731976 -0.765576
v -0.062812 7.736020 -0.779170
v -0.073717 7.748803 -0.776628
v -0.073717 7.735514 -0.747790
v -0.084622 7.727804 -0.755501
v -0.084622 7.738106 -0.778755
v -0.073717 7.727410 -0.780883
v -0.073717 7.720091 -0.763212
v -0.084622 7.738106 -0.778755
v -0.084622 7.727804 -0.755501
v -0.073717 7.735514 -0.747790
v -0.073717 7.748803 -0.776628
v -0.062812 7.731976 -0.765576
v 0.062813 7.731976 -0.765576
v 0.073718 7.720091 -0.763212
v -0.073717 7.720091 -0.763212
v 0.062813 7.731976 -0.765576
v -0.062812 7.731976 -0.765576
v -0.073717 7.735514 -0.747790
v 0.073718 7.735514 -0.747790
v 0.062813 7.731976 -0.765576
v 0.062813 7.736020 -0.779170
v 0.073718 7.727410 -0.780883
v 0.073718 7.720091 -0.763212
v 0.062813 7.736020 -0.779170
v 0.062813 7.731976 -0.765576
v 0.073718 7.735514 -0.747790
v 0.073718 7.748803 -0.776628
v 0.084623 7.738106 -0.778755
v 0.084623 7.727804 -0.755501
v 0.073718 7.720091 -0.763212
v 0.073718 7.727410 -0.780883
v 0.084623 7.727804 -0.755501
v 0.084623 7.738106 -0.778755
v 0.073718 7.748803 -0.776628
v 0.073718 7.735514 -0.747790
v 0.062813 7.717728 -0.751328
v -0.062812 7.717728 -0.751328
v -0.073717 7.720091 -0.763212
v 0.073718 7.720091 -0.763212
v -0.062812 7.717728 -0.751328
v 0.062813 7.717728 -0.751328
v 0.073718 7.735514 -0.747790
v -0.073717 7.735514 -0.747790
v -0.062812 7.717728 -0.751328
v -0.073717 7.720091 -0.763212
v -0.062812 7.717728 -0.751328
v -0.073717 7.735514 -0.747790
v -0.084622 7.704548 -0.745197
v -0.084622 7.727804 -0.755501
v -0.073717 7.720091 -0.763212
v -0.073717 7.702420 -0.755892
v -0.084622 7.704548 -0.745197
v -0.073717 7.706676 -0.734501
v 0.062813 7.717728 -0.751328
v 0.073718 7.720091 -0.763212
v 0.062813 7.717728 -0.751328
v 0.073718 7.735514 -0.747790
v 0.084623 7.727804 -0.755501
v 0.084623 7.704548 -0.745197
v 0.073718 7.702420 -0.755892
v 0.073718 7.720091 -0.763212
v 0.084623 7.704548 -0.745197
v 0.073718 7.706676 -0.734501
v 0.062813 7.738105 -0.797530
v -0.062812 7.738105 -0.797530
v -0.073717 7.727410 -0.806308
v 0.073718 7.727410 -0.806308
v -0.062812 7.738105 -0.797530
v 0.062813 7.738105 -0.797530
v 0.073718 7.748802 -0.810563
v -0.073717 7.748802 -0.810563
v -0.062812 7.738105 -0.797530
v -0.073717 7.727410 -0.806308
v -0.062812 7.738105 -0.797530
v -0.073717 7.748802 -0.810563
v -0.084622 7.738106 -0.778755
v -0.084622 7.738105 -0.808435
v -0.073717 7.727410 -0.806308
v -0.073717 7.727410 -0.780883
v 0.062813 7.738105 -0.797530
v 0.073718 7.727410 -0.806308
v 0.062813 7.738105 -0.797530
v 0.073718 7.748802 -0.810563
v 0.084623 7.738105 -0.808435
v 0.084623 7.738106 -0.778755
v 0.073718 7.727410 -0.780883
v 0.073718 7.727410 -0.806308
v 0.062813 5.390887 -0.879988
v -0.062812 5.390887 -0.879988
v -0.073717 5.379983 -0.869083
v 0.073718 5.379983 -0.869083
v -0.062812 5.390887 -0.879988
v 0.062813 5.390887 -0.879988
v 0.073718 5.379983 -0.890893
v -0.073717 5.379983 -0.890893
v -0.062812 5.369078 -0.879988
v 0.062813 5.369078 -0.879988
v 0.073718 5.379983 -0.869083
v -0.073717 5.379983 -0.869083
v 0.062813 5.369078 -0.879988
v -0.062812 5.369078 -0.879988
v -0.073717 5.379983 -0.890893
v 0.073718 5.379983 -0.890893
v 0.084623 5.289078 -0.879988
v 0.073718 5.289078 -0.869083
v 0.062813 5.289078 -0.879988
v 0.073718 5.289078 -0.890893
v 0.062813 5.469912 -0.879988
v 0.073718 5.480816 -0.869083
v -0.084622 5.289078 -0.879988
v -0.073717 5.289078 -0.890893
v -0.062812 5.469912 -0.879988
v -0.073717 5.480816 -0.890893
v -0.062812 5.289078 -0.879988
v -0.073717 5.289078 -0.869083
v 0.363601 4.459369 -1.007997
v 0.363601 4.391994 -1.010192
v -0.363601 4.391994 -1.010192
v -0.363601 4.459369 -1.007997
v 0.363601 4.459369 -0.873924
v -0.363601 4.459369 -0.873924
v -0.363601 4.391994 -0.873924
v 0.363601 4.391994 -0.873924
v 0.363601 4.391994 -0.873924
v -0.363601 4.391994 -0.873924
v -0.363601 4.391994 -1.010192
v 0.363601 4.391994 -1.010192
v 0.363601 4.459369 -0.873924
v 0.363601 4.391994 -0.873924
v 0.363601 4.391994 -1.010192
v 0.363601 4.459369 -1.007997
v -0.363601 4.391994 -0.873924
v -0.363601 4.459369 -0.873924
v -0.363601 4.459369 -1.007997
v -0.363601 4.391994 -1.010192
v 0.363601 3.460682 -1.040766
v 0.363601 3.393306 -1.042983
v -0.363601 3.393306 -1.042983
v -0.363601 3.460682 -1.040766
v 0.363601 3.460682 -0.873923
v -0.363601 3.460682 -0.873923
v -0.363601 3.393306 -0.873923
v 0.363601 3.393306 -0.873923
v 0.363601 3.393306 -0.873923
v -0.363601 3.393306 -0.873923
v -0.363601 3.393306 -1.042983
v 0.363601 3.393306 -1.042983
v 0.363601 3.460682 -0.873923
v 0.363601 3.393306 -0.873923
v 0.363601 3.393306 -1.042983
v 0.363601 3.460682 -1.040766
v -0.363601 3.393306 -0.873923
v -0.363601 3.460682 -0.873923
v -0.363601 3.460682 -1.040766
v -0.363601 3.393306 -1.042983
v 0.363601 3.460682 -0.873923
v 0.363601 3.460682 -1.040766
v -0.363601 3.460682 -1.040766
v -0.363601 3.460682 -0.873923
v 0.363601 4.459369 -1.007997
v -0.363601 4.459369 -1.007997
v -0.363601 4.459369 -0.873924
v 0.363601 4.459369 -0.873924
v 0.546854 4.508354 -0.818426
v -0.745456 2.125224 -0.745457
v -0.696013 4.508354 -0.696014
v 0.818425 4.508354 0.546852
v 0.909385 4.508354 0.376678
v 0.546854 4.508355 0.818423
v 0.696013 4.508354 0.696012
v 0.376679 4.508355 0.909383
v 0.909385 4.508354 -0.376681
v 0.818425 4.508354 -0.546855
v 0.984311 4.508354 -0.000001
v 0.965398 4.508354 -0.192031
v 0.696013 4.508354 -0.696014
v 0.745456 2.125224 -0.745457
v 0.965398 4.508354 0.192028
v 0.192030 4.508355 0.965396
v 0.696013 4.508354 -0.696014
v 0.696013 4.508354 0.696012
v 0.000000 4.508355 0.984309
v -0.696013 4.508354 0.696012
v -0.546854 4.508355 0.818423
v -0.984311 4.508354 -0.000001
v -0.965398 4.508354 0.192028
v -0.422359 0.440000 -1.019666
v -0.613172 0.440000 -0.917677
v -0.696013 4.508354 -0.696014
v -0.818425 4.508354 -0.546855
v -0.909384 4.508354 -0.376681
v -0.965398 4.508354 -0.192031
v -0.909385 4.508354 0.376678
v -0.818424 4.508354 0.546853
v -0.696013 4.508354 0.696012
v -0.376679 4.508355 0.909383
v -0.192029 4.508355 0.965396
v 0.290881 3.460682 -0.971256
v -0.725354 0.293041 -1.432517
v -0.725354 0.293041 -0.920812
v -0.725354 0.440000 -0.920812
v -0.725354 0.440000 -1.432517
v 0.725354 0.220000 -1.022390
v 0.725354 0.220000 -0.920812
v 0.725354 0.146521 -1.022390
v 0.725354 -0.000000 -1.022390
v 0.725354 -0.000000 -1.432517
v 0.725354 0.146521 -1.432517
v -0.725354 -0.000000 -1.022390
v -0.725354 0.146521 -1.022390
v -0.725354 0.146521 -1.432517
v -0.725354 -0.000000 -1.432517
v 0.725354 0.440000 -0.825612
v 0.725354 0.440000 -0.920812
v 0.571936 0.293041 -1.579037
v 0.571936 0.146520 -1.579037
v -0.571936 0.146520 -1.579037
v -0.571936 0.293041 -1.579037
v 0.725354 0.440000 -1.432517
v 0.725354 0.440000 -0.920812
v 0.725354 0.293041 -0.920812
v 0.725354 0.293041 -1.432517
v 0.725354 0.440000 -1.432517
v -0.725354 0.440000 -1.432517
v -0.725354 0.440000 -0.920812
v 0.725354 0.440000 -0.920812
v -0.175127 2.433146 -1.428049
v -0.088677 2.456752 -1.428049
v -0.088677 2.192285 -1.428049
v -0.175127 2.192285 -1.428049
v -0.827511 2.228033 -1.428049
v -0.705502 2.230673 -1.428049
v -0.705502 2.192285 -1.428049
v -0.827511 2.192285 -1.428049
v -0.423284 2.304572 -1.428049
v -0.340473 2.348634 -1.428049
v -0.340473 2.192285 -1.428049
v -0.423284 2.192285 -1.428049
v -0.504571 2.268185 -1.428049
v -0.504571 2.192285 -1.428049
v -0.604460 2.242935 -1.428049
v -0.604460 2.192285 -1.428049
v -0.257819 2.395514 -1.428049
v -0.257819 2.192285 -1.428049
v -0.088677 2.192285 -1.428049
v -0.088677 2.192286 -0.537049
v -0.175127 2.192286 -0.537049
v -0.175127 2.192285 -1.428049
v -0.827511 2.228033 -1.428049
v -0.827511 2.228033 -0.537049
v -0.705502 2.230673 -0.537049
v -0.705502 2.230673 -1.428049
v -0.705502 2.192285 -1.428049
v -0.705502 2.192286 -0.537049
v -0.827511 2.192286 -0.537049
v -0.827511 2.192285 -1.428049
v -0.340473 2.348634 -1.428049
v -0.340473 2.348634 -0.537049
v -0.257819 2.395515 -0.537049
v -0.257819 2.395514 -1.428049
v -0.175127 2.433146 -1.428049
v -0.175127 2.433146 -0.537049
v -0.088677 2.456753 -0.537049
v -0.088677 2.456752 -1.428049
v -0.257819 2.192285 -1.428049
v -0.257819 2.192286 -0.537049
v -0.340473 2.192286 -0.537049
v -0.340473 2.192285 -1.428049
v -0.423284 2.304572 -1.428049
v -0.423284 2.304572 -0.537049
v -0.423284 2.192286 -0.537049
v -0.423284 2.192285 -1.428049
v -0.604460 2.242936 -0.537049
v -0.604460 2.242935 -1.428049
v -0.604460 2.192285 -1.428049
v -0.604460 2.192286 -0.537049
v -0.504571 2.268185 -0.537049
v -0.504571 2.268185 -1.428049
v -0.504571 2.192285 -1.428049
v -0.504571 2.192286 -0.537049
v -0.827511 2.192285 -1.428049
v -0.827511 2.192286 -0.537049
v -0.827511 2.228033 -0.537049
v -0.827511 2.228033 -1.428049
v 0.000000 2.192285 -1.428049
v 0.000000 2.192286 -0.537049
v 0.000000 2.081405 -1.401319
v 0.000000 2.081405 -0.537049
v -0.766403 2.081405 -0.537049
v -0.766403 2.081405 -1.401319
v 0.000000 2.180405 -1.401319
v -0.766403 2.180405 -1.401319
v -0.766403 2.180405 -0.537049
v 0.000000 2.180405 -0.537049
v 0.000000 2.081405 -1.401319
v -0.766403 2.081405 -1.401319
v -0.766403 2.180405 -1.401319
v 0.000000 2.180405 -1.401319
v -0.766403 2.081405 -1.401319
v -0.766403 2.081405 -0.537049
v -0.766403 2.180405 -0.537049
v -0.766403 2.180405 -1.401319
v -0.784223 2.180405 -1.419139
v 0.000000 2.180405 -1.419139
v 0.000000 2.180405 -1.401319
v -0.766403 2.180405 -1.401319
v 0.000000 2.192285 -1.419139
v -0.784223 2.192285 -1.419139
v -0.784223 2.192286 -0.537049
v 0.000000 2.192286 -0.537049
v 0.000000 2.180405 -1.419139
v -0.784223 2.180405 -1.419139
v -0.784223 2.192285 -1.419139
v 0.000000 2.192285 -1.419139
v -0.784223 2.180405 -1.419139
v -0.784223 2.180405 -0.537049
v -0.784223 2.192286 -0.537049
v -0.784223 2.192285 -1.419139
v -0.784223 2.180405 -0.537049
v -0.766403 2.180405 -0.537049
v -0.661035 1.978724 -1.189999
v -0.482835 1.978724 -1.189999
v -0.482835 2.081405 -1.189999
v -0.661035 2.081405 -1.189999
v -0.482835 1.978724 -1.189999
v -0.482835 1.978724 -1.368199
v -0.482835 2.081405 -1.368199
v -0.482835 2.081405 -1.189999
v -0.661035 1.978724 -1.368199
v -0.661035 1.978724 -1.189999
v -0.661035 2.081405 -1.189999
v -0.661035 2.081405 -1.368199
v -0.643215 1.949024 -1.207819
v -0.643215 1.949024 -1.350379
v -0.661035 1.919325 -1.368199
v -0.661035 1.919325 -1.189999
v -0.482835 1.978724 -1.368199
v -0.661035 1.978724 -1.368199
v -0.661035 2.081405 -1.368199
v -0.482835 2.081405 -1.368199
v -0.500655 1.949024 -1.207819
v -0.482835 1.978724 -1.189999
v -0.661035 1.978724 -1.189999
v -0.643215 1.949024 -1.207819
v -0.500655 1.949024 -1.350379
v -0.482835 1.978724 -1.368199
v -0.482835 1.978724 -1.189999
v -0.500655 1.949024 -1.207819
v -0.643215 1.949024 -1.350379
v -0.661035 1.978724 -1.368199
v -0.482835 1.978724 -1.368199
v -0.500655 1.949024 -1.350379
v -0.643215 1.949024 -1.207819
v -0.661035 1.978724 -1.189999
v -0.661035 1.978724 -1.368199
v -0.643215 1.949024 -1.350379
v -0.661035 1.919325 -1.368199
v -0.661035 1.919325 -1.189999
v -0.482835 1.919325 -1.189999
v -0.482835 1.919325 -1.368199
v -0.500655 1.949024 -1.350379
v -0.500655 1.949024 -1.207819
v -0.482835 1.919325 -1.189999
v -0.482835 1.919325 -1.368199
v -0.500655 1.949024 -1.207819
v -0.643215 1.949024 -1.207819
v -0.661035 1.919325 -1.189999
v -0.482835 1.919325 -1.189999
v -0.643215 1.949024 -1.350379
v -0.500655 1.949024 -1.350379
v -0.482835 1.919325 -1.368199
v -0.661035 1.919325 -1.368199
v -0.661035 1.919325 -1.368199
v -0.482835 1.919325 -1.368199
v -0.500655 1.889624 -1.350379
v -0.643215 1.889624 -1.350379
v -0.482835 1.919325 -1.368199
v -0.482835 1.919325 -1.189999
v -0.500655 1.889624 -1.207819
v -0.500655 1.889624 -1.350379
v -0.661035 1.919325 -1.368199
v -0.643215 1.889624 -1.350379
v -0.643215 1.889624 -1.207819
v -0.661035 1.919325 -1.189999
v -0.482835 1.919325 -1.189999
v -0.661035 1.919325 -1.189999
v -0.643215 1.889624 -1.207819
v -0.500655 1.889624 -1.207819
v -0.643215 1.889624 -1.350379
v -0.500655 1.889624 -1.350379
v -0.482835 0.808049 -1.368199
v -0.661035 0.808049 -1.368199
v -0.500655 1.889624 -1.350379
v -0.500655 1.889624 -1.207819
v -0.482835 0.808049 -1.189998
v -0.482835 0.808049 -1.368199
v -0.643215 1.889624 -1.350379
v -0.661035 0.808049 -1.368199
v -0.661035 0.808049 -1.189998
v -0.643215 1.889624 -1.207819
v -0.500655 1.889624 -1.207819
v -0.643215 1.889624 -1.207819
v -0.661035 0.808049 -1.189998
v -0.482835 0.808049 -1.189998
v -0.661035 0.808049 -1.189998
v -0.661035 0.808049 -1.368199
v -0.683310 0.770924 -1.390474
v -0.683310 0.770924 -1.167723
v -0.683310 0.770924 -1.390474
v -0.683310 0.770924 -1.167723
v -0.460560 0.770924 -1.167723
v -0.460560 0.770924 -1.390474
v -0.482835 0.808049 -1.368199
v -0.482835 0.808049 -1.189998
v -0.460560 0.770924 -1.167723
v -0.460560 0.770924 -1.390474
v -0.482835 0.808049 -1.189998
v -0.661035 0.808049 -1.189998
v -0.683310 0.770924 -1.167723
v -0.460560 0.770924 -1.167723
v -0.661035 0.808049 -1.368199
v -0.482835 0.808049 -1.368199
v -0.460560 0.770924 -1.390474
v -0.683310 0.770924 -1.390474
v -0.683310 0.770924 -1.390474
v -0.460560 0.770924 -1.390474
v -0.482835 0.733799 -1.368199
v -0.661035 0.733799 -1.368199
v -0.460560 0.770924 -1.390474
v -0.460560 0.770924 -1.167723
v -0.482835 0.733799 -1.189998
v -0.482835 0.733799 -1.368199
v -0.683310 0.770924 -1.390474
v -0.661035 0.733799 -1.368199
v -0.661035 0.733799 -1.189998
v -0.683310 0.770924 -1.167723
v -0.460560 0.770924 -1.167723
v -0.683310 0.770924 -1.167723
v -0.661035 0.733799 -1.189998
v -0.482835 0.733799 -1.189998
v -0.482835 0.733799 -1.189998
v -0.661035 0.733799 -1.189998
v -0.670354 0.440000 -1.180680
v -0.473517 0.440000 -1.180680
v -0.661035 0.733799 -1.368199
v -0.482835 0.733799 -1.368199
v -0.473517 0.440000 -1.377517
v -0.670354 0.440000 -1.377517
v -0.482835 0.733799 -1.368199
v -0.482835 0.733799 -1.189998
v -0.473517 0.440000 -1.180680
v -0.473517 0.440000 -1.377517
v -0.661035 0.733799 -1.368199
v -0.670354 0.440000 -1.377517
v -0.670354 0.440000 -1.180680
v -0.661035 0.733799 -1.189998
v -0.476312 0.528140 -1.374722
v -0.476312 0.528140 -1.339082
v -0.424308 0.440000 -1.341877
v -0.424308 0.440000 -1.377517
v -0.476312 0.528140 -1.219115
v -0.476312 0.528140 -1.183475
v -0.424308 0.440000 -1.180680
v -0.424308 0.440000 -1.216320
v -0.014307 2.529056 -0.537049
v -0.014307 2.529056 -1.428049
v -0.028613 2.519036 -1.428049
v -0.028613 2.519036 -0.537049
v -0.039633 2.506781 -0.537049
v -0.039633 2.506781 -1.428049
v -0.046573 2.494462 -1.428049
v -0.046573 2.494463 -0.537049
v -0.052665 2.477301 -0.537049
v -0.052665 2.477301 -1.428049
v -0.057457 2.459055 -1.428049
v -0.057457 2.459056 -0.537049
v -0.518475 2.081405 -1.288009
v -0.518475 0.440000 -1.288008
v -0.625395 0.440000 -1.288008
v -0.625395 2.081405 -1.288009
v -0.518475 0.440000 -1.288008
v -0.518475 2.081405 -1.288009
v -0.518475 2.081405 -0.537049
v -0.518475 0.440000 -0.537048
v -0.518475 2.081405 -1.288009
v -0.625395 2.081405 -1.288009
v -0.625395 2.081405 -0.537049
v -0.518475 2.081405 -0.537049
v -0.625395 2.081405 -1.288009
v -0.625395 0.440000 -1.288008
v -0.625395 0.440000 -0.537048
v -0.625395 2.081405 -0.537049
v -0.547331 -0.000000 -1.780557
v -0.551077 -0.000000 -1.799388
v -0.551077 0.195965 -1.799388
v -0.547331 0.195965 -1.780557
v -0.547331 -0.000000 -1.377517
v -0.547331 0.635965 -1.377517
v -0.547331 0.635965 -1.377517
v -0.547331 0.195965 -1.780557
v -0.596540 0.195965 -1.780557
v -0.596540 0.635965 -1.377517
v -0.596540 0.635965 -1.377517
v -0.596540 0.195965 -1.780557
v -0.596540 -0.000000 -1.780557
v -0.596540 -0.000000 -1.377517
v -0.561744 -0.000000 -1.815353
v -0.577708 -0.000000 -1.826020
v -0.577708 0.195965 -1.826020
v -0.561744 0.195965 -1.815353
v -0.561744 -0.000000 -1.815353
v -0.561744 0.195965 -1.815353
v -0.596540 -0.000000 -1.829766
v -0.596540 0.195965 -1.829766
v -0.615371 -0.000000 -1.826020
v -0.631336 -0.000000 -1.815353
v -0.631336 0.195965 -1.815353
v -0.615371 0.195965 -1.826020
v -0.631336 -0.000000 -1.815353
v -0.642003 -0.000000 -1.799388
v -0.642003 0.195965 -1.799388
v -0.631336 0.195965 -1.815353
v -0.645749 -0.000000 -1.780557
v -0.642003 -0.000000 -1.761726
v -0.642003 0.195965 -1.761726
v -0.645749 0.195965 -1.780557
v -0.631336 -0.000000 -1.745761
v -0.631336 0.195965 -1.745761
v -0.615372 -0.000000 -1.735094
v -0.596540 -0.000000 -1.731348
v -0.596540 0.195965 -1.731348
v -0.615372 0.195965 -1.735094
v -0.631336 -0.000000 -1.745761
v -0.631336 0.195965 -1.745761
v -0.057457 2.459056 -0.537049
v -0.057457 2.459055 -1.428049
v -0.039633 2.506781 -1.428049
v -0.028613 2.519036 -1.428049
v 0.000000 2.519036 -1.428049
v 0.000000 2.506781 -1.428049
v -0.004237 2.531933 -0.537049
v -0.004237 2.531932 -1.428049
v -0.028613 2.519036 -0.537049
v -0.028613 2.519036 -1.428049
v -0.046573 2.494462 -1.428049
v 0.000000 2.494462 -1.428049
v -0.057457 2.459055 -1.428049
v -0.052665 2.477301 -1.428049
v 0.000000 2.477301 -1.428049
v 0.000000 2.463331 -1.428049
v -0.014307 2.529056 -1.428049
v 0.000000 2.529056 -1.428049
v -0.004237 2.531932 -1.428049
v 0.000000 2.532430 -1.428049
v 0.000000 2.532430 -0.537049
v 0.000000 2.532430 -1.428049
v 0.175127 2.433146 -1.428049
v 0.175127 2.192285 -1.428049
v 0.088677 2.192285 -1.428049
v 0.088677 2.456752 -1.428049
v 0.827511 2.228033 -1.428049
v 0.827511 2.192285 -1.428049
v 0.705502 2.192285 -1.428049
v 0.705502 2.230673 -1.428049
v 0.423284 2.304572 -1.428049
v 0.423284 2.192285 -1.428049
v 0.340473 2.192285 -1.428049
v 0.340473 2.348634 -1.428049
v 0.504571 2.268185 -1.428049
v 0.504571 2.192285 -1.428049
v 0.604460 2.192285 -1.428049
v 0.604460 2.242935 -1.428049
v 0.257819 2.192285 -1.428049
v 0.257819 2.395514 -1.428049
v 0.088677 2.192285 -1.428049
v 0.175127 2.192285 -1.428049
v 0.175127 2.192286 -0.537049
v 0.088677 2.192286 -0.537049
v 0.827511 2.228033 -1.428049
v 0.705502 2.230673 -1.428049
v 0.705502 2.230673 -0.537049
v 0.827511 2.228033 -0.537049
v 0.705502 2.192285 -1.428049
v 0.827511 2.192285 -1.428049
v 0.827511 2.192286 -0.537049
v 0.705502 2.192286 -0.537049
v 0.340473 2.348634 -1.428049
v 0.257819 2.395514 -1.428049
v 0.257819 2.395515 -0.537049
v 0.340473 2.348634 -0.537049
v 0.175127 2.433146 -1.428049
v 0.088677 2.456752 -1.428049
v 0.088677 2.456753 -0.537049
v 0.175127 2.433146 -0.537049
v 0.257819 2.192285 -1.428049
v 0.340473 2.192285 -1.428049
v 0.340473 2.192286 -0.537049
v 0.257819 2.192286 -0.537049
v 0.423284 2.304572 -1.428049
v 0.423284 2.304572 -0.537049
v 0.423284 2.192285 -1.428049
v 0.423284 2.192286 -0.537049
v 0.604460 2.242935 -1.428049
v 0.604460 2.242936 -0.537049
v 0.604460 2.192285 -1.428049
v 0.604460 2.192286 -0.537049
v 0.504571 2.268185 -1.428049
v 0.504571 2.268185 -0.537049
v 0.504571 2.192285 -1.428049
v 0.504571 2.192286 -0.537049
v 0.827511 2.192285 -1.428049
v 0.827511 2.228033 -1.428049
v 0.827511 2.228033 -0.537049
v 0.827511 2.192286 -0.537049
v 0.766403 2.081405 -1.401319
v 0.766403 2.081405 -0.537049
v 0.766403 2.180405 -0.537049
v 0.766403 2.180405 -1.401319
v 0.766403 2.180405 -1.401319
v 0.766403 2.081405 -1.401319
v 0.766403 2.081405 -1.401319
v 0.766403 2.180405 -1.401319
v 0.766403 2.180405 -0.537049
v 0.766403 2.081405 -0.537049
v 0.784223 2.180405 -1.419139
v 0.766403 2.180405 -1.401319
v 0.784223 2.192286 -0.537049
v 0.784223 2.192285 -1.419139
v 0.784223 2.192285 -1.419139
v 0.784223 2.180405 -1.419139
v 0.784223 2.180405 -1.419139
v 0.784223 2.192285 -1.419139
v 0.784223 2.192286 -0.537049
v 0.784223 2.180405 -0.537049
v 0.784223 2.180405 -0.537049
v 0.766403 2.180405 -0.537049
v 0.661035 1.978724 -1.189999
v 0.661035 2.081405 -1.189999
v 0.482835 2.081405 -1.189999
v 0.482835 1.978724 -1.189999
v 0.482835 1.978724 -1.189999
v 0.482835 2.081405 -1.189999
v 0.482835 2.081405 -1.368199
v 0.482835 1.978724 -1.368199
v 0.661035 1.978724 -1.368199
v 0.661035 2.081405 -1.368199
v 0.661035 2.081405 -1.189999
v 0.661035 1.978724 -1.189999
v 0.643215 1.949024 -1.207819
v 0.661035 1.919325 -1.189999
v 0.661035 1.919325 -1.368199
v 0.643215 1.949024 -1.350379
v 0.482835 1.978724 -1.368199
v 0.482835 2.081405 -1.368199
v 0.661035 2.081405 -1.368199
v 0.661035 1.978724 -1.368199
v 0.500655 1.949024 -1.207819
v 0.643215 1.949024 -1.207819
v 0.661035 1.978724 -1.189999
v 0.482835 1.978724 -1.189999
v 0.500655 1.949024 -1.350379
v 0.500655 1.949024 -1.207819
v 0.482835 1.978724 -1.189999
v 0.482835 1.978724 -1.368199
v 0.643215 1.949024 -1.350379
v 0.500655 1.949024 -1.350379
v 0.482835 1.978724 -1.368199
v 0.661035 1.978724 -1.368199
v 0.643215 1.949024 -1.207819
v 0.643215 1.949024 -1.350379
v 0.661035 1.978724 -1.368199
v 0.661035 1.978724 -1.189999
v 0.661035 1.919325 -1.368199
v 0.482835 1.919325 -1.368199
v 0.482835 1.919325 -1.189999
v 0.661035 1.919325 -1.189999
v 0.500655 1.949024 -1.350379
v 0.482835 1.919325 -1.368199
v 0.482835 1.919325 -1.189999
v 0.500655 1.949024 -1.207819
v 0.500655 1.949024 -1.207819
v 0.482835 1.919325 -1.189999
v 0.661035 1.919325 -1.189999
v 0.643215 1.949024 -1.207819
v 0.643215 1.949024 -1.350379
v 0.661035 1.919325 -1.368199
v 0.482835 1.919325 -1.368199
v 0.500655 1.949024 -1.350379
v 0.661035 1.919325 -1.368199
v 0.643215 1.889624 -1.350379
v 0.500655 1.889624 -1.350379
v 0.482835 1.919325 -1.368199
v 0.482835 1.919325 -1.368199
v 0.500655 1.889624 -1.350379
v 0.500655 1.889624 -1.207819
v 0.482835 1.919325 -1.189999
v 0.661035 1.919325 -1.368199
v 0.661035 1.919325 -1.189999
v 0.643215 1.889624 -1.207819
v 0.643215 1.889624 -1.350379
v 0.482835 1.919325 -1.189999
v 0.500655 1.889624 -1.207819
v 0.643215 1.889624 -1.207819
v 0.661035 1.919325 -1.189999
v 0.643215 1.889624 -1.350379
v 0.661035 0.808049 -1.368199
v 0.482835 0.808049 -1.368199
v 0.500655 1.889624 -1.350379
v 0.500655 1.889624 -1.350379
v 0.482835 0.808049 -1.368199
v 0.482835 0.808049 -1.189998
v 0.500655 1.889624 -1.207819
v 0.643215 1.889624 -1.350379
v 0.643215 1.889624 -1.207819
v 0.661035 0.808049 -1.189998
v 0.661035 0.808049 -1.368199
v 0.500655 1.889624 -1.207819
v 0.482835 0.808049 -1.189998
v 0.661035 0.808049 -1.189998
v 0.643215 1.889624 -1.207819
v 0.661035 0.808049 -1.189998
v 0.683310 0.770924 -1.167723
v 0.683310 0.770924 -1.390474
v 0.661035 0.808049 -1.368199
v 0.683310 0.770924 -1.390474
v 0.460560 0.770924 -1.390474
v 0.460560 0.770924 -1.167723
v 0.683310 0.770924 -1.167723
v 0.482835 0.808049 -1.368199
v 0.460560 0.770924 -1.390474
v 0.460560 0.770924 -1.167723
v 0.482835 0.808049 -1.189998
v 0.482835 0.808049 -1.189998
v 0.460560 0.770924 -1.167723
v 0.683310 0.770924 -1.167723
v 0.661035 0.808049 -1.189998
v 0.661035 0.808049 -1.368199
v 0.683310 0.770924 -1.390474
v 0.460560 0.770924 -1.390474
v 0.482835 0.808049 -1.368199
v 0.683310 0.770924 -1.390474
v 0.661035 0.733799 -1.368199
v 0.482835 0.733799 -1.368199
v 0.460560 0.770924 -1.390474
v 0.460560 0.770924 -1.390474
v 0.482835 0.733799 -1.368199
v 0.482835 0.733799 -1.189998
v 0.460560 0.770924 -1.167723
v 0.683310 0.770924 -1.390474
v 0.683310 0.770924 -1.167723
v 0.661035 0.733799 -1.189998
v 0.661035 0.733799 -1.368199
v 0.460560 0.770924 -1.167723
v 0.482835 0.733799 -1.189998
v 0.661035 0.733799 -1.189998
v 0.683310 0.770924 -1.167723
v 0.482835 0.733799 -1.189998
v 0.473517 0.440000 -1.180680
v 0.670354 0.440000 -1.180680
v 0.661035 0.733799 -1.189998
v 0.661035 0.733799 -1.368199
v 0.670354 0.440000 -1.377517
v 0.473517 0.440000 -1.377517
v 0.482835 0.733799 -1.368199
v 0.482835 0.733799 -1.368199
v 0.473517 0.440000 -1.377517
v 0.473517 0.440000 -1.180680
v 0.482835 0.733799 -1.189998
v 0.661035 0.733799 -1.368199
v 0.661035 0.733799 -1.189998
v 0.670354 0.440000 -1.180680
v 0.670354 0.440000 -1.377517
v 0.476312 0.528140 -1.374722
v 0.424308 0.440000 -1.377517
v 0.424308 0.440000 -1.341877
v 0.476312 0.528140 -1.339082
v 0.476312 0.528140 -1.219115
v 0.424308 0.440000 -1.216320
v 0.424308 0.440000 -1.180680
v 0.476312 0.528140 -1.183475
v 0.014307 2.529056 -0.537049
v 0.028613 2.519036 -0.537049
v 0.028613 2.519036 -1.428049
v 0.014307 2.529056 -1.428049
v 0.039633 2.506781 -0.537049
v 0.046573 2.494463 -0.537049
v 0.046573 2.494462 -1.428049
v 0.039633 2.506781 -1.428049
v 0.052665 2.477301 -0.537049
v 0.057457 2.459056 -0.537049
v 0.057457 2.459055 -1.428049
v 0.052665 2.477301 -1.428049
v 0.518475 2.081405 -1.288009
v 0.625395 2.081405 -1.288009
v 0.625395 0.440000 -1.288008
v 0.518475 0.440000 -1.288008
v 0.518475 0.440000 -1.288008
v 0.518475 0.440000 -0.537048
v 0.518475 2.081405 -0.537049
v 0.518475 2.081405 -1.288009
v 0.518475 2.081405 -1.288009
v 0.518475 2.081405 -0.537049
v 0.625395 2.081405 -0.537049
v 0.625395 2.081405 -1.288009
v 0.625395 2.081405 -1.288009
v 0.625395 2.081405 -0.537049
v 0.625395 0.440000 -0.537048
v 0.625395 0.440000 -1.288008
v 0.547331 -0.000000 -1.780557
v 0.547331 0.195965 -1.780557
v 0.551077 0.195965 -1.799388
v 0.551077 -0.000000 -1.799388
v 0.547331 -0.000000 -1.377517
v 0.547331 0.635965 -1.377517
v 0.547331 0.635965 -1.377517
v 0.596540 0.635965 -1.377517
v 0.596540 0.195965 -1.780557
v 0.547331 0.195965 -1.780557
v 0.596540 0.635965 -1.377517
v 0.596540 -0.000000 -1.377517
v 0.596540 -0.000000 -1.780557
v 0.596540 0.195965 -1.780557
v 0.561744 -0.000000 -1.815353
v 0.561744 0.195965 -1.815353
v 0.577708 0.195965 -1.826020
v 0.577708 -0.000000 -1.826020
v 0.561744 0.195965 -1.815353
v 0.561744 -0.000000 -1.815353
v 0.596540 0.195965 -1.829766
v 0.596540 -0.000000 -1.829766
v 0.615371 -0.000000 -1.826020
v 0.615371 0.195965 -1.826020
v 0.631336 0.195965 -1.815353
v 0.631336 -0.000000 -1.815353
v 0.631336 -0.000000 -1.815353
v 0.631336 0.195965 -1.815353
v 0.642003 0.195965 -1.799388
v 0.642003 -0.000000 -1.799388
v 0.645749 -0.000000 -1.780557
v 0.645749 0.195965 -1.780557
v 0.642003 0.195965 -1.761726
v 0.642003 -0.000000 -1.761726
v 0.631336 0.195965 -1.745761
v 0.631336 -0.000000 -1.745761
v 0.615372 -0.000000 -1.735094
v 0.615372 0.195965 -1.735094
v 0.596540 0.195965 -1.731348
v 0.596540 -0.000000 -1.731348
v 0.631336 -0.000000 -1.745761
v 0.631336 0.195965 -1.745761
v 0.057457 2.459055 -1.428049
v 0.057457 2.459056 -0.537049
v 0.039633 2.506781 -1.428049
v 0.028613 2.519036 -1.428049
v 0.004237 2.531933 -0.537049
v 0.004237 2.531932 -1.428049
v 0.028613 2.519036 -0.537049
v 0.028613 2.519036 -1.428049
v 0.046573 2.494462 -1.428049
v 0.057457 2.459055 -1.428049
v 0.052665 2.477301 -1.428049
v 0.014307 2.529056 -1.428049
v 0.004237 2.531932 -1.428049
v 0.000000 1.435856 -1.070680
v -0.031609 1.435856 -1.070680
v -0.031609 1.467465 -1.070680
v 0.000000 1.467465 -1.070680
v 0.000000 1.076559 -1.070680
v -0.031609 1.076559 -1.070680
v -0.031609 1.239707 -1.070680
v 0.000000 1.239707 -1.070680
v 0.000000 0.440000 -1.070680
v -0.031609 0.440000 -1.070680
v -0.031609 0.880411 -1.070680
v 0.000000 0.880411 -1.070680
v -0.239328 1.435856 -1.070680
v -0.239328 1.261707 -1.070680
v -0.261328 1.261707 -1.070680
v -0.261328 1.435856 -1.070680
v -0.469047 1.261707 -1.070680
v -0.469047 1.435856 -1.070680
v -0.469047 1.435856 -1.048680
v -0.469047 1.261707 -1.048680
v -0.239328 1.467465 -1.070680
v -0.261328 1.467465 -1.070680
v -0.239328 1.239707 -1.070680
v -0.239328 1.076559 -1.070680
v -0.261328 1.076559 -1.070680
v -0.261328 1.239707 -1.070680
v -0.239328 1.054559 -1.070680
v -0.239328 0.880411 -1.070680
v -0.261328 0.880411 -1.070680
v -0.261328 1.054559 -1.070680
v -0.031609 1.076559 -1.070680
v -0.239328 1.076559 -1.070680
v -0.239328 1.076559 -1.048680
v -0.031609 1.076559 -1.048680
v -0.239328 1.076559 -1.070680
v -0.239328 1.239707 -1.070680
v -0.239328 1.239707 -1.048680
v -0.239328 1.076559 -1.048680
v -0.261328 1.076559 -1.070680
v -0.469047 1.076559 -1.070680
v -0.469047 1.076559 -1.048680
v -0.261328 1.076559 -1.048680
v -0.031609 1.054559 -1.070680
v -0.031609 0.880411 -1.070680
v -0.031609 0.880411 -1.048680
v -0.031609 1.054559 -1.048680
v -0.239328 1.435856 -1.070680
v -0.239328 1.467465 -1.070680
v -0.031609 1.467465 -1.070680
v -0.031609 1.435856 -1.070680
v -0.031609 1.054559 -1.070680
v 0.000000 1.054559 -1.070680
v -0.239328 0.880411 -1.070680
v -0.239328 1.054559 -1.070680
v -0.239328 1.054559 -1.048680
v -0.239328 0.880411 -1.048680
v -0.031609 1.261707 -1.070680
v -0.469047 1.076559 -1.070680
v -0.469047 1.054559 -1.070680
v -0.469047 1.261707 -1.070680
v -0.469047 1.239707 -1.070680
v 0.000000 1.261707 -1.070680
v -0.500656 1.076559 -1.070680
v -0.500656 1.054559 -1.070680
v -0.500656 1.261707 -1.070680
v -0.500656 1.239707 -1.070680
v -0.469047 0.880411 -1.048680
v -0.469047 1.054559 -1.048680
v -0.261328 1.054559 -1.048680
v -0.261328 0.880411 -1.048680
v -0.239328 1.076559 -1.048680
v -0.239328 1.239707 -1.048680
v -0.031609 1.239707 -1.048680
v -0.031609 1.076559 -1.048680
v -0.239328 1.261707 -1.048680
v -0.239328 1.435856 -1.048680
v -0.031609 1.435856 -1.048680
v -0.031609 1.261707 -1.048680
v -0.469047 1.076559 -1.048680
v -0.469047 1.239707 -1.048680
v -0.261328 1.239707 -1.048680
v -0.261328 1.076559 -1.048680
v -0.469047 1.261707 -1.048680
v -0.469047 1.435856 -1.048680
v -0.261328 1.435856 -1.048680
v -0.261328 1.261707 -1.048680
v -0.239328 0.880411 -1.048680
v -0.239328 1.054559 -1.048680
v -0.031609 1.054559 -1.048680
v -0.031609 0.880411 -1.048680
v -0.469047 1.054559 -1.070680
v -0.261328 1.054559 -1.070680
v -0.261328 1.054559 -1.048680
v -0.469047 1.054559 -1.048680
v -0.031609 0.880411 -1.070680
v -0.239328 0.880411 -1.070680
v -0.239328 0.880411 -1.048680
v -0.031609 0.880411 -1.048680
v -0.239328 1.261707 -1.070680
v -0.239328 1.435856 -1.070680
v -0.239328 1.435856 -1.048680
v -0.239328 1.261707 -1.048680
v -0.239328 1.435856 -1.070680
v -0.031609 1.435856 -1.070680
v -0.031609 1.435856 -1.048680
v -0.239328 1.435856 -1.048680
v -0.261328 1.054559 -1.070680
v -0.261328 0.880411 -1.070680
v -0.261328 0.880411 -1.048680
v -0.261328 1.054559 -1.048680
v -0.239328 1.054559 -1.070680
v -0.031609 1.054559 -1.070680
v -0.031609 1.054559 -1.048680
v -0.239328 1.054559 -1.048680
v -0.469047 1.076559 -1.070680
v -0.469047 1.239707 -1.070680
v -0.469047 1.239707 -1.048680
v -0.469047 1.076559 -1.048680
v -0.261328 1.261707 -1.070680
v -0.469047 1.261707 -1.070680
v -0.469047 1.261707 -1.048680
v -0.261328 1.261707 -1.048680
v -0.031609 1.435856 -1.070680
v -0.031609 1.261707 -1.070680
v -0.031609 1.261707 -1.048680
v -0.031609 1.435856 -1.048680
v -0.261328 1.239707 -1.070680
v -0.261328 1.076559 -1.070680
v -0.261328 1.076559 -1.048680
v -0.261328 1.239707 -1.048680
v -0.031609 1.261707 -1.070680
v -0.239328 1.261707 -1.070680
v -0.239328 1.261707 -1.048680
v -0.031609 1.261707 -1.048680
v -0.469047 1.239707 -1.070680
v -0.261328 1.239707 -1.070680
v -0.261328 1.239707 -1.048680
v -0.469047 1.239707 -1.048680
v -0.261328 0.880411 -1.070680
v -0.469047 0.880411 -1.070680
v -0.469047 0.880411 -1.048680
v -0.261328 0.880411 -1.048680
v -0.261328 1.435856 -1.070680
v -0.261328 1.261707 -1.070680
v -0.261328 1.261707 -1.048680
v -0.261328 1.435856 -1.048680
v -0.469047 0.880411 -1.070680
v -0.469047 1.054559 -1.070680
v -0.469047 1.054559 -1.048680
v -0.469047 0.880411 -1.048680
v -0.031609 1.239707 -1.070680
v -0.031609 1.076559 -1.070680
v -0.031609 1.076559 -1.048680
v -0.031609 1.239707 -1.048680
v -0.239328 1.239707 -1.070680
v -0.031609 1.239707 -1.070680
v -0.031609 1.239707 -1.048680
v -0.239328 1.239707 -1.048680
v -0.469047 1.435856 -1.070680
v -0.261328 1.435856 -1.070680
v -0.261328 1.435856 -1.048680
v -0.469047 1.435856 -1.048680
v -0.469047 1.435856 -1.070680
v -0.469047 1.467465 -1.070680
v -0.500656 1.435856 -1.070680
v -0.500656 1.467465 -1.070680
v -0.469047 0.880411 -1.070680
v -0.500656 0.880411 -1.070680
v -0.469047 0.440000 -1.070680
v -0.500656 0.440000 -1.070680
v 0.000000 1.435856 -1.070680
v 0.000000 1.435856 -1.026680
v 0.000000 1.261707 -1.026680
v 0.000000 1.261707 -1.070680
v 0.000000 1.261707 -1.070680
v 0.000000 1.261707 -1.026680
v 0.000000 1.239707 -1.026680
v 0.000000 1.239707 -1.070680
v 0.000000 1.467465 -1.070680
v 0.000000 1.467465 -1.026680
v 0.000000 1.435856 -1.026680
v 0.000000 1.435856 -1.070680
v 0.000000 1.239707 -1.070680
v 0.000000 1.239707 -1.026680
v 0.000000 1.076559 -1.026680
v 0.000000 1.076559 -1.070680
v 0.000000 1.054559 -1.070680
v 0.000000 1.054559 -1.026680
v 0.000000 0.880411 -1.026680
v 0.000000 0.880411 -1.070680
v 0.000000 1.076559 -1.070680
v 0.000000 1.076559 -1.026680
v 0.000000 1.054559 -1.026680
v 0.000000 1.054559 -1.070680
v 0.000000 0.880411 -1.070680
v 0.000000 0.880411 -1.026680
v 0.000000 0.440000 -1.026680
v 0.000000 0.440000 -1.070680
v 0.500656 1.435856 -1.026680
v 0.469047 1.435856 -1.026680
v 0.469047 1.467465 -1.026680
v 0.500656 1.467465 -1.026680
v 0.500656 1.076559 -1.026680
v 0.469047 1.076559 -1.026680
v 0.469047 1.239707 -1.026680
v 0.500656 1.239707 -1.026680
v 0.500656 0.440000 -1.026680
v 0.469047 0.440000 -1.026680
v 0.469047 0.880411 -1.026680
v 0.500656 0.880411 -1.026680
v 0.261328 1.435856 -1.026680
v 0.261328 1.261707 -1.026680
v 0.239328 1.261707 -1.026680
v 0.239328 1.435856 -1.026680
v 0.031610 1.261707 -1.026680
v 0.031610 1.435856 -1.026680
v 0.031610 1.435856 -1.004680
v 0.031610 1.261707 -1.004680
v 0.261328 1.467465 -1.026680
v 0.239328 1.467465 -1.026680
v 0.261328 1.239707 -1.026680
v 0.261328 1.076559 -1.026680
v 0.239328 1.076559 -1.026680
v 0.239328 1.239707 -1.026680
v 0.261328 1.054559 -1.026680
v 0.239328 1.054559 -1.026680
v 0.469047 1.076559 -1.026680
v 0.261328 1.076559 -1.026680
v 0.261328 1.076559 -1.004680
v 0.469047 1.076559 -1.004680
v 0.261328 1.076559 -1.026680
v 0.261328 1.239707 -1.026680
v 0.261328 1.239707 -1.004680
v 0.261328 1.076559 -1.004680
v 0.239328 1.076559 -1.026680
v 0.031610 1.076559 -1.026680
v 0.031610 1.076559 -1.004680
v 0.239328 1.076559 -1.004680
v 0.469047 1.054559 -1.026680
v 0.469047 0.880411 -1.026680
v 0.469047 0.880411 -1.004680
v 0.469047 1.054559 -1.004680
v 0.469047 1.054559 -1.026680
v 0.500656 1.054559 -1.026680
v 0.261328 0.880411 -1.026680
v 0.261328 1.054559 -1.026680
v 0.261328 1.054559 -1.004680
v 0.261328 0.880411 -1.004680
v 0.469047 1.261707 -1.026680
v 0.031610 1.076559 -1.026680
v 0.031610 1.054559 -1.026680
v 0.031610 1.261707 -1.026680
v 0.031610 1.239707 -1.026680
v 0.500656 1.261707 -1.026680
v 0.000000 1.076559 -1.026680
v 0.000000 1.054559 -1.026680
v 0.000000 1.261707 -1.026680
v 0.000000 1.239707 -1.026680
v 0.031610 0.880411 -1.004680
v 0.031610 1.054559 -1.004680
v 0.239328 1.054559 -1.004680
v 0.239328 0.880411 -1.004680
v 0.261328 1.076559 -1.004680
v 0.261328 1.239707 -1.004680
v 0.469047 1.239707 -1.004680
v 0.469047 1.076559 -1.004680
v 0.261328 1.261707 -1.004680
v 0.261328 1.435856 -1.004680
v 0.469047 1.435856 -1.004680
v 0.469047 1.261707 -1.004680
v 0.031610 1.076559 -1.004680
v 0.031610 1.239707 -1.004680
v 0.239328 1.239707 -1.004680
v 0.239328 1.076559 -1.004680
v 0.031610 1.261707 -1.004680
v 0.031610 1.435856 -1.004680
v 0.239328 1.435856 -1.004680
v 0.239328 1.261707 -1.004680
v 0.261328 0.880411 -1.004680
v 0.261328 1.054559 -1.004680
v 0.469047 1.054559 -1.004680
v 0.469047 0.880411 -1.004680
v 0.031610 1.054559 -1.026680
v 0.239328 1.054559 -1.026680
v 0.239328 1.054559 -1.004680
v 0.031610 1.054559 -1.004680
v 0.469047 0.880411 -1.026680
v 0.261328 0.880411 -1.026680
v 0.261328 0.880411 -1.004680
v 0.469047 0.880411 -1.004680
v 0.261328 1.261707 -1.026680
v 0.261328 1.435856 -1.026680
v 0.261328 1.435856 -1.004680
v 0.261328 1.261707 -1.004680
v 0.261328 1.435856 -1.026680
v 0.469047 1.435856 -1.026680
v 0.469047 1.435856 -1.004680
v 0.261328 1.435856 -1.004680
v 0.239328 1.054559 -1.026680
v 0.239328 0.880411 -1.026680
v 0.239328 0.880411 -1.004680
v 0.239328 1.054559 -1.004680
v 0.261328 1.054559 -1.026680
v 0.469047 1.054559 -1.026680
v 0.469047 1.054559 -1.004680
v 0.261328 1.054559 -1.004680
v 0.031610 1.076559 -1.026680
v 0.031610 1.239707 -1.026680
v 0.031610 1.239707 -1.004680
v 0.031610 1.076559 -1.004680
v 0.239328 1.261707 -1.026680
v 0.031610 1.261707 -1.026680
v 0.031610 1.261707 -1.004680
v 0.239328 1.261707 -1.004680
v 0.469047 1.435856 -1.026680
v 0.469047 1.261707 -1.026680
v 0.469047 1.261707 -1.004680
v 0.469047 1.435856 -1.004680
v 0.239328 1.239707 -1.026680
v 0.239328 1.076559 -1.026680
v 0.239328 1.076559 -1.004680
v 0.239328 1.239707 -1.004680
v 0.469047 1.261707 -1.026680
v 0.261328 1.261707 -1.026680
v 0.261328 1.261707 -1.004680
v 0.469047 1.261707 -1.004680
v 0.031610 1.239707 -1.026680
v 0.239328 1.239707 -1.026680
v 0.239328 1.239707 -1.004680
v 0.031610 1.239707 -1.004680
v 0.239328 0.880411 -1.026680
v 0.031610 0.880411 -1.026680
v 0.031610 0.880411 -1.004680
v 0.239328 0.880411 -1.004680
v 0.239328 1.435856 -1.026680
v 0.239328 1.261707 -1.026680
v 0.239328 1.261707 -1.004680
v 0.239328 1.435856 -1.004680
v 0.031610 0.880411 -1.026680
v 0.031610 1.054559 -1.026680
v 0.031610 1.054559 -1.004680
v 0.031610 0.880411 -1.004680
v 0.469047 1.239707 -1.026680
v 0.469047 1.076559 -1.026680
v 0.469047 1.076559 -1.004680
v 0.469047 1.239707 -1.004680
v 0.261328 1.239707 -1.026680
v 0.469047 1.239707 -1.026680
v 0.469047 1.239707 -1.004680
v 0.261328 1.239707 -1.004680
v 0.031610 1.435856 -1.026680
v 0.239328 1.435856 -1.026680
v 0.239328 1.435856 -1.004680
v 0.031610 1.435856 -1.004680
v 0.031610 1.435856 -1.026680
v 0.031610 1.467465 -1.026680
v 0.000000 1.435856 -1.026680
v 0.000000 1.467465 -1.026680
v 0.031610 0.880411 -1.026680
v 0.000000 0.880411 -1.026680
v 0.031610 0.440000 -1.026680
v 0.000000 0.440000 -1.026680
v -0.550722 1.467465 -1.070680
v -0.550722 1.530684 -1.070680
v -0.500656 1.530684 -1.070680
v 0.500656 1.530684 -1.070680
v 0.550722 1.530684 -1.070680
v 0.550722 1.467465 -1.070680
v 0.500656 1.467465 -1.070680
v 0.500656 1.261707 -1.026680
v 0.500656 1.261707 -1.070680
v 0.500656 1.239707 -1.070680
v 0.500656 1.239707 -1.026680
v 0.500656 1.076559 -1.070680
v 0.500656 1.076559 -1.026680
v 0.500656 1.054559 -1.026680
v 0.500656 1.054559 -1.070680
v 0.500656 0.880411 -1.070680
v 0.500656 0.880411 -1.026680
v 0.449674 0.471610 -1.026680
v 0.449674 0.471610 -1.015680
v 0.449674 0.848801 -1.015680
v 0.449674 0.848801 -1.026680
v 0.250328 0.471610 -1.026680
v 0.250328 0.471610 -1.015680
v 0.449674 0.471610 -1.015680
v 0.449674 0.471610 -1.026680
v 0.050983 0.471610 -1.026680
v 0.050983 0.471610 -1.015680
v 0.050983 0.848801 -1.026680
v 0.050983 0.848801 -1.015680
v 0.050983 0.471610 -1.015680
v 0.050983 0.471610 -1.026680
v -0.250328 0.471610 -1.070680
v -0.250328 0.471610 -1.059680
v -0.050982 0.471610 -1.059680
v -0.050982 0.471610 -1.070680
v 0.500656 0.440000 -1.070680
v 0.500656 0.440000 -1.026680
v 0.500656 1.435856 -1.026680
v 0.500656 1.435856 -1.070680
v 0.500656 1.467465 -1.026680
v 0.500656 1.467465 -1.070680
v 0.500656 1.054559 -1.070680
v 0.550722 1.054559 -1.070680
v 0.550722 0.880411 -1.070680
v 0.500656 0.880411 -1.070680
v 0.500656 1.261707 -1.070680
v 0.550722 1.261707 -1.070680
v 0.550722 1.239707 -1.070680
v 0.500656 1.239707 -1.070680
v 0.550722 1.076559 -1.070680
v 0.500656 1.076559 -1.070680
v 0.550722 0.440000 -1.070680
v 0.500656 0.440000 -1.070680
v 0.500656 1.435856 -1.070680
v 0.550722 1.435856 -1.070680
v 0.500656 1.467465 -1.070680
v 0.550722 1.467465 -1.070680
v -0.550722 1.239707 -1.070680
v -0.550722 1.261707 -1.070680
v -0.550722 0.440000 -1.070680
v -0.550722 0.880411 -1.070680
v -0.550722 1.435856 -1.070680
v -0.550722 1.054559 -1.070680
v -0.550722 1.076559 -1.070680
v 0.000000 1.467465 -1.026680
v 0.000000 1.467465 -1.070680
v 0.031610 1.467465 -1.070680
v 0.031610 1.467465 -1.026680
v 0.469047 1.467465 -1.026680
v 0.469047 1.467465 -1.070680
v 0.500656 1.467465 -1.070680
v 0.500656 1.467465 -1.026680
v 0.239328 1.467465 -1.070680
v 0.239328 1.467465 -1.026680
v 0.261328 1.467465 -1.070680
v 0.261328 1.467465 -1.026680
v 0.239328 1.467465 -1.070680
v 0.239328 1.530684 -1.070680
v 0.261328 1.530684 -1.070680
v 0.261328 1.467465 -1.070680
v -0.500656 1.467465 -1.070680
v -0.500656 1.530684 -1.070680
v -0.469047 1.530684 -1.070680
v -0.469047 1.467465 -1.070680
v 0.031610 1.467465 -1.070680
v 0.031610 1.530684 -1.070680
v -0.261328 1.530684 -1.070680
v -0.239328 1.530684 -1.070680
v 0.469047 1.467465 -1.070680
v 0.469047 1.530684 -1.070680
v 0.500656 1.530684 -1.070680
v 0.500656 1.467465 -1.070680
v -0.031609 1.467465 -1.070680
v -0.031609 1.530684 -1.070680
v 0.000000 1.530684 -1.070680
v 0.000000 1.467465 -1.070680
v 0.000000 1.530684 -1.070680
v 0.469047 1.530684 -1.070680
v 0.469047 1.467465 -1.070680
v -0.469047 1.530684 -1.070680
v -0.031609 1.530684 -1.070680
v 0.449674 0.471610 -1.026680
v 0.449674 0.848801 -1.026680
v 0.050983 0.848801 -1.026680
v 0.050983 0.471610 -1.026680
v -0.050982 0.471610 -1.070680
v -0.050982 0.848801 -1.070680
v -0.449673 0.848801 -1.070680
v -0.449673 0.471610 -1.070680
v 0.250328 0.440000 -1.026680
v 0.250328 0.471610 -1.026680
v -0.449673 0.471610 -1.070680
v -0.449673 0.471610 -1.059680
v -0.250328 0.848801 -1.070680
v -0.250328 0.848801 -1.059680
v -0.449673 0.848801 -1.059680
v -0.449673 0.848801 -1.070680
v -0.031609 0.440000 -1.070680
v -0.250328 0.440000 -1.070680
v -0.250328 0.471610 -1.070680
v -0.050982 0.471610 -1.070680
v -0.449673 0.848801 -1.070680
v -0.449673 0.848801 -1.059680
v -0.449673 0.471610 -1.059680
v -0.449673 0.471610 -1.070680
v -0.250328 0.440000 -1.070680
v -0.250328 0.471610 -1.070680
v -0.050982 0.848801 -1.070680
v -0.050982 0.848801 -1.059680
v 0.250328 0.848801 -1.026680
v 0.250328 0.848801 -1.015680
v 0.050983 0.848801 -1.015680
v 0.050983 0.848801 -1.026680
v -0.050982 0.471610 -1.070680
v -0.050982 0.471610 -1.059680
v -0.050982 0.848801 -1.059680
v -0.050982 0.848801 -1.070680
v 0.449674 0.848801 -1.026680
v 0.449674 0.848801 -1.015680
v -0.250328 0.848801 -1.070680
v -0.239328 0.880411 -1.070680
v -0.031609 0.880411 -1.070680
v -0.050982 0.848801 -1.070680
v -0.250328 0.848801 -1.070680
v 0.250328 0.848801 -1.015680
v 0.300075 0.773185 -1.015680
v 0.300075 0.555883 -1.015680
v 0.250328 0.471610 -1.015680
v -0.250328 0.471610 -1.059680
v -0.300074 0.555883 -1.059680
v -0.300074 0.773185 -1.059680
v -0.250328 0.848801 -1.059680
v 0.050983 0.848801 -1.015680
v 0.070356 0.773185 -1.015680
v 0.070356 0.555883 -1.015680
v 0.050983 0.471610 -1.015680
v -0.250328 0.848801 -1.059680
v -0.200581 0.773185 -1.059680
v -0.200581 0.555883 -1.059680
v -0.250328 0.471610 -1.059680
v 0.250328 0.471610 -1.015680
v 0.200582 0.555883 -1.015680
v 0.200582 0.773185 -1.015680
v 0.250328 0.848801 -1.015680
v -0.050982 0.471610 -1.059680
v -0.070355 0.555883 -1.059680
v -0.070355 0.773185 -1.059680
v -0.050982 0.848801 -1.059680
v -0.449673 0.848801 -1.059680
v -0.430300 0.773185 -1.059680
v -0.430300 0.555883 -1.059680
v -0.449673 0.471610 -1.059680
v 0.449674 0.471610 -1.015680
v 0.430301 0.555883 -1.015680
v 0.430301 0.773185 -1.015680
v 0.449674 0.848801 -1.015680
v -0.300074 0.555883 -1.059680
v -0.300074 0.555883 -1.062429
v -0.300074 0.773185 -1.062430
v -0.300074 0.773185 -1.059680
v 0.170708 0.785229 -1.015680
v 0.170708 0.785229 -1.018430
v 0.135469 0.789458 -1.018430
v 0.135469 0.789458 -1.015680
v 0.100230 0.543839 -1.015680
v 0.100230 0.543839 -1.018430
v 0.135469 0.539610 -1.018430
v 0.135469 0.539610 -1.015680
v -0.329948 0.543839 -1.059680
v -0.329948 0.543839 -1.062429
v -0.300074 0.555883 -1.062429
v -0.300074 0.555883 -1.059680
v -0.135468 0.789458 -1.059680
v -0.135468 0.789458 -1.062430
v -0.170707 0.785229 -1.062430
v -0.170707 0.785229 -1.059680
v -0.365187 0.789458 -1.059680
v -0.365187 0.789458 -1.062430
v -0.400426 0.785229 -1.062430
v -0.400426 0.785229 -1.059680
v 0.135469 0.789458 -1.015680
v 0.135469 0.789458 -1.018430
v 0.100230 0.785229 -1.018430
v 0.100230 0.785229 -1.015680
v 0.365188 0.789458 -1.015680
v 0.365188 0.789458 -1.018430
v 0.329949 0.785229 -1.018430
v 0.329949 0.785229 -1.015680
v -0.100229 0.543839 -1.059680
v -0.100229 0.543839 -1.062429
v -0.070355 0.555883 -1.062429
v -0.070355 0.555883 -1.059680
v 0.329949 0.543839 -1.015680
v 0.329949 0.543839 -1.018430
v 0.365188 0.539610 -1.018430
v 0.365188 0.539610 -1.015680
v 0.135469 0.539610 -1.015680
v 0.135469 0.539610 -1.018430
v 0.170708 0.543839 -1.018430
v 0.170708 0.543839 -1.015680
v -0.430300 0.555883 -1.059680
v -0.430300 0.555883 -1.062429
v -0.400426 0.543839 -1.062429
v -0.400426 0.543839 -1.059680
v 0.365188 0.539610 -1.015680
v 0.365188 0.539610 -1.018430
v 0.400427 0.543839 -1.018430
v 0.400427 0.543839 -1.015680
v -0.400426 0.785229 -1.059680
v -0.400426 0.785229 -1.062430
v -0.430300 0.773185 -1.062430
v -0.430300 0.773185 -1.059680
v 0.200582 0.555883 -1.015680
v 0.200582 0.555883 -1.018430
v 0.200582 0.773185 -1.018430
v 0.200582 0.773185 -1.015680
v -0.070355 0.555883 -1.059680
v -0.070355 0.555883 -1.062429
v -0.070355 0.773185 -1.062430
v -0.070355 0.773185 -1.059680
v 0.430301 0.555883 -1.015680
v 0.430301 0.555883 -1.018430
v 0.430301 0.773185 -1.018430
v 0.430301 0.773185 -1.015680
v 0.070356 0.555883 -1.015680
v 0.070356 0.555883 -1.018430
v 0.100230 0.543839 -1.018430
v 0.100230 0.543839 -1.015680
v -0.200581 0.773185 -1.059680
v -0.200581 0.773185 -1.062430
v -0.200581 0.555883 -1.062429
v -0.200581 0.555883 -1.059680
v 0.100230 0.785229 -1.015680
v 0.100230 0.785229 -1.018430
v 0.070356 0.773185 -1.018430
v 0.070356 0.773185 -1.015680
v -0.430300 0.773185 -1.059680
v -0.430300 0.773185 -1.062430
v -0.430300 0.555883 -1.062429
v -0.430300 0.555883 -1.059680
v -0.400426 0.543839 -1.059680
v -0.400426 0.543839 -1.062429
v -0.365187 0.539610 -1.062429
v -0.365187 0.539610 -1.059680
v -0.329948 0.785229 -1.059680
v -0.329948 0.785229 -1.062430
v -0.365187 0.789458 -1.062430
v -0.365187 0.789458 -1.059680
v 0.430301 0.773185 -1.015680
v 0.430301 0.773185 -1.018430
v 0.400427 0.785229 -1.018430
v 0.400427 0.785229 -1.015680
v -0.200581 0.555883 -1.059680
v -0.200581 0.555883 -1.062429
v -0.170707 0.543839 -1.062429
v -0.170707 0.543839 -1.059680
v -0.170707 0.543839 -1.059680
v -0.170707 0.543839 -1.062429
v -0.135468 0.539610 -1.062429
v -0.135468 0.539610 -1.059680
v -0.365187 0.539610 -1.059680
v -0.365187 0.539610 -1.062429
v -0.329948 0.543839 -1.062429
v -0.329948 0.543839 -1.059680
v 0.200582 0.773185 -1.015680
v 0.200582 0.773185 -1.018430
v 0.170708 0.785229 -1.018430
v 0.170708 0.785229 -1.015680
v 0.300075 0.773185 -1.015680
v 0.300075 0.773185 -1.018430
v 0.300075 0.555883 -1.018430
v 0.300075 0.555883 -1.015680
v 0.329949 0.785229 -1.015680
v 0.329949 0.785229 -1.018430
v 0.300075 0.773185 -1.018430
v 0.300075 0.773185 -1.015680
v -0.135468 0.539610 -1.059680
v -0.135468 0.539610 -1.062429
v -0.100229 0.543839 -1.062429
v -0.100229 0.543839 -1.059680
v 0.170708 0.543839 -1.015680
v 0.170708 0.543839 -1.018430
v 0.200582 0.555883 -1.018430
v 0.200582 0.555883 -1.015680
v 0.070356 0.773185 -1.015680
v 0.070356 0.773185 -1.018430
v 0.070356 0.555883 -1.018430
v 0.070356 0.555883 -1.015680
v 0.400427 0.785229 -1.015680
v 0.400427 0.785229 -1.018430
v 0.365188 0.789458 -1.018430
v 0.365188 0.789458 -1.015680
v 0.400427 0.543839 -1.015680
v 0.400427 0.543839 -1.018430
v 0.430301 0.555883 -1.018430
v 0.430301 0.555883 -1.015680
v 0.300075 0.555883 -1.015680
v 0.300075 0.555883 -1.018430
v 0.329949 0.543839 -1.018430
v 0.329949 0.543839 -1.015680
v -0.100229 0.785229 -1.059680
v -0.100229 0.785229 -1.062430
v -0.135468 0.789458 -1.062430
v -0.135468 0.789458 -1.059680
v -0.070355 0.773185 -1.059680
v -0.070355 0.773185 -1.062430
v -0.100229 0.785229 -1.062430
v -0.100229 0.785229 -1.059680
v -0.300074 0.773185 -1.059680
v -0.300074 0.773185 -1.062430
v -0.329948 0.785229 -1.062430
v -0.329948 0.785229 -1.059680
v -0.170707 0.785229 -1.062430
v -0.169327 0.779855 -1.065180
v -0.195081 0.769472 -1.065180
v -0.200581 0.773185 -1.062430
v -0.400426 0.785229 -1.062430
v -0.399046 0.779855 -1.065180
v -0.424800 0.769472 -1.065180
v -0.430300 0.773185 -1.062430
v -0.399046 0.549213 -1.065180
v -0.400426 0.543839 -1.062429
v -0.430300 0.555883 -1.062429
v -0.424800 0.559596 -1.065180
v -0.169327 0.549213 -1.065180
v -0.170707 0.543839 -1.062429
v -0.200581 0.555883 -1.062429
v -0.195081 0.559596 -1.065180
v 0.329949 0.785229 -1.018430
v 0.331329 0.779855 -1.021180
v 0.305575 0.769472 -1.021180
v 0.300075 0.773185 -1.018430
v 0.100230 0.785229 -1.018430
v 0.101610 0.779855 -1.021180
v 0.075856 0.769472 -1.021180
v 0.070356 0.773185 -1.018430
v 0.101610 0.549212 -1.021180
v 0.100230 0.543839 -1.018430
v 0.070356 0.555883 -1.018430
v 0.075856 0.559596 -1.021180
v 0.331329 0.549213 -1.021180
v 0.329949 0.543839 -1.018430
v 0.300075 0.555883 -1.018430
v 0.305575 0.559596 -1.021180
v -0.100229 0.785229 -1.062430
v -0.101609 0.779855 -1.065180
v -0.135468 0.783919 -1.065180
v -0.135468 0.789458 -1.062430
v -0.329948 0.785229 -1.062430
v -0.331328 0.779855 -1.065180
v -0.365187 0.783919 -1.065180
v -0.365187 0.789458 -1.062430
v -0.331328 0.549213 -1.065180
v -0.329948 0.543839 -1.062429
v -0.365187 0.539610 -1.062429
v -0.365187 0.545149 -1.065180
v -0.101609 0.549212 -1.065180
v -0.100229 0.543839 -1.062429
v -0.135468 0.539610 -1.062429
v -0.135468 0.545149 -1.065180
v 0.400427 0.785229 -1.018430
v 0.399047 0.779855 -1.021180
v 0.365188 0.783919 -1.021180
v 0.365188 0.789458 -1.018430
v 0.170708 0.785229 -1.018430
v 0.169328 0.779855 -1.021180
v 0.135469 0.783919 -1.021180
v 0.135469 0.789458 -1.018430
v 0.169328 0.549213 -1.021180
v 0.170708 0.543839 -1.018430
v 0.135469 0.539610 -1.018430
v 0.135469 0.545149 -1.021180
v 0.399047 0.549213 -1.021180
v 0.400427 0.543839 -1.018430
v 0.365188 0.539610 -1.018430
v 0.365188 0.545149 -1.021180
v -0.070355 0.555883 -1.062429
v -0.075855 0.559596 -1.065180
v -0.075855 0.769472 -1.065180
v -0.070355 0.773185 -1.062430
v -0.424800 0.559596 -1.065180
v -0.430300 0.555883 -1.062429
v -0.430300 0.773185 -1.062430
v -0.424800 0.769472 -1.065180
v -0.200581 0.773185 -1.062430
v -0.195081 0.769472 -1.065180
v -0.195081 0.559596 -1.065180
v -0.200581 0.555883 -1.062429
v -0.300074 0.555883 -1.062429
v -0.305574 0.559596 -1.065180
v -0.305574 0.769472 -1.065180
v -0.300074 0.773185 -1.062430
v -0.135468 0.789458 -1.062430
v -0.135468 0.783919 -1.065180
v -0.169327 0.779855 -1.065180
v -0.170707 0.785229 -1.062430
v -0.365187 0.789458 -1.062430
v -0.365187 0.783919 -1.065180
v -0.399046 0.779855 -1.065180
v -0.400426 0.785229 -1.062430
v -0.365187 0.545149 -1.065180
v -0.365187 0.539610 -1.062429
v -0.400426 0.543839 -1.062429
v -0.399046 0.549213 -1.065180
v -0.135468 0.545149 -1.065180
v -0.135468 0.539610 -1.062429
v -0.170707 0.543839 -1.062429
v -0.169327 0.549213 -1.065180
v 0.430301 0.555883 -1.018430
v 0.424801 0.559596 -1.021180
v 0.424801 0.769472 -1.021180
v 0.430301 0.773185 -1.018430
v 0.075856 0.559596 -1.021180
v 0.070356 0.555883 -1.018430
v 0.070356 0.773185 -1.018430
v 0.075856 0.769472 -1.021180
v 0.300075 0.773185 -1.018430
v 0.305575 0.769472 -1.021180
v 0.305575 0.559596 -1.021180
v 0.300075 0.555883 -1.018430
v 0.200582 0.555883 -1.018430
v 0.195082 0.559596 -1.021180
v 0.195082 0.769472 -1.021180
v 0.200582 0.773185 -1.018430
v 0.365188 0.789458 -1.018430
v 0.365188 0.783919 -1.021180
v 0.331329 0.779855 -1.021180
v 0.329949 0.785229 -1.018430
v 0.135469 0.789458 -1.018430
v 0.135469 0.783919 -1.021180
v 0.101610 0.779855 -1.021180
v 0.100230 0.785229 -1.018430
v 0.135469 0.545149 -1.021180
v 0.135469 0.539610 -1.018430
v 0.100230 0.543839 -1.018430
v 0.101610 0.549212 -1.021180
v 0.365188 0.545149 -1.021180
v 0.365188 0.539610 -1.018430
v 0.329949 0.543839 -1.018430
v 0.331329 0.549213 -1.021180
v -0.070355 0.773185 -1.062430
v -0.075855 0.769472 -1.065180
v -0.101609 0.779855 -1.065180
v -0.100229 0.785229 -1.062430
v -0.300074 0.773185 -1.062430
v -0.305574 0.769472 -1.065180
v -0.331328 0.779855 -1.065180
v -0.329948 0.785229 -1.062430
v -0.305574 0.559596 -1.065180
v -0.300074 0.555883 -1.062429
v -0.329948 0.543839 -1.062429
v -0.331328 0.549213 -1.065180
v -0.075855 0.559596 -1.065180
v -0.070355 0.555883 -1.062429
v -0.100229 0.543839 -1.062429
v -0.101609 0.549212 -1.065180
v 0.430301 0.773185 -1.018430
v 0.424801 0.769472 -1.021180
v 0.399047 0.779855 -1.021180
v 0.400427 0.785229 -1.018430
v 0.200582 0.773185 -1.018430
v 0.195082 0.769472 -1.021180
v 0.169328 0.779855 -1.021180
v 0.170708 0.785229 -1.018430
v 0.195082 0.559596 -1.021180
v 0.200582 0.555883 -1.018430
v 0.170708 0.543839 -1.018430
v 0.169328 0.549213 -1.021180
v 0.424801 0.559596 -1.021180
v 0.430301 0.555883 -1.018430
v 0.400427 0.543839 -1.018430
v 0.399047 0.549213 -1.021180
v -0.170707 0.785229 -1.059680
v -0.170707 0.785229 -1.062430
v -0.200581 0.773185 -1.062430
v -0.200581 0.773185 -1.059680
v 0.241582 1.772266 -1.070680
v 0.241582 1.772266 -1.059680
v 0.309411 1.670752 -1.059680
v 0.309411 1.670752 -1.070680
v 0.011000 1.704928 -1.070680
v 0.011000 1.704928 -1.059680
v 0.067518 1.693686 -1.059680
v 0.067518 1.693686 -1.070680
v 0.500656 1.530684 -1.070680
v 0.500656 1.530684 -1.059680
v 0.464734 1.711277 -1.059680
v 0.464734 1.711277 -1.070680
v 0.294919 1.652843 -1.070680
v 0.294919 1.652843 -1.059680
v 0.231952 1.747079 -1.059680
v 0.231952 1.747079 -1.070680
v 0.058934 1.672962 -1.070680
v 0.058934 1.672962 -1.059680
v 0.000000 1.684685 -1.059680
v 0.000000 1.684685 -1.070680
v 0.341649 1.530684 -1.070680
v 0.341649 1.530684 -1.059680
v 0.500656 1.530684 -1.059680
v 0.500656 1.530684 -1.070680
v 0.317830 1.650427 -1.070680
v 0.317830 1.650427 -1.059680
v 0.341649 1.530684 -1.059680
v 0.341649 1.530684 -1.070680
v 0.067518 1.693686 -1.070680
v 0.067518 1.693686 -1.059680
v 0.115431 1.661671 -1.059680
v 0.115431 1.661671 -1.070680
v 0.108895 1.639579 -1.070680
v 0.108895 1.639579 -1.059680
v 0.058934 1.672962 -1.059680
v 0.058934 1.672962 -1.070680
v 0.456315 1.731603 -1.070680
v 0.456315 1.731603 -1.059680
v 0.354017 1.884702 -1.059680
v 0.354017 1.884702 -1.070680
v 0.319218 1.530684 -1.070680
v 0.319218 1.530684 -1.059680
v 0.294919 1.652843 -1.059680
v 0.294919 1.652843 -1.070680
v -0.500656 1.530684 -1.070680
v -0.500656 1.530684 -1.059680
v -0.341649 1.530684 -1.059680
v -0.341649 1.530684 -1.070680
v -0.341649 1.530684 -1.070680
v -0.341649 1.530684 -1.059680
v -0.317830 1.650427 -1.059680
v -0.317830 1.650427 -1.070680
v 0.130987 1.646115 -1.070680
v 0.130987 1.646115 -1.059680
v 0.163002 1.598202 -1.059680
v 0.163002 1.598202 -1.070680
v -0.464734 1.711277 -1.070680
v -0.464734 1.711277 -1.059680
v -0.500656 1.530684 -1.059680
v -0.500656 1.530684 -1.070680
v -0.294918 1.652843 -1.070680
v -0.294918 1.652843 -1.059680
v -0.319218 1.530684 -1.059680
v -0.319218 1.530684 -1.070680
v 0.142278 1.589618 -1.070680
v 0.142278 1.589618 -1.059680
v 0.108895 1.639579 -1.059680
v 0.108895 1.639579 -1.070680
v -0.354017 1.884702 -1.070680
v -0.354017 1.884702 -1.059680
v -0.456315 1.731602 -1.059680
v -0.456315 1.731602 -1.070680
v 0.163002 1.598202 -1.070680
v 0.163002 1.598202 -1.059680
v 0.176432 1.530684 -1.059680
v 0.176432 1.530684 -1.070680
v -0.309411 1.670752 -1.070680
v -0.309411 1.670752 -1.059680
v -0.241582 1.772266 -1.059680
v -0.241582 1.772266 -1.070680
v -0.200918 1.986999 -1.070680
v -0.200918 1.986999 -1.059680
v -0.354017 1.884702 -1.059680
v -0.354017 1.884702 -1.070680
v -0.231952 1.747079 -1.070680
v -0.231952 1.747079 -1.059680
v -0.294918 1.652843 -1.059680
v -0.294918 1.652843 -1.070680
v 0.154001 1.530684 -1.070680
v 0.154001 1.530684 -1.059680
v 0.142278 1.589618 -1.059680
v 0.142278 1.589618 -1.070680
v 0.456315 1.731603 -1.070680
v 0.464734 1.711277 -1.070680
v 0.317830 1.650427 -1.070680
v 0.309411 1.670752 -1.070680
v -0.122159 1.825602 -1.070680
v -0.119743 1.848513 -1.070680
v 0.000000 1.872333 -1.070680
v -0.011000 1.847713 -1.070680
v -0.216396 1.762635 -1.070680
v -0.241582 1.772266 -1.070680
v -0.140069 1.840095 -1.070680
v -0.122159 1.825602 -1.070680
v -0.294918 1.652843 -1.070680
v -0.309411 1.670752 -1.070680
v -0.241582 1.772266 -1.070680
v -0.231952 1.747079 -1.070680
v -0.319218 1.530684 -1.070680
v -0.341649 1.530684 -1.070680
v -0.317830 1.650427 -1.070680
v -0.294918 1.652843 -1.070680
v 0.341649 1.530684 -1.070680
v 0.319218 1.530684 -1.070680
v 0.122159 1.825602 -1.070680
v 0.140069 1.840095 -1.070680
v 0.241582 1.772266 -1.070680
v 0.216396 1.762635 -1.070680
v 0.011000 1.847713 -1.070680
v 0.000000 1.872333 -1.070680
v 0.119743 1.848513 -1.070680
v 0.122159 1.825602 -1.070680
v -0.058934 1.672962 -1.070680
v -0.067518 1.693686 -1.070680
v -0.011000 1.704928 -1.070680
v 0.000000 1.684685 -1.070680
v -0.108895 1.639579 -1.070680
v -0.115431 1.661671 -1.070680
v -0.067518 1.693686 -1.070680
v -0.058934 1.672962 -1.070680
v -0.142278 1.589618 -1.070680
v -0.163002 1.598202 -1.070680
v -0.130987 1.646115 -1.070680
v -0.108895 1.639579 -1.070680
v -0.154001 1.530684 -1.070680
v -0.176432 1.530684 -1.070680
v -0.163002 1.598202 -1.070680
v -0.142278 1.589618 -1.070680
v 0.142278 1.589618 -1.070680
v 0.163002 1.598202 -1.070680
v 0.176432 1.530684 -1.070680
v 0.154001 1.530684 -1.070680
v 0.108895 1.639579 -1.070680
v 0.130987 1.646115 -1.070680
v 0.058934 1.672962 -1.070680
v 0.067518 1.693686 -1.070680
v 0.115431 1.661671 -1.070680
v 0.108895 1.639579 -1.070680
v 0.000000 1.684685 -1.070680
v 0.011000 1.704928 -1.070680
v 0.067518 1.693686 -1.070680
v 0.058934 1.672962 -1.070680
v 0.180593 1.995418 -1.070680
v 0.200918 1.986999 -1.070680
v 0.140069 1.840095 -1.070680
v 0.119743 1.848513 -1.070680
v -0.200918 1.986999 -1.070680
v -0.180593 1.995418 -1.070680
v -0.464734 1.711277 -1.070680
v -0.456315 1.731602 -1.070680
v -0.309411 1.670752 -1.070680
v -0.317830 1.650427 -1.070680
v -0.231952 1.747079 -1.070680
v -0.216396 1.762635 -1.070680
v -0.115431 1.661671 -1.070680
v -0.130987 1.646115 -1.070680
v -0.011000 1.847713 -1.070680
v 0.011000 1.847713 -1.070680
v 0.011000 1.704928 -1.070680
v -0.011000 1.704928 -1.070680
v 0.216396 1.762635 -1.070680
v 0.231952 1.747079 -1.070680
v 0.130987 1.646115 -1.070680
v 0.115431 1.661671 -1.070680
v 0.000000 2.031340 -1.070680
v 0.000000 2.031340 -1.059680
v -0.180593 1.995418 -1.059680
v -0.180593 1.995418 -1.070680
v 0.354017 1.884702 -1.059680
v 0.241582 1.772266 -1.059680
v 0.140069 1.840095 -1.059680
v 0.200918 1.986999 -1.059680
v 0.317830 1.650427 -1.059680
v 0.464734 1.711277 -1.059680
v 0.500656 1.530684 -1.059680
v 0.341649 1.530684 -1.059680
v 0.180593 1.995418 -1.059680
v 0.119743 1.848513 -1.059680
v 0.000000 1.872333 -1.059680
v 0.000000 2.031340 -1.059680
v -0.011000 1.847713 -1.059680
v -0.011000 1.704928 -1.059680
v -0.067518 1.693686 -1.059680
v -0.122159 1.825602 -1.059680
v -0.200918 1.986999 -1.059680
v -0.140069 1.840095 -1.059680
v -0.241582 1.772266 -1.059680
v -0.354017 1.884702 -1.059680
v -0.309411 1.670752 -1.059680
v -0.456315 1.731602 -1.059680
v -0.464734 1.711277 -1.059680
v -0.317830 1.650427 -1.059680
v -0.341649 1.530684 -1.059680
v -0.500656 1.530684 -1.059680
v 0.309411 1.670752 -1.059680
v 0.241582 1.772266 -1.059680
v 0.354017 1.884702 -1.059680
v 0.456315 1.731603 -1.059680
v 0.319218 1.530684 -1.059680
v 0.176432 1.530684 -1.059680
v 0.163002 1.598202 -1.059680
v 0.294919 1.652843 -1.059680
v -0.163002 1.598202 -1.059680
v -0.176432 1.530684 -1.059680
v -0.319218 1.530684 -1.059680
v -0.294918 1.652843 -1.059680
v -0.231952 1.747079 -1.059680
v -0.130987 1.646115 -1.059680
v -0.163002 1.598202 -1.059680
v -0.294918 1.652843 -1.059680
v 0.122159 1.825602 -1.059680
v 0.067518 1.693686 -1.059680
v 0.011000 1.704928 -1.059680
v 0.011000 1.847713 -1.059680
v -0.122159 1.825602 -1.059680
v -0.067518 1.693686 -1.059680
v -0.115431 1.661671 -1.059680
v -0.216396 1.762635 -1.059680
v 0.216396 1.762635 -1.059680
v 0.115431 1.661671 -1.059680
v 0.067518 1.693686 -1.059680
v 0.122159 1.825602 -1.059680
v 0.294919 1.652843 -1.059680
v 0.163002 1.598202 -1.059680
v 0.130987 1.646115 -1.059680
v 0.231952 1.747079 -1.059680
v 0.000000 2.031340 -1.059680
v 0.000000 1.872333 -1.059680
v -0.119743 1.848513 -1.059680
v -0.180593 1.995418 -1.059680
v 0.354017 1.884702 -1.070680
v 0.354017 1.884702 -1.059680
v 0.200918 1.986999 -1.059680
v 0.200918 1.986999 -1.070680
v 0.216396 1.762635 -1.070680
v 0.216396 1.762635 -1.059680
v 0.122159 1.825602 -1.059680
v 0.122159 1.825602 -1.070680
v 0.180593 1.995418 -1.070680
v 0.180593 1.995418 -1.059680
v 0.000000 2.031340 -1.059680
v 0.000000 2.031340 -1.070680
v 0.119743 1.848513 -1.070680
v 0.119743 1.848513 -1.059680
v 0.180593 1.995418 -1.059680
v 0.180593 1.995418 -1.070680
v 0.140069 1.840095 -1.070680
v 0.140069 1.840095 -1.059680
v 0.241582 1.772266 -1.059680
v 0.241582 1.772266 -1.070680
v 0.200918 1.986999 -1.070680
v 0.200918 1.986999 -1.059680
v 0.140069 1.840095 -1.059680
v 0.140069 1.840095 -1.070680
v 0.122159 1.825602 -1.070680
v 0.122159 1.825602 -1.059680
v 0.011000 1.847713 -1.059680
v 0.011000 1.847713 -1.070680
v 0.000000 1.872333 -1.070680
v 0.000000 1.872333 -1.059680
v 0.119743 1.848513 -1.059680
v 0.119743 1.848513 -1.070680
v -0.140069 1.840095 -1.070680
v -0.140069 1.840095 -1.059680
v -0.200918 1.986999 -1.059680
v -0.200918 1.986999 -1.070680
v -0.319218 1.530684 -1.070680
v -0.319218 1.530684 -1.059680
v -0.176432 1.530684 -1.059680
v -0.176432 1.530684 -1.070680
v -0.180593 1.995418 -1.070680
v -0.180593 1.995418 -1.059680
v -0.119743 1.848513 -1.059680
v -0.119743 1.848513 -1.070680
v 0.000000 1.684685 -1.070680
v 0.000000 1.684685 -1.059680
v -0.058934 1.672962 -1.059680
v -0.058934 1.672962 -1.070680
v 0.176432 1.530684 -1.070680
v 0.176432 1.530684 -1.059680
v 0.319218 1.530684 -1.059680
v 0.319218 1.530684 -1.070680
v -0.067518 1.693686 -1.070680
v -0.067518 1.693686 -1.059680
v -0.011000 1.704928 -1.059680
v -0.011000 1.704928 -1.070680
v -0.317830 1.650427 -1.070680
v -0.317830 1.650427 -1.059680
v -0.464734 1.711277 -1.059680
v -0.464734 1.711277 -1.070680
v -0.058934 1.672962 -1.070680
v -0.058934 1.672962 -1.059680
v -0.108895 1.639579 -1.059680
v -0.108895 1.639579 -1.070680
v -0.456315 1.731602 -1.070680
v -0.456315 1.731602 -1.059680
v -0.309411 1.670752 -1.059680
v -0.309411 1.670752 -1.070680
v -0.115431 1.661671 -1.070680
v -0.115431 1.661671 -1.059680
v -0.067518 1.693686 -1.059680
v -0.067518 1.693686 -1.070680
v -0.130987 1.646115 -1.070680
v -0.130987 1.646115 -1.059680
v -0.231952 1.747079 -1.059680
v -0.231952 1.747079 -1.070680
v -0.216396 1.762635 -1.070680
v -0.216396 1.762635 -1.059680
v -0.115431 1.661671 -1.059680
v -0.115431 1.661671 -1.070680
v -0.108895 1.639579 -1.070680
v -0.108895 1.639579 -1.059680
v -0.142278 1.589618 -1.059680
v -0.142278 1.589618 -1.070680
v 0.309411 1.670752 -1.070680
v 0.309411 1.670752 -1.059680
v 0.456315 1.731603 -1.059680
v 0.456315 1.731603 -1.070680
v -0.011000 1.704928 -1.070680
v -0.011000 1.704928 -1.059680
v -0.011000 1.847713 -1.059680
v -0.011000 1.847713 -1.070680
v -0.163002 1.598202 -1.070680
v -0.163002 1.598202 -1.059680
v -0.130987 1.646115 -1.059680
v -0.130987 1.646115 -1.070680
v 0.464734 1.711277 -1.070680
v 0.464734 1.711277 -1.059680
v 0.317830 1.650427 -1.059680
v 0.317830 1.650427 -1.070680
v 0.011000 1.847713 -1.070680
v 0.011000 1.847713 -1.059680
v 0.011000 1.704928 -1.059680
v 0.011000 1.704928 -1.070680
v -0.011000 1.847713 -1.070680
v -0.011000 1.847713 -1.059680
v -0.122159 1.825602 -1.059680
v -0.122159 1.825602 -1.070680
v -0.154001 1.530684 -1.070680
v -0.154001 1.530684 -1.059680
v 0.000000 1.530684 -1.059680
v 0.000000 1.530684 -1.070680
v 0.115431 1.661671 -1.070680
v 0.115431 1.661671 -1.059680
v 0.216396 1.762635 -1.059680
v 0.216396 1.762635 -1.070680
v -0.142278 1.589618 -1.070680
v -0.142278 1.589618 -1.059680
v -0.154001 1.530684 -1.059680
v -0.154001 1.530684 -1.070680
v -0.119743 1.848513 -1.070680
v -0.119743 1.848513 -1.059680
v 0.000000 1.872333 -1.059680
v 0.000000 1.872333 -1.070680
v 0.154001 1.530684 -1.059680
v 0.154001 1.530684 -1.070680
v 0.231952 1.747079 -1.070680
v 0.231952 1.747079 -1.059680
v 0.130987 1.646115 -1.059680
v 0.130987 1.646115 -1.070680
v -0.176432 1.530684 -1.070680
v -0.176432 1.530684 -1.059680
v -0.163002 1.598202 -1.059680
v -0.163002 1.598202 -1.070680
v -0.122159 1.825602 -1.070680
v -0.122159 1.825602 -1.059680
v -0.216396 1.762635 -1.059680
v -0.216396 1.762635 -1.070680
v -0.241582 1.772266 -1.070680
v -0.241582 1.772266 -1.059680
v -0.140069 1.840095 -1.059680
v -0.140069 1.840095 -1.070680
v 0.464734 1.711277 -1.070680
v 0.550722 1.711277 -1.070680
v 0.550722 1.530684 -1.070680
v 0.500656 1.530684 -1.070680
v 0.456315 1.731603 -1.070680
v 0.550722 1.731603 -1.070680
v 0.354017 1.884702 -1.070680
v 0.550722 1.884702 -1.070680
v 0.550722 1.731603 -1.070680
v 0.456315 1.731603 -1.070680
v -0.456315 1.731602 -1.070680
v -0.550722 1.731603 -1.070680
v -0.550722 1.884702 -1.070680
v -0.354017 1.884702 -1.070680
v 0.550722 1.986999 -1.070680
v 0.550722 1.884702 -1.070680
v 0.354017 1.884702 -1.070680
v -0.180593 1.995418 -1.070680
v -0.550722 2.130906 -1.070680
v 0.000000 2.130906 -1.070680
v 0.000000 2.031340 -1.070680
v -0.464734 1.711277 -1.070680
v -0.550722 1.711277 -1.070680
v -0.550722 1.986999 -1.070680
v -0.550722 2.130906 -1.070680
v 0.000000 2.031340 -1.070680
v 0.000000 2.130906 -1.070680
v 0.550722 2.130906 -1.070680
v 0.180593 1.995418 -1.070680
v 0.550722 2.130906 -1.070680
v 0.290881 3.460682 -0.971256
v 0.290881 3.460682 -0.930767
v 0.290881 4.391994 -0.900192
v 0.290881 4.391994 -0.939394
v -0.741202 5.289078 -0.147436
v -0.741202 5.289078 0.147433
v -0.755723 5.289078 -0.000002
v -0.698197 5.289078 -0.289204
v -0.698197 5.289078 0.289201
v -0.628360 5.289078 0.419856
v -0.628361 5.289078 -0.419859
v -0.534377 5.289078 -0.534378
v -0.534377 5.289078 0.534375
v -0.419857 5.289078 -0.628362
v -0.419857 5.289078 0.628359
v -0.289203 5.289078 -0.698198
v -0.289203 5.289078 0.698195
v -0.147434 5.289078 -0.741203
v -0.147434 5.289078 0.741200
v 0.000000 5.289078 0.755721
v 0.000000 5.289078 -0.755724
v 0.147434 5.289078 0.741200
v 0.147434 5.289078 -0.741203
v 0.289203 5.289078 0.698195
v 0.289203 5.289078 -0.698198
v 0.419857 5.289078 -0.628362
v 0.419857 5.289078 0.628359
v 0.534377 5.289078 0.534375
v 0.534377 5.289078 -0.534378
v 0.628360 5.289078 -0.419859
v 0.628361 5.289078 0.419855
v 0.698197 5.289078 -0.289204
v 0.698197 5.289078 0.289201
v 0.741202 5.289078 -0.147436
v 0.741202 5.289078 0.147433
v 0.755723 5.289078 -0.000002
v -0.260282 6.719079 -0.628381
v -0.260282 6.719079 0.628375
v -0.132691 6.719079 -0.667085
v -0.132691 6.719079 0.667079
v 0.000000 6.719079 -0.680154
v 0.000000 6.719079 0.680148
v 0.132691 6.719079 -0.667085
v 0.132691 6.719079 0.667079
v 0.260282 6.719079 -0.628381
v 0.260282 6.719079 0.628375
v -0.260282 7.599078 -0.628381
v -0.260282 7.599078 0.628374
v -0.132691 7.599078 -0.667086
v -0.132691 7.599078 0.667079
v 0.000000 7.599078 -0.680154
v 0.000000 7.599078 0.680147
v 0.132691 7.599078 -0.667086
v 0.132691 7.599078 0.667079
v 0.260282 7.599078 -0.628381
v 0.260283 7.599078 0.628374
v -0.667082 7.654078 0.132687
v -0.667082 7.654078 -0.132694
v -0.680151 7.654078 -0.000003
v -0.628377 7.654078 0.260279
v -0.628377 7.654078 -0.260286
v -0.565525 7.654078 0.377868
v -0.565524 7.654078 -0.377875
v -0.480939 7.654078 0.480936
v -0.480939 7.654078 -0.480942
v -0.377871 7.654078 0.565521
v -0.377871 7.654078 -0.565528
v -0.260282 7.654078 0.628374
v -0.260282 7.654078 -0.628380
v -0.132691 7.654078 0.667078
v -0.132691 7.654078 -0.667085
v 0.000000 7.654078 0.680147
v 0.000000 7.654078 -0.680154
v 0.132691 7.654078 0.667078
v 0.132691 7.654078 -0.667085
v 0.260282 7.654078 0.628374
v 0.260283 7.654078 -0.628381
v 0.377871 7.654078 0.565521
v 0.377872 7.654078 -0.565528
v 0.480939 7.654078 0.480936
v 0.480939 7.654078 -0.480943
v 0.565525 7.654078 0.377868
v 0.565525 7.654078 -0.377875
v 0.628377 7.654078 0.260279
v 0.628377 7.654078 -0.260286
v 0.667082 7.654078 0.132688
v 0.667082 7.654078 -0.132694
v 0.680151 7.654078 -0.000003
v 0.725354 0.440000 -0.825612
v 0.780420 0.440000 -0.780420
v -0.725354 0.440000 -0.825612
v -0.780420 0.440000 -0.780420
v -0.261793 3.694994 -0.923073
v -0.261793 3.738590 -0.921642
v -0.261793 3.904539 -0.916194
v -0.261793 3.948136 -0.914763
v -0.261793 4.114085 -0.909315
v -0.261793 4.157681 -0.907884
v 0.021810 3.507247 -0.929235
v -0.021810 3.507247 -0.929235
v 0.021810 3.904539 -0.916194
v 0.021810 3.948136 -0.914763
v 0.021810 4.114085 -0.909315
v 0.021810 4.157681 -0.907884
v 0.021810 3.506886 -0.907241
v -0.021810 3.506886 -0.907241
v 0.021810 3.904179 -0.894200
v 0.021810 3.947775 -0.892769
v 0.021810 4.113724 -0.887321
v 0.021810 4.157320 -0.885890
v -0.021810 4.345067 -0.879726
v 0.021810 4.345067 -0.879726
v 0.261793 3.694994 -0.923073
v 0.261793 3.738590 -0.921642
v -0.888500 0.220000 -0.888500
v -0.725354 -0.000000 -1.022390
v -0.888500 -0.000000 -0.888500
v -0.725354 0.146521 -1.022390
v -0.725354 0.220000 -1.022390
v 0.697210 7.169983 0.288790
v 0.633501 7.626579 0.410236
v 0.633501 7.169983 0.410237
v 0.697210 7.626579 0.288790
v 0.738037 7.169983 0.157866
v 0.738037 7.626579 0.157866
v 0.754654 7.169983 -0.000003
v 0.742271 7.626579 0.136578
v 0.742271 7.169983 0.136579
v 0.754654 7.626579 -0.000003
v 0.742271 7.169983 -0.136585
v 0.742271 7.626579 -0.136585
v 0.754654 6.664079 -0.000003
v 0.742271 7.148173 0.136579
v 0.742271 6.664079 0.136579
v 0.754654 7.148173 -0.000003
v 0.742271 6.664079 -0.136585
v 0.742271 7.148173 -0.136585
v 0.697210 6.664079 0.288790
v 0.633501 7.148173 0.410237
v 0.633501 6.664079 0.410237
v 0.697210 7.148173 0.288790
v 0.738037 6.664079 0.157867
v 0.738037 7.148173 0.157866
v 0.697210 6.664079 -0.288797
v 0.738037 7.148173 -0.157873
v 0.738037 6.664079 -0.157871
v 0.697210 7.148173 -0.288797
v 0.633501 6.664079 -0.410242
v 0.633501 7.148173 -0.410243
v 0.697210 7.169983 -0.288797
v 0.738037 7.626579 -0.157873
v 0.738037 7.169983 -0.157873
v 0.697210 7.626579 -0.288797
v 0.633501 7.169983 -0.410243
v 0.633501 7.626579 -0.410243
v -0.697210 7.626579 -0.288797
v -0.738036 7.169983 -0.157873
v -0.738036 7.626579 -0.157873
v -0.697209 7.169983 -0.288797
v -0.633501 7.626579 -0.410243
v -0.633501 7.169983 -0.410243
v -0.754654 7.626579 -0.000003
v -0.742271 7.169983 0.136579
v -0.742271 7.626579 0.136578
v -0.754654 7.169983 -0.000003
v -0.742271 7.626579 -0.136585
v -0.742271 7.169983 -0.136585
v -0.754654 7.148173 -0.000003
v -0.742271 6.664079 0.136579
v -0.742271 7.148173 0.136579
v -0.754654 6.664079 -0.000003
v -0.742271 6.664079 -0.136585
v -0.742271 7.148173 -0.136585
v -0.697209 7.148173 -0.288797
v -0.738036 6.664079 -0.157871
v -0.738036 7.148173 -0.157873
v -0.697210 6.664079 -0.288796
v -0.633501 6.664079 -0.410242
v -0.633501 7.148173 -0.410243
v -0.697209 7.148173 0.288790
v -0.633501 6.664079 0.410237
v -0.633501 7.148173 0.410237
v -0.697210 6.664079 0.288792
v -0.738036 6.664079 0.157867
v -0.738036 7.148173 0.157866
v -0.697210 7.626579 0.288790
v -0.633501 7.169983 0.410237
v -0.633501 7.626579 0.410236
v -0.697209 7.169983 0.288790
v -0.738036 7.626579 0.157866
v -0.738036 7.169983 0.157866
v 0.725354 0.220000 -1.022390
v 0.725354 0.293041 -0.920812
v 0.725354 0.220000 -0.920812
v 0.725354 0.293041 -1.432517
v 0.725354 -0.000000 -1.022390
v 0.888500 0.220000 -0.888500
v 0.888500 -0.000000 -0.888500
v 0.725354 0.146521 -1.022390
v 0.725354 0.220000 -1.022390
v -0.725354 0.220000 -0.920812
v -0.725354 0.220000 -1.022390
v 0.725354 0.293041 -0.920812
v 0.832708 0.220000 -0.832708
v 0.725354 0.220000 -0.920812
v 0.832708 0.440000 -0.832708
v 0.725354 0.440000 -0.920812
v 0.000000 2.192285 -1.428049
v -0.169327 0.549213 -1.065180
v -0.101609 0.549212 -1.065180
v -0.135468 0.545149 -1.065180
v -0.075855 0.559596 -1.065180
v -0.195081 0.559596 -1.065180
v -0.195081 0.769472 -1.065180
v -0.075855 0.769472 -1.065180
v -0.169327 0.779855 -1.065180
v -0.101609 0.779855 -1.065180
v -0.135468 0.783919 -1.065180
v -0.399046 0.549213 -1.065180
v -0.331328 0.549213 -1.065180
v -0.365187 0.545149 -1.065180
v -0.424800 0.559596 -1.065180
v -0.305574 0.559596 -1.065180
v -0.424800 0.769472 -1.065180
v -0.305574 0.769472 -1.065180
v -0.399046 0.779855 -1.065180
v -0.331328 0.779855 -1.065180
v -0.365187 0.783919 -1.065180
v 0.331329 0.549213 -1.021180
v 0.399047 0.549213 -1.021180
v 0.365188 0.545149 -1.021180
v 0.305575 0.559596 -1.021180
v 0.424801 0.559596 -1.021180
v 0.305575 0.769472 -1.021180
v 0.424801 0.769472 -1.021180
v 0.331329 0.779855 -1.021180
v 0.399047 0.779855 -1.021180
v 0.365188 0.783919 -1.021180
v 0.101610 0.549212 -1.021180
v 0.169328 0.549213 -1.021180
v 0.135469 0.545149 -1.021180
v 0.075856 0.559596 -1.021180
v 0.195082 0.559596 -1.021180
v 0.075856 0.769472 -1.021180
v 0.195082 0.769472 -1.021180
v 0.101610 0.779855 -1.021180
v 0.169328 0.779855 -1.021180
v 0.135469 0.783919 -1.021180
v 0.300075 0.555883 -1.015680
v 0.449674 0.471610 -1.015680
v 0.250328 0.471610 -1.015680
v 0.329949 0.543839 -1.015680
v 0.365188 0.539610 -1.015680
v 0.400427 0.543839 -1.015680
v 0.430301 0.555883 -1.015680
v -0.430300 0.555883 -1.059680
v -0.250328 0.471610 -1.059680
v -0.449673 0.471610 -1.059680
v -0.400426 0.543839 -1.059680
v -0.365187 0.539610 -1.059680
v -0.329948 0.543839 -1.059680
v -0.300074 0.555883 -1.059680
v -0.200581 0.555883 -1.059680
v -0.050982 0.471610 -1.059680
v -0.250328 0.471610 -1.059680
v -0.170707 0.543839 -1.059680
v -0.135468 0.539610 -1.059680
v -0.100229 0.543839 -1.059680
v -0.070355 0.555883 -1.059680
v 0.070356 0.555883 -1.015680
v 0.050983 0.471610 -1.015680
v 0.100230 0.543839 -1.015680
v 0.135469 0.539610 -1.015680
v 0.170708 0.543839 -1.015680
v 0.200582 0.555883 -1.015680
v -0.250328 0.848801 -1.059680
v -0.170707 0.785229 -1.059680
v -0.200581 0.773185 -1.059680
v -0.135468 0.789458 -1.059680
v -0.100229 0.785229 -1.059680
v -0.050982 0.848801 -1.059680
v -0.070355 0.773185 -1.059680
v -0.449673 0.848801 -1.059680
v -0.400426 0.785229 -1.059680
v -0.430300 0.773185 -1.059680
v -0.365187 0.789458 -1.059680
v -0.329948 0.785229 -1.059680
v -0.250328 0.848801 -1.059680
v -0.300074 0.773185 -1.059680
v 0.250328 0.848801 -1.015680
v 0.329949 0.785229 -1.015680
v 0.300075 0.773185 -1.015680
v 0.365188 0.789458 -1.015680
v 0.400427 0.785229 -1.015680
v 0.449674 0.848801 -1.015680
v 0.430301 0.773185 -1.015680
v 0.050983 0.848801 -1.015680
v 0.100230 0.785229 -1.015680
v 0.070356 0.773185 -1.015680
v 0.135469 0.789458 -1.015680
v 0.170708 0.785229 -1.015680
v 0.250328 0.848801 -1.015680
v 0.200582 0.773185 -1.015680
vn -0.7071 -0.0000 -0.7071
vn -0.6344 -0.0000 -0.7730
vn -0.2386 0.9661 -0.0988
vn -0.2600 0.9656 -0.0000
vn -0.0891 0.9960 -0.0000
vn 0.3824 0.0388 0.9232
vn 0.3827 -0.0000 0.9239
vn 0.5555 0.0197 0.8313
vn 0.5555 0.0197 -0.8313
vn 0.3827 -0.0000 -0.9239
vn 0.3824 0.0388 -0.9232
vn -0.8313 0.0197 0.5554
vn -0.7071 -0.0000 0.7071
vn -0.7067 0.0388 0.7065
vn -0.5555 0.0197 -0.8313
vn -0.7065 0.0388 -0.7067
vn -0.1950 0.0197 -0.9806
vn -0.3827 -0.0000 -0.9239
vn -0.3824 0.0388 -0.9232
vn -0.9806 0.0197 -0.1951
vn -1.0000 -0.0000 -0.0000
vn -0.9992 0.0388 -0.0000
vn 0.1950 0.0197 0.9806
vn -0.1950 0.0197 0.9806
vn -0.0000 -0.0000 1.0000
vn -0.0000 0.0388 0.9992
vn -0.8313 0.0197 -0.5554
vn -0.9239 -0.0000 -0.3827
vn -0.9232 0.0388 -0.3824
vn 0.1950 0.0197 -0.9806
vn 0.9806 0.0197 0.1951
vn 1.0000 -0.0000 -0.0000
vn 0.9992 0.0388 -0.0000
vn 0.0985 0.9661 0.2386
vn -0.0000 0.9960 0.0890
vn -0.0000 0.9656 0.2600
vn 0.2600 0.9656 -0.0000
vn 0.2385 0.9661 -0.0986
vn 0.0891 0.9960 -0.0000
vn -0.2386 0.9661 0.0986
vn -0.0985 0.9661 -0.2387
vn -0.0000 0.9960 -0.0891
vn -0.0000 0.9656 -0.2600
vn -0.5555 0.0197 0.8313
vn -0.3827 -0.0000 0.9239
vn -0.3824 0.0388 0.9232
vn 0.8313 0.0197 -0.5554
vn 0.7071 -0.0000 -0.7071
vn 0.7066 0.0388 -0.7066
vn 0.2386 0.9661 0.0988
vn 0.9806 0.0197 -0.1951
vn 0.9239 -0.0000 -0.3827
vn 0.9232 0.0388 -0.3824
vn -0.0000 1.0000 -0.0001
vn -0.0000 1.0000 -0.0000
vn -0.0000 1.0000 0.0001
vn 0.0985 0.9661 -0.2386
vn -0.0986 0.9661 0.2386
vn 0.5639 0.5640 0.6032
vn 0.6033 0.5640 0.5639
vn 0.5639 0.6034 0.5639
vn -0.5640 -0.6033 -0.5639
vn -0.6033 -0.5640 -0.5639
vn -0.5639 -0.5640 -0.6033
vn -0.5639 0.5640 -0.6032
vn -0.6033 0.5640 -0.5639
vn -0.5640 0.6033 -0.5638
vn -0.5640 -0.5639 0.6032
vn -0.6031 -0.5640 0.5640
vn -0.5640 -0.6032 0.5640
vn -0.5640 0.6034 0.5638
vn -0.6033 0.5640 0.5639
vn -0.5640 0.5640 0.6032
vn 0.5640 -0.5640 -0.6032
vn 0.6033 -0.5639 -0.5639
vn 0.5639 -0.6032 -0.5640
vn 0.5640 0.6034 -0.5638
vn 0.6033 0.5640 -0.5639
vn 0.5639 0.5640 -0.6033
vn 0.5640 -0.6033 0.5639
vn 0.6032 -0.5640 0.5639
vn 0.5639 -0.5640 0.6033
vn -0.0000 -0.0000 -1.0000
vn 0.7067 0.0388 0.7065
vn 0.7071 -0.0000 0.7071
vn 0.8313 0.0197 0.5554
vn -0.9806 0.0197 0.1951
vn -0.9239 -0.0000 0.3827
vn -0.9232 0.0388 0.3824
vn 0.7065 0.0388 0.7067
vn 0.7065 0.0388 -0.7067
vn -0.0000 0.0388 -0.9992
vn -0.7067 0.0388 -0.7065
vn 0.9232 0.0388 0.3824
vn 0.9239 -0.0000 0.3827
vn -0.7066 0.0388 0.7066
vn -0.0000 0.0317 -0.9995
vn -0.0000 -0.0317 0.9995
vn -0.0000 -0.0317 -0.9995
vn -0.0000 0.0317 0.9995
vn -0.0000 0.9999 0.0164
vn -0.0000 0.0328 -0.9995
vn -0.0000 -0.9999 -0.0164
vn -0.0619 0.9962 -0.0619
vn -0.1808 0.9668 -0.1808
vn 0.0619 0.9962 0.0619
vn 0.1808 0.9668 0.1809
vn -0.1808 0.9668 0.1808
vn -0.0621 0.9961 0.0621
vn -0.0000 -0.9238 -0.3828
vn -0.0000 -0.9238 -0.3829
vn -0.0000 -0.9239 -0.3827
vn -0.0000 -0.9239 -0.3826
vn -0.0000 -0.3828 -0.9238
vn -0.0000 -0.3827 -0.9239
vn 0.1951 -0.0000 0.9808
vn 0.5556 -0.0000 -0.8315
vn -0.5556 -0.0000 -0.8315
vn -0.1951 -0.0000 0.9808
vn -0.1951 -0.0000 -0.9808
vn 0.8315 -0.0000 -0.5556
vn -0.5556 -0.0000 0.8315
vn 0.9808 -0.0000 -0.1951
vn -0.8315 -0.0000 0.5556
vn 0.9808 -0.0000 0.1951
vn -0.9808 -0.0000 0.1951
vn 0.8315 -0.0000 0.5556
vn -0.9808 -0.0000 -0.1951
vn 0.5556 -0.0000 0.8315
vn -0.8315 -0.0000 -0.5556
vn 0.1951 -0.0000 -0.9808
vn -0.0000 -1.0000 -0.0000
vn 0.1302 -0.9829 -0.1302
vn 0.1531 -0.9829 -0.1023
vn 0.1334 -0.9708 -0.1996
vn 0.4714 -0.0000 0.8819
vn -0.1302 -0.9829 -0.1302
vn -0.1334 -0.9708 -0.1996
vn 0.4714 -0.0000 -0.8819
vn -0.4714 -0.0000 -0.8819
vn -0.4714 -0.0000 0.8819
vn -0.1531 -0.9829 -0.1023
vn -0.1701 -0.9829 -0.0705
vn 0.1302 -0.9829 0.1302
vn 0.1334 -0.9708 0.1996
vn -0.1806 -0.9829 -0.0359
vn -0.3159 -0.9397 -0.1309
vn -0.2843 -0.9397 -0.1900
vn 0.1309 -0.9397 0.3159
vn 0.1900 -0.9397 0.2843
vn 0.0667 -0.9397 -0.3354
vn -0.0000 -0.9397 -0.3420
vn -0.2418 -0.9397 -0.2418
vn 0.0667 -0.9397 0.3354
vn 0.1309 -0.9397 -0.3159
vn -0.1900 -0.9397 -0.2843
vn -0.0000 -0.9397 0.3420
vn 0.1900 -0.9397 -0.2843
vn -0.1309 -0.9397 -0.3159
vn -0.0667 -0.9397 0.3354
vn 0.2418 -0.9397 -0.2418
vn -0.0667 -0.9397 -0.3354
vn -0.1309 -0.9397 0.3159
vn 0.2843 -0.9397 -0.1900
vn -0.1334 -0.9708 0.1996
vn -0.1900 -0.9397 0.2843
vn 0.1701 -0.9829 -0.0704
vn 0.3159 -0.9397 -0.1309
vn -0.1302 -0.9829 0.1302
vn -0.2418 -0.9397 0.2418
vn 0.1806 -0.9829 -0.0359
vn 0.3354 -0.9397 -0.0667
vn -0.1531 -0.9829 0.1023
vn -0.2843 -0.9397 0.1900
vn 0.1841 -0.9829 -0.0000
vn 0.3420 -0.9397 -0.0000
vn -0.1701 -0.9829 0.0704
vn -0.3159 -0.9397 0.1309
vn 0.1806 -0.9829 0.0359
vn 0.3354 -0.9397 0.0667
vn -0.1806 -0.9829 0.0359
vn -0.3354 -0.9397 0.0667
vn 0.1701 -0.9829 0.0705
vn 0.3159 -0.9397 0.1309
vn -0.1841 -0.9829 -0.0000
vn -0.3420 -0.9397 -0.0000
vn 0.1531 -0.9829 0.1023
vn 0.2843 -0.9397 0.1900
vn -0.3354 -0.9397 -0.0667
vn 0.2418 -0.9397 0.2418
vn -0.6251 -0.7054 -0.3341
vn 0.6251 -0.7054 0.3341
vn -0.6533 0.7071 -0.2706
vn -0.5879 0.7071 -0.3929
vn 0.5879 0.7071 0.3928
vn 0.6533 0.7071 0.2706
vn -0.3369 -0.0000 -0.9415
vn 0.9416 -0.0000 -0.3367
vn 0.9415 -0.0000 -0.3369
vn -0.6251 0.7054 -0.3341
vn 0.6252 0.7053 0.3342
vn 0.6252 0.7052 0.3342
vn -0.9700 -0.0000 0.2430
vn 0.2430 -0.0000 0.9700
vn 0.2432 -0.0000 0.9700
vn 0.3341 -0.7054 0.6251
vn -0.3341 -0.7054 -0.6251
vn 0.3928 0.7071 0.5879
vn 0.2706 0.7071 0.6533
vn -0.2706 0.7071 -0.6533
vn -0.3928 0.7071 -0.5879
vn -0.2430 -0.0000 0.9700
vn -0.9700 -0.0000 -0.2432
vn -0.9700 -0.0000 -0.2430
vn 0.3341 0.7054 0.6251
vn -0.3342 0.7053 -0.6252
vn 0.9415 -0.0000 0.3369
vn 0.3369 -0.0000 -0.9415
vn 0.3367 -0.0000 -0.9416
vn 0.0695 -0.7054 -0.7054
vn -0.0695 -0.7054 0.7054
vn -0.0000 0.7071 -0.7071
vn 0.1379 0.7071 -0.6935
vn -0.1379 0.7071 0.6935
vn -0.0000 0.7071 0.7071
vn 0.7409 -0.0000 -0.6716
vn 0.6714 -0.0000 0.7411
vn 0.6716 -0.0000 0.7410
vn 0.6715 -0.0000 0.7410
vn 0.0695 0.7054 -0.7054
vn -0.0695 0.7053 0.7055
vn -0.5957 -0.0000 -0.8032
vn -0.8032 -0.0000 0.5957
vn -0.8031 -0.0000 0.5959
vn -0.5479 -0.7054 -0.4497
vn 0.5479 -0.7054 0.4497
vn -0.5000 0.7071 -0.5000
vn 0.5000 0.7071 0.5000
vn -0.1467 -0.0000 -0.9892
vn 0.9892 -0.0000 -0.1465
vn 0.9892 -0.0000 -0.1467
vn -0.5479 0.7054 -0.4497
vn 0.5480 0.7053 0.4497
vn -0.9988 -0.0000 0.0491
vn 0.0491 -0.0000 0.9988
vn 0.0493 -0.0000 0.9988
vn 0.2058 -0.7054 0.6783
vn -0.2058 -0.7054 -0.6783
vn 0.1380 0.7071 0.6935
vn -0.1380 0.7071 -0.6935
vn -0.4275 -0.0000 0.9040
vn -0.4276 -0.0000 0.9040
vn -0.9039 -0.0000 -0.4278
vn -0.9038 -0.0000 -0.4279
vn 0.2058 0.7054 0.6783
vn 0.2057 0.7054 0.6783
vn -0.2058 0.7053 -0.6784
vn 0.8577 -0.0000 0.5141
vn 0.5141 -0.0000 -0.8577
vn 0.5139 -0.0000 -0.8578
vn 0.2058 -0.7054 -0.6783
vn -0.2058 -0.7054 0.6783
vn 0.1380 0.7071 -0.6935
vn 0.2706 0.7071 -0.6533
vn -0.2706 0.7071 0.6533
vn -0.1380 0.7071 0.6935
vn 0.8577 -0.0000 -0.5141
vn 0.5139 -0.0000 0.8578
vn 0.5141 -0.0000 0.8577
vn 0.2058 0.7054 -0.6783
vn 0.2057 0.7054 -0.6783
vn -0.2058 0.7053 0.6784
vn -0.4276 -0.0000 -0.9040
vn -0.9038 -0.0000 0.4279
vn -0.9039 -0.0000 0.4278
vn -0.9040 -0.0000 0.4276
vn -0.4497 -0.7054 -0.5479
vn 0.4497 -0.7054 0.5479
vn 0.0491 -0.0000 -0.9988
vn 0.9988 -0.0000 0.0493
vn 0.9988 -0.0000 0.0491
vn 0.9988 -0.0000 0.0494
vn -0.4497 0.7054 -0.5479
vn -0.4496 0.7054 -0.5479
vn 0.4497 0.7053 0.5480
vn -0.9892 -0.0000 -0.1467
vn -0.1467 -0.0000 0.9892
vn -0.1465 -0.0000 0.9892
vn 0.0695 -0.7054 0.7054
vn -0.0695 -0.7054 -0.7054
vn 0.1379 0.7071 0.6935
vn -0.1379 0.7071 -0.6935
vn -0.5957 -0.0000 0.8032
vn -0.8031 -0.0000 -0.5959
vn -0.8032 -0.0000 -0.5957
vn 0.0695 0.7054 0.7054
vn -0.0695 0.7053 -0.7055
vn 0.7410 -0.0000 0.6716
vn 0.6715 -0.0000 -0.7410
vn 0.6714 -0.0000 -0.7411
vn 0.3341 -0.7054 -0.6251
vn -0.3341 -0.7054 0.6251
vn 0.3928 0.7071 -0.5879
vn -0.3928 0.7071 0.5879
vn 0.3367 -0.0000 0.9416
vn 0.3369 -0.0000 0.9415
vn 0.3341 0.7054 -0.6251
vn -0.3342 0.7053 0.6252
vn -0.2430 -0.0000 -0.9700
vn -0.9700 -0.0000 0.2432
vn 0.2430 -0.0000 -0.9700
vn 0.9700 -0.0000 0.2432
vn 0.9700 -0.0000 0.2430
vn -0.3341 0.7054 -0.6251
vn 0.3342 0.7053 0.6252
vn -0.9415 -0.0000 -0.3369
vn -0.3369 -0.0000 0.9415
vn -0.3367 -0.0000 0.9416
vn -0.7410 -0.0000 0.6716
vn -0.6714 -0.0000 -0.7411
vn -0.6716 -0.0000 -0.7410
vn -0.6715 -0.0000 -0.7410
vn -0.0695 0.7054 0.7054
vn 0.0695 0.7053 -0.7055
vn 0.5957 -0.0000 0.8032
vn 0.8032 -0.0000 -0.5957
vn 0.8031 -0.0000 -0.5959
vn 0.4497 -0.7054 -0.5479
vn -0.4497 -0.7054 0.5479
vn 0.5000 0.7071 -0.5000
vn -0.5000 0.7071 0.5000
vn 0.1465 -0.0000 0.9892
vn 0.1464 -0.0000 0.9892
vn 0.1467 -0.0000 0.9892
vn 0.1470 -0.0000 0.9891
vn 0.4497 0.7054 -0.5479
vn -0.4497 0.7053 0.5480
vn -0.0491 -0.0000 -0.9988
vn -0.9988 -0.0000 0.0490
vn 0.4276 -0.0000 -0.9040
vn 0.9039 -0.0000 0.4278
vn 0.9038 -0.0000 0.4280
vn 0.9040 -0.0000 0.4276
vn -0.2057 0.7054 -0.6783
vn 0.2058 0.7053 0.6784
vn -0.8577 -0.0000 -0.5141
vn -0.5141 -0.0000 0.8577
vn -0.5143 -0.0000 0.8576
vn -0.5142 -0.0000 0.8577
vn -0.8577 -0.0000 0.5141
vn -0.5139 -0.0000 -0.8578
vn -0.5141 -0.0000 -0.8577
vn -0.2058 0.7054 0.6783
vn 0.2058 0.7053 -0.6784
vn 0.4275 -0.0000 0.9040
vn 0.4276 -0.0000 0.9040
vn 0.9040 -0.0000 -0.4276
vn 0.9039 -0.0000 -0.4278
vn 0.5479 -0.7054 -0.4497
vn 0.5479 -0.7054 -0.4496
vn -0.5479 -0.7054 0.4497
vn 0.5879 0.7071 -0.3928
vn -0.5879 0.7071 0.3928
vn -0.0493 -0.0000 0.9988
vn -0.0491 -0.0000 0.9988
vn 0.5479 0.7054 -0.4496
vn 0.5479 0.7054 -0.4497
vn -0.5480 0.7053 0.4498
vn -0.5480 0.7053 0.4497
vn 0.1467 -0.0000 -0.9892
vn -0.9892 -0.0000 -0.1468
vn -0.9892 -0.0000 -0.1465
vn 0.5957 -0.0000 -0.8032
vn 0.8031 -0.0000 0.5959
vn 0.8032 -0.0000 0.5957
vn -0.0695 0.7054 -0.7054
vn 0.0695 0.7053 0.7055
vn -0.7409 -0.0000 -0.6716
vn -0.6715 -0.0000 0.7410
vn -0.6714 -0.0000 0.7411
vn -0.6716 -0.0000 0.7410
vn -0.9415 -0.0000 0.3369
vn -0.3370 -0.0000 -0.9415
vn -0.3367 -0.0000 -0.9416
vn -0.3341 0.7054 0.6251
vn 0.3342 0.7053 -0.6252
vn 0.9700 -0.0000 -0.2430
vn 0.9701 -0.0000 -0.2429
vn 0.9700 -0.0000 -0.2432
vn 0.6251 -0.7054 -0.3341
vn -0.6251 -0.7054 0.3341
vn 0.6533 0.7071 -0.2706
vn -0.6533 0.7071 0.2706
vn -0.2432 -0.0000 0.9700
vn 0.6251 0.7054 -0.3341
vn -0.6252 0.7053 0.3342
vn -0.9416 -0.0000 -0.3367
vn -0.9415 -0.0000 -0.3370
vn -0.9892 -0.0000 0.1467
vn -0.1465 -0.0000 -0.9892
vn -0.1464 -0.0000 -0.9892
vn -0.4497 0.7054 0.5479
vn -0.4496 0.7054 0.5479
vn 0.4497 0.7053 -0.5480
vn 0.9988 -0.0000 -0.0494
vn 0.9988 -0.0000 -0.0488
vn 0.9988 -0.0000 -0.0493
vn 0.6783 -0.7054 -0.2058
vn -0.6783 -0.7054 0.2058
vn -0.6783 -0.7054 0.2057
vn 0.6935 0.7071 -0.1380
vn -0.6935 0.7071 0.1380
vn -0.4277 -0.0000 0.9039
vn 0.6783 0.7054 -0.2058
vn -0.6784 0.7053 0.2058
vn -0.8578 -0.0000 -0.5139
vn -0.9988 -0.0000 -0.0491
vn 0.0493 -0.0000 -0.9988
vn -0.5479 0.7054 0.4496
vn -0.5479 0.7054 0.4497
vn 0.5480 0.7053 -0.4498
vn 0.5480 0.7053 -0.4497
vn 0.9892 -0.0000 0.1467
vn 0.9892 -0.0000 0.1465
vn 0.7054 -0.7054 -0.0695
vn -0.7054 -0.7054 0.0695
vn 0.6935 0.7071 -0.1379
vn 0.7071 0.7071 -0.0000
vn -0.7071 0.7071 -0.0000
vn -0.6935 0.7071 0.1379
vn -0.5959 -0.0000 0.8031
vn 0.7054 0.7054 -0.0695
vn -0.7055 0.7053 0.0695
vn 0.6716 -0.0000 -0.7410
vn 0.6716 -0.0000 -0.7409
vn -0.7410 -0.0000 -0.6715
vn -0.7411 -0.0000 -0.6714
vn -0.7410 -0.0000 -0.6716
vn 0.2432 -0.0000 -0.9700
vn -0.6251 0.7054 0.3341
vn 0.6252 0.7053 -0.3342
vn 0.9416 -0.0000 0.3367
vn 0.7054 -0.7054 0.0695
vn -0.7054 -0.7054 -0.0695
vn 0.6935 0.7071 0.1379
vn -0.6935 0.7071 -0.1379
vn 0.6716 -0.0000 0.7409
vn -0.7411 -0.0000 0.6714
vn -0.7410 -0.0000 0.6715
vn 0.7054 0.7054 0.0695
vn -0.7055 0.7053 -0.0695
vn -0.5959 -0.0000 -0.8031
vn 0.6783 -0.7054 -0.2057
vn -0.9040 -0.0000 -0.4275
vn 0.4277 -0.0000 -0.9039
vn -0.6783 0.7054 0.2058
vn 0.6784 0.7053 -0.2058
vn 0.8577 -0.0000 0.5142
vn 0.8578 -0.0000 0.5139
vn 0.6783 -0.7054 0.2058
vn -0.6783 -0.7054 -0.2058
vn 0.6935 0.7071 0.1380
vn -0.6935 0.7071 -0.1380
vn -0.8578 -0.0000 0.5139
vn 0.6783 0.7054 0.2058
vn -0.6784 0.7053 -0.2058
vn 0.9040 -0.0000 -0.4275
vn -0.4279 -0.0000 -0.9038
vn -0.4278 -0.0000 -0.9039
vn -0.4277 -0.0000 -0.9039
vn 0.5959 -0.0000 -0.8031
vn -0.7054 0.7054 0.0695
vn 0.7055 0.7053 -0.0695
vn 0.7410 -0.0000 0.6715
vn 0.7411 -0.0000 0.6714
vn -0.5879 0.7071 -0.3928
vn -0.9416 -0.0000 0.3367
vn 0.6251 0.7054 0.3341
vn -0.6252 0.7053 -0.3342
vn -0.2432 -0.0000 -0.9700
vn 0.7411 -0.0000 -0.6714
vn 0.7410 -0.0000 -0.6716
vn 0.7410 -0.0000 -0.6715
vn -0.7054 0.7054 -0.0695
vn 0.7055 0.7053 0.0695
vn 0.5959 -0.0000 0.8031
vn 0.5479 -0.7054 0.4496
vn -0.5479 -0.7054 -0.4496
vn -0.9892 -0.0000 0.1465
vn 0.5479 0.7054 0.4497
vn -0.5480 0.7053 -0.4498
vn -0.5480 0.7053 -0.4497
vn 0.9988 -0.0000 -0.0491
vn -0.0493 -0.0000 -0.9988
vn -0.6783 -0.7054 -0.2057
vn 0.6783 -0.7054 0.2057
vn 0.8578 -0.0000 -0.5139
vn -0.6783 0.7054 -0.2058
vn 0.6784 0.7053 0.2058
vn -0.9040 -0.0000 0.4275
vn 0.4278 -0.0000 0.9039
vn -0.9988 -0.0000 -0.0493
vn 0.4497 0.7054 0.5479
vn -0.4497 0.7053 -0.5480
vn 0.1465 -0.0000 -0.9892
vn -0.0000 0.8286 -0.5598
vn -0.0000 0.9217 -0.3879
vn 0.0382 0.9210 -0.3876
vn 0.0550 0.8274 -0.5589
vn -0.0000 0.7041 -0.7101
vn 0.0698 0.7024 -0.7083
vn -0.0000 0.5528 -0.8333
vn -0.0000 0.7040 -0.7102
vn 0.0698 0.7023 -0.7085
vn 0.0818 0.5509 -0.8305
vn -0.0000 0.3805 -0.9248
vn 0.0907 0.3790 -0.9210
vn -0.0000 0.1939 -0.9810
vn 0.0962 0.1930 -0.9765
vn -0.0000 0.0980 -0.9952
vn 0.0976 0.0975 -0.9904
vn -0.0000 0.9569 -0.2903
vn 0.0286 0.9566 -0.2902
vn 0.1131 0.9210 -0.3727
vn 0.0846 0.9566 -0.2790
vn 0.1111 0.9569 -0.2682
vn 0.1484 0.9217 -0.3584
vn 0.1630 0.8274 -0.5374
vn 0.2142 0.8286 -0.5172
vn 0.2066 0.7024 -0.6811
vn 0.2718 0.7041 -0.6560
vn 0.2423 0.5509 -0.7986
vn 0.2066 0.7023 -0.6812
vn 0.2718 0.7040 -0.6561
vn 0.3189 0.5528 -0.7699
vn 0.2686 0.3790 -0.8856
vn 0.3539 0.3805 -0.8544
vn 0.2848 0.1930 -0.9389
vn 0.3754 0.1939 -0.9063
vn 0.2889 0.0975 -0.9524
vn 0.3808 0.0980 -0.9194
vn 0.4625 0.1930 -0.8653
vn 0.4692 0.0975 -0.8777
vn 0.1374 0.9565 -0.2571
vn 0.1836 0.9210 -0.3435
vn 0.2647 0.8274 -0.4953
vn 0.3356 0.7024 -0.6277
vn 0.3356 0.7023 -0.6278
vn 0.3934 0.5509 -0.7360
vn 0.4362 0.3790 -0.8161
vn 0.5294 0.5510 -0.6451
vn 0.4516 0.7023 -0.5503
vn 0.5021 0.7041 -0.5021
vn 0.5892 0.5528 -0.5893
vn 0.5871 0.3790 -0.7154
vn 0.5294 0.5509 -0.6451
vn 0.5893 0.5528 -0.5893
vn 0.6539 0.3805 -0.6539
vn 0.6225 0.1930 -0.7585
vn 0.6937 0.1939 -0.6937
vn 0.6314 0.0976 -0.7693
vn 0.7037 0.0980 -0.7037
vn 0.2471 0.9210 -0.3011
vn 0.1850 0.9566 -0.2254
vn 0.2053 0.9569 -0.2053
vn 0.2743 0.9217 -0.2743
vn 0.3563 0.8274 -0.4341
vn 0.3958 0.8286 -0.3958
vn 0.2254 0.9565 -0.1850
vn 0.3011 0.9210 -0.2471
vn 0.4341 0.8274 -0.3563
vn 0.5503 0.7023 -0.4516
vn 0.6451 0.5510 -0.5294
vn 0.5893 0.5528 -0.5892
vn 0.6451 0.5509 -0.5294
vn 0.7154 0.3790 -0.5871
vn 0.7585 0.1930 -0.6225
vn 0.7693 0.0976 -0.6314
vn 0.8161 0.3790 -0.4362
vn 0.7360 0.5509 -0.3934
vn 0.7699 0.5528 -0.3189
vn 0.8544 0.3805 -0.3539
vn 0.8653 0.1930 -0.4625
vn 0.9063 0.1939 -0.3754
vn 0.8777 0.0976 -0.4691
vn 0.9194 0.0980 -0.3808
vn 0.3435 0.9210 -0.1836
vn 0.2571 0.9566 -0.1374
vn 0.2682 0.9569 -0.1111
vn 0.3584 0.9217 -0.1484
vn 0.4953 0.8274 -0.2647
vn 0.5172 0.8286 -0.2142
vn 0.6278 0.7024 -0.3356
vn 0.6560 0.7041 -0.2718
vn 0.6278 0.7023 -0.3356
vn 0.6561 0.7040 -0.2718
vn 0.2790 0.9566 -0.0846
vn 0.3727 0.9210 -0.1130
vn 0.5374 0.8274 -0.1630
vn 0.6811 0.7024 -0.2066
vn 0.6812 0.7023 -0.2066
vn 0.7986 0.5509 -0.2423
vn 0.8856 0.3790 -0.2686
vn 0.9389 0.1930 -0.2848
vn 0.9524 0.0975 -0.2889
vn 0.9210 0.3790 -0.0907
vn 0.8305 0.5509 -0.0818
vn 0.8333 0.5528 -0.0000
vn 0.9248 0.3805 -0.0000
vn 0.9765 0.1930 -0.0962
vn 0.9810 0.1939 -0.0000
vn 0.9904 0.0976 -0.0976
vn 0.9952 0.0980 -0.0000
vn 0.3876 0.9210 -0.0382
vn 0.2902 0.9566 -0.0286
vn 0.2903 0.9569 -0.0000
vn 0.3879 0.9217 -0.0000
vn 0.5589 0.8274 -0.0550
vn 0.5598 0.8286 -0.0000
vn 0.7084 0.7024 -0.0698
vn 0.7101 0.7041 -0.0000
vn 0.7085 0.7023 -0.0698
vn 0.7102 0.7040 -0.0000
vn 0.3876 0.9210 0.0382
vn 0.5589 0.8274 0.0550
vn 0.7084 0.7024 0.0698
vn 0.7085 0.7023 0.0698
vn 0.8305 0.5509 0.0818
vn 0.9210 0.3790 0.0907
vn 0.9765 0.1930 0.0962
vn 0.9904 0.0976 0.0976
vn 0.2902 0.9566 0.0286
vn 0.9389 0.1930 0.2848
vn 0.8856 0.3790 0.2686
vn 0.8544 0.3805 0.3539
vn 0.9063 0.1939 0.3754
vn 0.9524 0.0975 0.2889
vn 0.9194 0.0980 0.3808
vn 0.3727 0.9210 0.1130
vn 0.2790 0.9566 0.0846
vn 0.2682 0.9569 0.1111
vn 0.3584 0.9217 0.1484
vn 0.5374 0.8274 0.1630
vn 0.5172 0.8286 0.2142
vn 0.6811 0.7024 0.2066
vn 0.6561 0.7041 0.2717
vn 0.7986 0.5509 0.2423
vn 0.6812 0.7023 0.2066
vn 0.6561 0.7040 0.2718
vn 0.7699 0.5528 0.3189
vn 0.3435 0.9210 0.1836
vn 0.4953 0.8274 0.2648
vn 0.6278 0.7024 0.3356
vn 0.6278 0.7023 0.3356
vn 0.7360 0.5509 0.3934
vn 0.8161 0.3790 0.4362
vn 0.8653 0.1930 0.4625
vn 0.8777 0.0976 0.4691
vn 0.2571 0.9565 0.1375
vn 0.7585 0.1930 0.6225
vn 0.7154 0.3790 0.5871
vn 0.6539 0.3805 0.6539
vn 0.6937 0.1939 0.6937
vn 0.7693 0.0975 0.6314
vn 0.7037 0.0980 0.7037
vn 0.3011 0.9210 0.2471
vn 0.2254 0.9566 0.1850
vn 0.2053 0.9569 0.2053
vn 0.2743 0.9217 0.2743
vn 0.4341 0.8274 0.3563
vn 0.3958 0.8286 0.3958
vn 0.5503 0.7023 0.4516
vn 0.5021 0.7041 0.5021
vn 0.6451 0.5510 0.5294
vn 0.5892 0.5528 0.5892
vn 0.6451 0.5509 0.5294
vn 0.5893 0.5528 0.5893
vn 0.3563 0.8274 0.4341
vn 0.4516 0.7023 0.5503
vn 0.5294 0.5510 0.6451
vn 0.5294 0.5509 0.6451
vn 0.5871 0.3790 0.7154
vn 0.6225 0.1930 0.7585
vn 0.6314 0.0975 0.7693
vn 0.1850 0.9566 0.2254
vn 0.2471 0.9210 0.3011
vn 0.4692 0.0975 0.8777
vn 0.4625 0.1930 0.8653
vn 0.3754 0.1939 0.9063
vn 0.3808 0.0980 0.9194
vn 0.1836 0.9210 0.3435
vn 0.1374 0.9565 0.2572
vn 0.1111 0.9569 0.2682
vn 0.1484 0.9217 0.3584
vn 0.2647 0.8274 0.4953
vn 0.2142 0.8286 0.5172
vn 0.3356 0.7024 0.6277
vn 0.2718 0.7041 0.6560
vn 0.3934 0.5509 0.7360
vn 0.3356 0.7023 0.6278
vn 0.2718 0.7040 0.6561
vn 0.3189 0.5528 0.7699
vn 0.4362 0.3790 0.8161
vn 0.3539 0.3805 0.8544
vn 0.2066 0.7023 0.6812
vn 0.2423 0.5509 0.7986
vn 0.2686 0.3790 0.8856
vn 0.2848 0.1930 0.9389
vn 0.2889 0.0975 0.9524
vn 0.0846 0.9566 0.2790
vn 0.1131 0.9210 0.3727
vn 0.1630 0.8274 0.5374
vn 0.2066 0.7024 0.6812
vn 0.0382 0.9210 0.3876
vn 0.0286 0.9565 0.2902
vn -0.0000 0.9569 0.2903
vn -0.0000 0.9217 0.3879
vn 0.0551 0.8274 0.5589
vn -0.0000 0.8286 0.5598
vn 0.0698 0.7024 0.7083
vn -0.0000 0.7041 0.7101
vn 0.0818 0.5509 0.8305
vn 0.0698 0.7023 0.7085
vn -0.0000 0.7040 0.7102
vn -0.0000 0.5528 0.8333
vn 0.0907 0.3790 0.9210
vn -0.0000 0.3805 0.9248
vn 0.0962 0.1930 0.9765
vn -0.0000 0.1939 0.9810
vn -0.0000 0.9829 -0.1841
vn -0.0359 0.9829 -0.1806
vn 0.0975 0.0975 0.9904
vn -0.0000 0.0980 0.9952
vn -0.0698 0.7023 0.7085
vn -0.0818 0.5509 0.8305
vn -0.0907 0.3790 0.9210
vn -0.0962 0.1930 0.9765
vn -0.0976 0.0975 0.9904
vn -0.0286 0.9566 0.2902
vn -0.0382 0.9210 0.3876
vn -0.0551 0.8274 0.5589
vn -0.0698 0.7024 0.7083
vn -0.1131 0.9210 0.3727
vn -0.0846 0.9566 0.2790
vn -0.1111 0.9569 0.2682
vn -0.1484 0.9217 0.3584
vn -0.1630 0.8274 0.5374
vn -0.2142 0.8286 0.5172
vn -0.2066 0.7024 0.6811
vn -0.2717 0.7041 0.6561
vn -0.2423 0.5509 0.7986
vn -0.2066 0.7023 0.6812
vn -0.2718 0.7040 0.6561
vn -0.3189 0.5528 0.7699
vn -0.2686 0.3790 0.8856
vn -0.3539 0.3805 0.8544
vn -0.2848 0.1930 0.9389
vn -0.3754 0.1939 0.9063
vn -0.2889 0.0975 0.9524
vn -0.3808 0.0980 0.9194
vn -0.3934 0.5509 0.7360
vn -0.4362 0.3790 0.8161
vn -0.4625 0.1930 0.8653
vn -0.4692 0.0975 0.8777
vn -0.1374 0.9565 0.2571
vn -0.1836 0.9210 0.3435
vn -0.2647 0.8274 0.4953
vn -0.3355 0.7024 0.6278
vn -0.3356 0.7023 0.6278
vn -0.2471 0.9210 0.3011
vn -0.1850 0.9566 0.2254
vn -0.2053 0.9569 0.2053
vn -0.2743 0.9217 0.2743
vn -0.3563 0.8274 0.4341
vn -0.3958 0.8286 0.3958
vn -0.4516 0.7023 0.5503
vn -0.5021 0.7041 0.5021
vn -0.5294 0.5510 0.6451
vn -0.5892 0.5528 0.5893
vn -0.5871 0.3790 0.7154
vn -0.5294 0.5509 0.6451
vn -0.5893 0.5528 0.5893
vn -0.6539 0.3805 0.6539
vn -0.6225 0.1930 0.7585
vn -0.6937 0.1939 0.6937
vn -0.6314 0.0975 0.7693
vn -0.7037 0.0980 0.7037
vn -0.5893 0.5527 0.5893
vn -0.6451 0.5509 0.5294
vn -0.7154 0.3790 0.5871
vn -0.7585 0.1930 0.6225
vn -0.7693 0.0976 0.6314
vn -0.2254 0.9566 0.1850
vn -0.3011 0.9210 0.2471
vn -0.4341 0.8274 0.3563
vn -0.5503 0.7023 0.4516
vn -0.6451 0.5510 0.5294
vn -0.4953 0.8274 0.2647
vn -0.3435 0.9210 0.1836
vn -0.3584 0.9217 0.1484
vn -0.5172 0.8286 0.2142
vn -0.6278 0.7024 0.3355
vn -0.6560 0.7041 0.2718
vn -0.7360 0.5509 0.3934
vn -0.6278 0.7023 0.3356
vn -0.6561 0.7040 0.2718
vn -0.7699 0.5528 0.3189
vn -0.8161 0.3790 0.4362
vn -0.8544 0.3805 0.3539
vn -0.8653 0.1930 0.4625
vn -0.9063 0.1939 0.3754
vn -0.8777 0.0976 0.4691
vn -0.9194 0.0980 0.3808
vn -0.2571 0.9566 0.1374
vn -0.2682 0.9569 0.1111
vn -0.8856 0.3790 0.2686
vn -0.9389 0.1930 0.2848
vn -0.9524 0.0975 0.2889
vn -0.2790 0.9566 0.0846
vn -0.3727 0.9210 0.1130
vn -0.5374 0.8274 0.1630
vn -0.6811 0.7024 0.2066
vn -0.6812 0.7023 0.2066
vn -0.7986 0.5509 0.2423
vn -0.7083 0.7024 0.0698
vn -0.5589 0.8274 0.0550
vn -0.5598 0.8286 -0.0000
vn -0.7101 0.7041 -0.0000
vn -0.8305 0.5509 0.0818
vn -0.7085 0.7023 0.0698
vn -0.7102 0.7040 -0.0000
vn -0.8333 0.5528 -0.0000
vn -0.9210 0.3790 0.0907
vn -0.9248 0.3805 -0.0000
vn -0.9765 0.1930 0.0962
vn -0.9810 0.1939 -0.0000
vn -0.9904 0.0976 0.0976
vn -0.9952 0.0980 -0.0000
vn -0.3876 0.9210 0.0382
vn -0.2902 0.9566 0.0286
vn -0.2903 0.9569 -0.0000
vn -0.3879 0.9217 -0.0000
vn -0.9765 0.1930 -0.0962
vn -0.9904 0.0976 -0.0976
vn -0.2902 0.9566 -0.0286
vn -0.3876 0.9210 -0.0382
vn -0.5589 0.8274 -0.0550
vn -0.7084 0.7024 -0.0698
vn -0.7085 0.7023 -0.0698
vn -0.8305 0.5509 -0.0818
vn -0.9210 0.3790 -0.0907
vn -0.6811 0.7024 -0.2066
vn -0.5374 0.8274 -0.1630
vn -0.5172 0.8286 -0.2142
vn -0.6561 0.7041 -0.2717
vn -0.7986 0.5509 -0.2423
vn -0.6812 0.7023 -0.2066
vn -0.6561 0.7040 -0.2718
vn -0.7699 0.5528 -0.3189
vn -0.8856 0.3790 -0.2686
vn -0.8544 0.3805 -0.3539
vn -0.9389 0.1930 -0.2848
vn -0.9063 0.1939 -0.3754
vn -0.9524 0.0975 -0.2889
vn -0.9194 0.0980 -0.3808
vn -0.3727 0.9210 -0.1130
vn -0.2790 0.9566 -0.0846
vn -0.2682 0.9569 -0.1111
vn -0.3584 0.9217 -0.1484
vn -0.8653 0.1930 -0.4625
vn -0.8777 0.0975 -0.4691
vn -0.2571 0.9565 -0.1375
vn -0.3435 0.9210 -0.1836
vn -0.4953 0.8274 -0.2648
vn -0.6278 0.7024 -0.3356
vn -0.6278 0.7023 -0.3356
vn -0.7360 0.5509 -0.3934
vn -0.8161 0.3790 -0.4362
vn -0.6451 0.5510 -0.5294
vn -0.5503 0.7023 -0.4516
vn -0.5021 0.7041 -0.5021
vn -0.5892 0.5528 -0.5892
vn -0.7153 0.3790 -0.5871
vn -0.6452 0.5508 -0.5295
vn -0.5893 0.5528 -0.5893
vn -0.6539 0.3805 -0.6539
vn -0.7585 0.1930 -0.6225
vn -0.6937 0.1939 -0.6937
vn -0.7693 0.0975 -0.6314
vn -0.7037 0.0980 -0.7037
vn -0.3011 0.9210 -0.2471
vn -0.2254 0.9566 -0.1850
vn -0.2053 0.9569 -0.2053
vn -0.2743 0.9217 -0.2743
vn -0.4341 0.8274 -0.3563
vn -0.3958 0.8286 -0.3958
vn -0.1850 0.9566 -0.2254
vn -0.2471 0.9210 -0.3011
vn -0.3563 0.8274 -0.4341
vn -0.4516 0.7023 -0.5503
vn -0.5294 0.5510 -0.6451
vn -0.5892 0.5528 -0.5893
vn -0.5294 0.5509 -0.6451
vn -0.5871 0.3790 -0.7153
vn -0.6225 0.1930 -0.7585
vn -0.6314 0.0975 -0.7693
vn -0.3934 0.5509 -0.7360
vn -0.3356 0.7023 -0.6278
vn -0.2718 0.7040 -0.6561
vn -0.3189 0.5528 -0.7699
vn -0.4362 0.3790 -0.8161
vn -0.3539 0.3805 -0.8544
vn -0.4625 0.1930 -0.8653
vn -0.3754 0.1939 -0.9063
vn -0.4691 0.0975 -0.8777
vn -0.3808 0.0980 -0.9194
vn -0.1836 0.9210 -0.3435
vn -0.1374 0.9565 -0.2572
vn -0.1111 0.9569 -0.2682
vn -0.1484 0.9217 -0.3584
vn -0.2647 0.8274 -0.4953
vn -0.2142 0.8286 -0.5172
vn -0.3355 0.7024 -0.6278
vn -0.2718 0.7041 -0.6560
vn -0.0846 0.9566 -0.2790
vn -0.1131 0.9210 -0.3727
vn -0.1630 0.8274 -0.5374
vn -0.2066 0.7024 -0.6812
vn -0.2066 0.7023 -0.6812
vn -0.2423 0.5509 -0.7986
vn -0.2686 0.3790 -0.8856
vn -0.2848 0.1930 -0.9389
vn -0.2889 0.0976 -0.9524
vn -0.0907 0.3790 -0.9210
vn -0.0818 0.5509 -0.8305
vn -0.0962 0.1930 -0.9765
vn -0.0976 0.0976 -0.9904
vn -0.0382 0.9210 -0.3876
vn -0.0286 0.9565 -0.2902
vn -0.0551 0.8274 -0.5589
vn -0.0698 0.7024 -0.7084
vn -0.0698 0.7023 -0.7085
vn -0.1023 0.9829 -0.1531
vn -0.1302 0.9829 -0.1302
vn -0.0704 0.9829 -0.1701
vn -0.1531 0.9829 -0.1023
vn -0.1701 0.9829 -0.0704
vn -0.1806 0.9829 -0.0359
vn -0.1841 0.9829 -0.0000
vn -0.1806 0.9829 0.0359
vn -0.0704 0.9829 0.1701
vn -0.0359 0.9829 0.1805
vn -0.1701 0.9829 0.0704
vn -0.1531 0.9829 0.1023
vn -0.1302 0.9829 0.1302
vn -0.1023 0.9829 0.1531
vn -0.0000 0.9829 0.1841
vn 0.0359 0.9829 0.1805
vn 0.0704 0.9829 0.1701
vn 0.1023 0.9829 0.1531
vn 0.1302 0.9829 0.1302
vn 0.1531 0.9829 0.1023
vn 0.1701 0.9829 0.0704
vn 0.1806 0.9829 0.0359
vn 0.1841 0.9829 -0.0000
vn 0.1806 0.9829 -0.0359
vn 0.1701 0.9829 -0.0704
vn 0.1531 0.9829 -0.1023
vn 0.1302 0.9829 -0.1302
vn 0.1023 0.9829 -0.1531
vn 0.0704 0.9829 -0.1701
vn 0.0359 0.9829 -0.1806
vn 0.0667 0.9397 -0.3354
vn -0.0000 0.9397 -0.3420
vn 0.1309 0.9397 -0.3159
vn 0.1900 0.9397 -0.2843
vn 0.2418 0.9397 -0.2418
vn 0.2843 0.9397 -0.1900
vn 0.3159 0.9397 -0.1309
vn 0.3354 0.9397 -0.0667
vn 0.3420 0.9397 -0.0000
vn 0.3354 0.9397 0.0667
vn 0.3159 0.9397 0.1309
vn 0.2843 0.9397 0.1900
vn 0.2418 0.9397 0.2418
vn 0.1900 0.9397 0.2843
vn 0.1309 0.9397 0.3159
vn 0.0667 0.9397 0.3354
vn -0.0000 0.9397 0.3420
vn -0.0667 0.9397 0.3354
vn -0.3354 0.9397 0.0667
vn -0.3159 0.9397 0.1309
vn -0.1900 0.9397 0.2843
vn -0.1309 0.9397 0.3159
vn -0.2418 0.9397 0.2418
vn -0.2843 0.9397 0.1900
vn -0.3420 0.9397 -0.0000
vn -0.3354 0.9397 -0.0667
vn -0.3159 0.9397 -0.1309
vn -0.2843 0.9397 -0.1900
vn -0.2418 0.9397 -0.2418
vn -0.0667 0.9397 -0.3354
vn -0.1309 0.9397 -0.3159
vn -0.1900 0.9397 -0.2843
vn 0.3757 -0.1906 -0.9069
vn 0.3210 -0.5445 -0.7749
vn -0.0000 -0.5445 -0.8387
vn -0.0000 -0.1906 -0.9817
vn 0.3757 0.1906 -0.9069
vn -0.0000 0.1906 -0.9817
vn 0.2188 0.8203 -0.5284
vn -0.0000 0.8204 -0.5719
vn 0.3209 -0.5447 -0.7748
vn 0.3150 -0.5679 -0.7604
vn -0.0000 -0.5679 -0.8231
vn -0.0000 -0.5447 -0.8386
vn 0.6928 -0.2009 -0.6926
vn 0.9050 -0.2009 -0.3749
vn -0.0000 0.5446 -0.8387
vn -0.3757 0.1906 -0.9069
vn -0.3210 0.5446 -0.7748
vn 0.6941 -0.1906 -0.6942
vn 0.5930 -0.5446 -0.5931
vn 0.1808 0.9667 -0.1808
vn 0.4044 0.8203 -0.4044
vn 0.5284 0.8203 -0.2189
vn 0.7748 0.5447 -0.3210
vn 0.5930 0.5448 -0.5930
vn 0.5930 0.5446 -0.5931
vn 0.6941 0.1906 -0.6942
vn 0.3209 0.5446 -0.7749
vn 0.3210 0.5447 -0.7747
vn 0.9069 -0.1906 -0.3757
vn 0.7749 -0.5445 -0.3210
vn 0.5931 -0.5445 -0.5930
vn 0.6942 -0.1906 -0.6941
vn 0.0621 0.9961 -0.0620
vn 0.9796 -0.2009 -0.0000
vn 0.8386 -0.5447 -0.0000
vn 0.8231 -0.5679 -0.0000
vn 0.7604 -0.5679 -0.3150
vn 0.7748 -0.5447 -0.3209
vn 0.7749 0.5446 -0.3209
vn 0.9069 0.1906 -0.3757
vn 0.6942 0.1906 -0.6941
vn 0.5931 0.5446 -0.5930
vn 0.9817 -0.1906 -0.0000
vn 0.8387 -0.5446 -0.0000
vn 0.3826 -0.0000 -0.9239
vn 0.5720 0.8203 -0.0000
vn 0.8387 0.5446 -0.0000
vn 0.7749 0.5446 0.3209
vn 0.9069 0.1906 0.3757
vn 0.9817 0.1906 -0.0000
vn 0.9069 -0.1906 0.3757
vn 0.7748 -0.5446 0.3210
vn 0.5719 0.8203 -0.0000
vn 0.5285 0.8202 0.2189
vn 0.9050 -0.2009 0.3749
vn 0.5931 0.5446 0.5930
vn 0.6942 0.1906 0.6940
vn 0.6942 -0.1906 0.6941
vn 0.5931 -0.5446 0.5930
vn 0.5284 0.8203 0.2189
vn 0.3209 -0.5447 0.7748
vn 0.3150 -0.5679 0.7604
vn 0.5820 -0.5679 0.5820
vn 0.5930 -0.5447 0.5930
vn 0.3757 0.1906 0.9069
vn 0.3757 -0.1906 0.9069
vn 0.6941 -0.1906 0.6942
vn 0.6941 0.1906 0.6942
vn 0.3210 -0.5445 0.7749
vn 0.5930 -0.5446 0.5931
vn 0.4044 0.8203 0.4044
vn 0.5930 0.5448 0.5930
vn 0.7748 0.5447 0.3210
vn 0.3210 0.5446 0.7748
vn 0.5930 0.5446 0.5931
vn 0.6927 -0.2009 0.6927
vn 0.3749 -0.2009 0.9051
vn -0.0000 -0.1906 0.9817
vn -0.0000 -0.5446 0.8387
vn -0.0000 0.1906 0.9817
vn 0.2189 0.8203 0.5284
vn -0.3749 -0.2009 0.9050
vn -0.6927 -0.2009 0.6927
vn -0.3757 -0.1906 0.9069
vn -0.3210 -0.5445 0.7749
vn -0.3757 0.1906 0.9069
vn -0.0000 0.8203 0.5719
vn -0.0000 0.8203 0.5720
vn -0.0000 0.5446 0.8387
vn -0.6941 -0.1906 0.6942
vn -0.5930 -0.5446 0.5931
vn -0.4044 0.8203 0.4044
vn -0.2189 0.8203 0.5284
vn -0.3209 0.5446 0.7749
vn -0.0000 -0.2009 0.9796
vn -0.6941 0.1906 0.6942
vn -0.9069 -0.1906 0.3757
vn -0.7749 -0.5445 0.3209
vn -0.5931 -0.5446 0.5930
vn -0.6942 -0.1906 0.6941
vn -0.5930 0.5448 0.5930
vn -0.3209 0.5447 0.7748
vn -0.9050 -0.2009 0.3749
vn -0.5930 0.5446 0.5931
vn -0.5284 0.8203 0.2189
vn -0.7747 0.5447 0.3210
vn -0.5930 -0.5447 0.5930
vn -0.5820 -0.5679 0.5820
vn -0.3150 -0.5679 0.7604
vn -0.3209 -0.5447 0.7748
vn -0.9069 0.1906 0.3757
vn -0.6942 0.1906 0.6941
vn -0.5719 0.8203 -0.0000
vn -0.8386 -0.5447 -0.0000
vn -0.8231 -0.5679 -0.0000
vn -0.7604 -0.5679 0.3150
vn -0.7748 -0.5447 0.3209
vn -0.5932 0.5446 0.5930
vn -0.7749 0.5446 0.3209
vn -0.9817 -0.1906 -0.0000
vn -0.8387 -0.5446 -0.0000
vn -0.9069 -0.1906 -0.3757
vn -0.7749 -0.5445 -0.3210
vn -0.5720 0.8203 -0.0000
vn -0.8387 0.5446 -0.0000
vn -0.9796 -0.2009 -0.0000
vn -0.9817 0.1906 -0.0000
vn -0.6927 -0.2009 -0.6927
vn -0.3749 -0.2009 -0.9051
vn -0.5284 0.8203 -0.2189
vn -0.7749 0.5446 -0.3209
vn -0.9050 -0.2009 -0.3749
vn -0.9069 0.1906 -0.3757
vn -0.6942 -0.1906 -0.6941
vn -0.5931 -0.5446 -0.5930
vn -0.4044 0.8203 -0.4044
vn -0.2189 0.8203 -0.5284
vn -0.3210 0.5447 -0.7747
vn -0.5930 0.5447 -0.5930
vn -0.5931 0.5445 -0.5930
vn -0.6942 0.1906 -0.6941
vn -0.7748 0.5447 -0.3210
vn -0.3757 -0.1906 -0.9069
vn -0.3210 -0.5445 -0.7749
vn -0.5930 -0.5446 -0.5931
vn -0.6941 -0.1906 -0.6942
vn -0.0000 -0.2009 -0.9796
vn -0.6941 0.1906 -0.6942
vn -0.5930 0.5446 -0.5931
vn 0.2188 0.8202 -0.5285
vn -0.0000 0.8202 -0.5720
vn -0.2189 0.8203 -0.5285
vn -0.0000 -0.5679 0.8231
vn -0.0000 -0.5447 0.8386
vn -0.3209 -0.5447 -0.7748
vn -0.3150 -0.5679 -0.7604
vn -0.5820 -0.5679 -0.5820
vn -0.5930 -0.5447 -0.5930
vn 0.5930 -0.5447 -0.5930
vn 0.5820 -0.5679 -0.5820
vn -0.7604 -0.5679 -0.3150
vn -0.7748 -0.5447 -0.3210
vn 0.6928 -0.2009 0.6926
vn 0.7604 -0.5679 0.3150
vn 0.7747 -0.5447 0.3210
vn 0.3749 -0.2009 -0.9050
vn 0.6927 -0.2009 -0.6927
vn -0.0000 -0.9239 0.3827
vn -0.0000 -0.9239 0.3826
vn -0.0000 -0.9238 0.3828
vn -0.9239 -0.3827 -0.0000
vn -0.3825 0.9239 -0.0000
vn 0.3827 -0.9239 -0.0000
vn 0.9239 0.3826 -0.0000
vn -0.0000 -0.3828 0.9238
vn -0.0000 -0.3827 0.9239
vn -0.9239 0.3826 -0.0000
vn 0.9239 -0.3827 -0.0000
vn -0.3827 -0.9239 -0.0000
vn 0.3825 0.9239 -0.0000
vn -0.0000 0.3827 0.9239
vn -0.0000 0.3826 0.9239
vn -0.0000 -0.9238 0.3829
vn -0.0000 0.9239 -0.3826
vn -0.0000 0.3827 -0.9239
vn -0.0000 0.3826 -0.9239
vn -0.3828 -0.9238 -0.0000
vn -0.0000 0.9239 0.3826
vn -0.0000 0.9239 0.3825
vn 0.9238 -0.3828 -0.0000
vn 0.3826 0.9239 -0.0000
vn -0.9238 -0.3828 -0.0000
vn 0.9239 0.3827 -0.0000
vn 0.3828 -0.9238 -0.0000
vn -0.0000 0.9239 -0.3827
vn -0.3826 0.9239 -0.0000
vn -0.9239 0.3827 -0.0000
vn -0.0000 0.9238 -0.3828
vn -0.0000 0.9239 -0.3825
vn -0.0000 0.9240 -0.3825
vn -0.0000 0.9240 0.3825
vn -0.0000 0.9239 0.3827
vn 0.5054 -0.6100 0.6103
vn 0.5054 -0.6099 0.6104
vn -0.5054 0.6103 0.6101
vn -0.5638 0.6034 0.5639
vn -0.5639 0.5640 0.6033
vn 0.5638 0.5640 -0.6034
vn 0.5054 0.6103 -0.6101
vn 0.5638 0.6033 -0.5641
vn 0.5054 0.6103 0.6101
vn 0.5638 0.5639 0.6034
vn 0.5637 0.6034 0.5640
vn -0.5054 -0.6100 -0.6103
vn -0.5054 -0.6100 -0.6102
vn 0.5054 -0.6101 -0.6103
vn 0.5053 -0.6101 -0.6102
vn -0.5053 -0.6101 0.6103
vn -0.5056 -0.6101 0.6101
vn -0.5638 0.6034 -0.5639
vn -0.5054 0.6103 -0.6101
vn -0.5639 0.5640 -0.6033
vn 0.6101 0.5053 -0.6102
vn 0.6101 0.5054 -0.6102
vn -0.6101 0.5054 -0.6102
vn 0.6101 -0.5055 -0.6101
vn 0.6034 -0.5639 -0.5639
vn 0.6102 -0.5056 -0.6100
vn -0.6101 -0.5055 -0.6101
vn -0.5639 -0.5639 -0.6033
vn -0.6033 -0.5639 -0.5639
vn -0.6102 -0.5056 -0.6100
vn 0.6101 0.6102 0.5054
vn -0.6101 0.6102 0.5054
vn 0.6099 -0.6103 -0.5056
vn 0.6102 -0.6100 -0.5055
vn -0.6103 -0.6101 -0.5053
vn -0.6102 -0.6100 -0.5054
vn 0.6101 0.6102 -0.5054
vn -0.6101 0.6102 -0.5054
vn -0.6102 -0.5056 0.6100
vn -0.6101 -0.5055 0.6101
vn -0.6033 -0.5640 0.5639
vn 0.6033 -0.5639 0.5639
vn 0.6102 -0.5056 0.6100
vn 0.6101 -0.5055 0.6101
vn 0.5640 -0.5639 0.6033
vn 0.6100 -0.6102 0.5056
vn -0.6098 -0.6103 0.5057
vn -0.6102 -0.6100 0.5055
vn -0.6101 0.5053 0.6102
vn -0.6101 0.5054 0.6102
vn 0.6101 0.5054 0.6102
vn -0.0000 0.9240 0.3824
vn -0.0000 0.9240 0.3823
vn 0.3151 -0.5677 0.7605
vn -0.0000 -0.5677 0.8232
vn -0.3150 -0.5678 0.7605
vn -0.5821 -0.5678 0.5821
vn -0.5821 -0.5678 0.5820
vn -0.7605 -0.5678 0.3150
vn -0.0000 -0.5677 -0.8232
vn 0.3150 -0.5678 -0.7605
vn 0.5820 -0.5678 -0.5822
vn 0.5821 -0.5678 -0.5820
vn 0.7605 -0.5678 -0.3150
vn -0.8232 -0.5678 -0.0000
vn 0.8232 -0.5678 -0.0000
vn -0.7605 -0.5678 -0.3150
vn 0.7605 -0.5678 0.3150
vn -0.5821 -0.5678 -0.5820
vn 0.5821 -0.5678 0.5820
vn -0.5821 -0.5678 -0.5821
vn -0.3150 -0.5678 -0.7605
vn 0.2845 0.6684 0.6872
vn 0.2844 0.6684 0.6873
vn 0.2846 0.6686 0.6870
vn 0.2845 0.6684 0.6873
vn -0.2847 0.6685 -0.6870
vn -0.2845 0.6684 -0.6872
vn -0.2845 0.6685 -0.6871
vn -0.2845 0.6683 -0.6874
vn 0.2846 0.6684 -0.6872
vn -0.2846 0.6685 0.6872
vn -0.2846 0.6686 0.6871
vn -0.2846 0.6685 0.6871
vn -0.2846 0.6684 0.6872
vn -0.6872 0.6685 0.2844
vn -0.6868 0.6687 0.2848
vn -0.6871 0.6685 0.2846
vn -0.6872 0.6684 0.2845
vn 0.6871 0.6685 -0.2848
vn 0.6870 0.6686 -0.2847
vn 0.6872 0.6684 -0.2846
vn 0.6873 0.6684 -0.2844
vn 0.6871 0.6684 0.2847
vn 0.6870 0.6686 0.2847
vn 0.6871 0.6685 0.2847
vn 0.6872 0.6684 0.2847
vn -0.6872 0.6684 -0.2848
vn -0.6871 0.6685 -0.2847
vn -0.6872 0.6683 -0.2848
vn -0.3826 -0.0000 -0.9239
vn -0.1950 0.0329 -0.9803
vn -0.0000 0.0329 -0.9995
vn -0.3825 0.0329 -0.9234
vn -0.5553 0.0329 -0.8310
vn -0.7067 0.0329 -0.7068
vn -0.8310 0.0329 -0.5553
vn -0.7068 0.0329 -0.7067
vn -0.9234 0.0329 -0.3825
vn -0.9803 0.0329 -0.1950
vn -0.9995 0.0329 -0.0000
vn -0.9803 0.0329 0.1950
vn -0.9234 0.0329 0.3825
vn -0.8310 0.0329 0.5553
vn -0.7068 0.0329 0.7067
vn -0.5553 0.0329 0.8310
vn -0.7067 0.0329 0.7068
vn -0.3825 0.0329 0.9234
vn -0.1950 0.0329 0.9803
vn -0.0000 0.0329 0.9995
vn 0.1950 0.0329 0.9803
vn 0.3825 0.0329 0.9234
vn 0.5553 0.0329 0.8310
vn 0.7067 0.0329 0.7068
vn 0.8310 0.0329 0.5553
vn 0.7068 0.0329 0.7067
vn 0.9234 0.0329 0.3825
vn 0.9803 0.0329 0.1950
vn 0.9995 0.0329 -0.0000
vn 0.9803 0.0329 -0.1950
vn 0.9234 0.0329 -0.3825
vn 0.8310 0.0329 -0.5553
vn 0.7068 0.0329 -0.7067
vn 0.5553 0.0329 -0.8310
vn 0.7067 0.0329 -0.7068
vn 0.3825 0.0329 -0.9234
vn 0.1950 0.0329 -0.9803
vn -0.7072 -0.0000 -0.7070
vn -0.0000 -0.9201 -0.3918
vn -0.0000 -0.9200 -0.3918
vn -0.0000 -0.6907 -0.7231
vn -0.0000 -0.6905 -0.7233
vn -0.0000 -0.3533 -0.9355
vn -0.0000 -0.0652 -0.9979
vn -0.0000 0.0319 -0.9995
vn -0.0000 -0.9802 -0.1980
vn -0.0000 -0.9802 -0.1981
vn -0.1014 -0.9200 -0.3785
vn -0.1872 -0.6907 -0.6985
vn -0.1872 -0.6906 -0.6986
vn -0.2421 -0.3533 -0.9036
vn -0.2583 -0.0652 -0.9639
vn -0.2587 0.0319 -0.9654
vn -0.0513 -0.9802 -0.1913
vn -0.0513 -0.9802 -0.1914
vn -0.9659 -0.0000 0.2588
vn 0.9659 -0.0000 -0.2588
vn -0.2588 -0.0000 -0.9659
vn -0.1959 -0.9201 -0.3393
vn -0.1959 -0.9200 -0.3393
vn -0.3616 -0.6907 -0.6263
vn -0.3616 -0.6907 -0.6262
vn -0.3616 -0.6905 -0.6264
vn -0.3616 -0.6906 -0.6264
vn -0.4678 -0.3533 -0.8102
vn -0.4989 -0.0652 -0.8642
vn -0.4997 0.0319 -0.8656
vn -0.0990 -0.9802 -0.1714
vn -0.0990 -0.9802 -0.1715
vn -0.8660 -0.0000 0.5000
vn 0.8660 -0.0000 -0.5000
vn -0.5000 -0.0000 -0.8660
vn -0.2770 -0.9200 -0.2770
vn -0.2771 -0.9200 -0.2771
vn -0.5113 -0.6907 -0.5113
vn -0.5114 -0.6906 -0.5114
vn -0.6615 -0.3533 -0.6615
vn -0.7056 -0.0652 -0.7056
vn -0.7067 0.0319 -0.7067
vn -0.1400 -0.9802 -0.1400
vn -0.3393 -0.9201 -0.1959
vn -0.3393 -0.9200 -0.1959
vn -0.6263 -0.6907 -0.3616
vn -0.6264 -0.6905 -0.3616
vn -0.8102 -0.3533 -0.4678
vn -0.8642 -0.0652 -0.4989
vn -0.8656 0.0319 -0.4997
vn -0.1715 -0.9802 -0.0990
vn -0.5000 -0.0000 0.8660
vn 0.5000 -0.0000 -0.8660
vn -0.8660 -0.0000 -0.5000
vn -0.3785 -0.9200 -0.1014
vn -0.6985 -0.6907 -0.1872
vn -0.6986 -0.6906 -0.1872
vn -0.9036 -0.3533 -0.2421
vn -0.9639 -0.0652 -0.2583
vn -0.9654 0.0319 -0.2587
vn -0.1913 -0.9802 -0.0513
vn -0.2588 -0.0000 0.9659
vn 0.2588 -0.0000 -0.9659
vn -0.9659 -0.0000 -0.2588
vn -0.3918 -0.9200 -0.0000
vn -0.7232 -0.6907 -0.0000
vn -0.7233 -0.6905 -0.0000
vn -0.9355 -0.3533 -0.0000
vn -0.9979 -0.0652 -0.0000
vn -0.9995 0.0319 -0.0000
vn -0.1980 -0.9802 -0.0000
vn -0.3785 -0.9200 0.1014
vn -0.6985 -0.6907 0.1872
vn -0.6986 -0.6905 0.1872
vn -0.9036 -0.3533 0.2421
vn -0.9639 -0.0652 0.2583
vn -0.9654 0.0319 0.2587
vn -0.1913 -0.9802 0.0512
vn -0.1913 -0.9802 0.0513
vn 0.2588 -0.0000 0.9659
vn -0.3393 -0.9200 0.1959
vn -0.6263 -0.6907 0.3616
vn -0.6262 -0.6907 0.3616
vn -0.6264 -0.6906 0.3616
vn -0.6264 -0.6905 0.3616
vn -0.8102 -0.3533 0.4678
vn -0.8642 -0.0652 0.4989
vn -0.8656 0.0319 0.4997
vn -0.1715 -0.9802 0.0990
vn 0.5000 -0.0000 0.8660
vn -0.2770 -0.9200 0.2771
vn -0.2771 -0.9200 0.2771
vn -0.5113 -0.6907 0.5113
vn -0.5114 -0.6906 0.5114
vn -0.6615 -0.3533 0.6615
vn -0.7056 -0.0652 0.7056
vn -0.7067 0.0319 0.7067
vn -0.1400 -0.9802 0.1401
vn -0.1401 -0.9802 0.1401
vn -0.1959 -0.9200 0.3393
vn -0.3616 -0.6907 0.6262
vn -0.3616 -0.6905 0.6264
vn -0.4678 -0.3533 0.8102
vn -0.4989 -0.0652 0.8642
vn -0.4997 0.0319 0.8656
vn -0.0990 -0.9802 0.1715
vn 0.8660 -0.0000 0.5000
vn -0.1014 -0.9200 0.3785
vn -0.1872 -0.6907 0.6985
vn -0.1872 -0.6905 0.6986
vn -0.1872 -0.6906 0.6986
vn -0.2421 -0.3533 0.9036
vn -0.2583 -0.0652 0.9639
vn -0.2587 0.0319 0.9654
vn -0.0512 -0.9802 0.1913
vn 0.9659 -0.0000 0.2588
vn -0.0000 -0.9201 0.3918
vn -0.0000 -0.6907 0.7231
vn -0.0000 -0.6907 0.7232
vn -0.0000 -0.6906 0.7233
vn -0.0000 -0.6905 0.7233
vn -0.0000 -0.3533 0.9355
vn -0.0000 -0.0652 0.9979
vn -0.0000 0.0319 0.9995
vn -0.0000 -0.9802 0.1980
vn 0.1014 -0.9201 0.3784
vn 0.1014 -0.9200 0.3785
vn 0.1872 -0.6907 0.6985
vn 0.1872 -0.6906 0.6986
vn 0.2421 -0.3533 0.9036
vn 0.2583 -0.0652 0.9639
vn 0.2587 0.0319 0.9654
vn 0.0513 -0.9802 0.1913
vn 0.1959 -0.9201 0.3393
vn 0.3616 -0.6907 0.6262
vn 0.3616 -0.6907 0.6263
vn 0.3616 -0.6905 0.6264
vn 0.4678 -0.3533 0.8102
vn 0.4989 -0.0652 0.8642
vn 0.4997 0.0319 0.8656
vn 0.0990 -0.9802 0.1715
vn 0.2771 -0.9200 0.2771
vn 0.2770 -0.9200 0.2770
vn 0.5113 -0.6907 0.5114
vn 0.5113 -0.6907 0.5113
vn 0.5114 -0.6906 0.5114
vn 0.6615 -0.3533 0.6615
vn 0.6615 -0.3534 0.6615
vn 0.6615 -0.3532 0.6615
vn 0.7056 -0.0652 0.7056
vn 0.7067 0.0319 0.7067
vn 0.1400 -0.9802 0.1400
vn 0.3393 -0.9200 0.1959
vn 0.6262 -0.6907 0.3616
vn 0.6263 -0.6907 0.3616
vn 0.6264 -0.6905 0.3616
vn 0.8102 -0.3533 0.4678
vn 0.8642 -0.0652 0.4989
vn 0.8656 0.0319 0.4997
vn 0.1715 -0.9802 0.0990
vn 0.3785 -0.9200 0.1014
vn 0.6985 -0.6907 0.1872
vn 0.6986 -0.6906 0.1872
vn 0.9036 -0.3533 0.2421
vn 0.9639 -0.0652 0.2583
vn 0.9654 0.0319 0.2587
vn 0.1913 -0.9802 0.0513
vn 0.3918 -0.9201 -0.0000
vn 0.7232 -0.6907 -0.0000
vn 0.7233 -0.6905 -0.0000
vn 0.9355 -0.3533 -0.0000
vn 0.9979 -0.0652 -0.0000
vn 0.9995 0.0319 -0.0000
vn 0.1980 -0.9802 -0.0000
vn 0.3784 -0.9201 -0.1014
vn 0.3785 -0.9200 -0.1014
vn 0.6985 -0.6907 -0.1872
vn 0.6986 -0.6906 -0.1872
vn 0.6986 -0.6905 -0.1872
vn 0.9036 -0.3533 -0.2421
vn 0.9639 -0.0652 -0.2583
vn 0.9654 0.0319 -0.2587
vn 0.1912 -0.9802 -0.0512
vn 0.3393 -0.9201 -0.1959
vn 0.3393 -0.9200 -0.1959
vn 0.6262 -0.6907 -0.3616
vn 0.6264 -0.6905 -0.3616
vn 0.8102 -0.3533 -0.4678
vn 0.8642 -0.0652 -0.4989
vn 0.8656 0.0319 -0.4997
vn 0.1715 -0.9802 -0.0990
vn 0.2771 -0.9200 -0.2771
vn 0.5113 -0.6907 -0.5113
vn 0.5114 -0.6906 -0.5114
vn 0.6615 -0.3533 -0.6615
vn 0.7056 -0.0652 -0.7056
vn 0.7067 0.0319 -0.7067
vn 0.7068 0.0319 -0.7067
vn 0.1400 -0.9802 -0.1401
vn 0.1400 -0.9802 -0.1400
vn 0.1959 -0.9201 -0.3393
vn 0.1959 -0.9200 -0.3393
vn 0.3616 -0.6907 -0.6262
vn 0.3616 -0.6905 -0.6264
vn 0.4678 -0.3533 -0.8102
vn 0.4989 -0.0652 -0.8642
vn 0.4997 0.0319 -0.8656
vn 0.0990 -0.9802 -0.1714
vn 0.0990 -0.9802 -0.1715
vn 0.1014 -0.9201 -0.3784
vn 0.1014 -0.9200 -0.3785
vn 0.1872 -0.6907 -0.6985
vn 0.1872 -0.6906 -0.6986
vn 0.2421 -0.3533 -0.9036
vn 0.2583 -0.0652 -0.9639
vn 0.2587 0.0319 -0.9654
vn 0.0512 -0.9802 -0.1912
vn 0.0512 -0.9802 -0.1913
vn -0.0304 0.9995 0.0126
vn -0.0322 0.9995 0.0064
vn -0.0000 -0.9995 0.0329
vn 0.0064 -0.9995 0.0323
vn -0.0273 0.9995 0.0183
vn 0.0064 0.9995 0.0322
vn -0.0000 0.9995 0.0329
vn -0.1950 0.0293 0.9804
vn -0.0000 0.0293 0.9996
vn -0.0233 0.9995 0.0233
vn 0.0126 0.9995 0.0304
vn -0.3825 0.0293 0.9235
vn -0.0183 0.9995 0.0273
vn 0.0183 0.9995 0.0273
vn -0.0233 -0.9995 0.0233
vn -0.0183 -0.9995 0.0274
vn -0.0126 0.9995 0.0304
vn 0.0233 0.9995 0.0232
vn -0.5553 0.0293 0.8311
vn -0.0064 0.9995 0.0322
vn 0.0273 0.9995 0.0183
vn -0.8311 0.0293 0.5553
vn -0.7068 0.0293 0.7068
vn 0.0304 0.9995 0.0126
vn -0.9235 0.0293 0.3825
vn 0.0322 0.9995 0.0064
vn -0.0329 -0.9995 -0.0000
vn -0.0323 -0.9995 0.0064
vn 0.0329 0.9995 -0.0000
vn -0.9804 0.0293 0.1950
vn 0.0322 0.9995 -0.0064
vn -0.9804 0.0293 -0.1950
vn -0.9996 0.0293 -0.0000
vn 0.0304 0.9995 -0.0126
vn -0.9235 0.0293 -0.3825
vn 0.0273 0.9995 -0.0183
vn -0.1983 0.0278 -0.9798
vn -0.1985 0.0279 -0.9797
vn -0.4152 0.0288 -0.9093
vn -0.3091 0.0292 -0.9506
vn 0.0232 0.9995 -0.0233
vn -0.8311 0.0293 -0.5553
vn -0.0000 -0.9995 -0.0329
vn -0.0064 -0.9995 -0.0323
vn -0.0126 -0.9995 -0.0304
vn -0.0183 -0.9995 -0.0274
vn -0.0233 -0.9995 -0.0233
vn -0.0274 -0.9995 -0.0183
vn -0.0304 -0.9995 -0.0126
vn -0.0000 0.0281 -0.9996
vn -0.0323 -0.9995 -0.0064
vn -0.0304 -0.9995 0.0126
vn -0.7068 0.0293 -0.7068
vn -0.5553 0.0293 -0.8311
vn -0.3877 0.0305 -0.9213
vn -0.0126 -0.9995 0.0304
vn -0.0274 -0.9995 0.0183
vn 0.0126 -0.9995 0.0304
vn -0.0064 -0.9995 0.0323
vn 0.0274 -0.9995 0.0183
vn 0.0304 -0.9995 0.0126
vn 0.1950 0.0293 0.9804
vn 0.0323 -0.9995 0.0064
vn 0.0329 -0.9995 -0.0000
vn 0.0323 -0.9995 -0.0064
vn 0.7068 0.0293 0.7068
vn 0.8311 0.0293 0.5553
vn 0.0304 -0.9995 -0.0126
vn 0.0274 -0.9995 -0.0183
vn 0.9804 0.0293 0.1950
vn 0.9996 0.0293 -0.0000
vn 0.0233 -0.9995 -0.0233
vn 0.0183 -0.9995 -0.0274
vn 0.9804 0.0293 -0.1950
vn 0.9235 0.0293 -0.3825
vn 0.0126 -0.9995 -0.0304
vn 0.0064 -0.9995 -0.0323
vn 0.8311 0.0293 -0.5553
vn 0.7068 0.0293 -0.7068
vn -0.7067 0.0329 0.7067
vn 0.0233 -0.9995 0.0233
vn -0.0329 0.9995 -0.0000
vn 0.0183 -0.9995 0.0274
vn -0.0322 0.9995 -0.0064
vn 0.3825 0.0293 0.9235
vn -0.0304 0.9995 -0.0126
vn -0.0273 0.9995 -0.0183
vn 0.9235 0.0293 0.3825
vn -0.0233 0.9995 -0.0232
vn -0.0183 0.9995 -0.0273
vn -0.0126 0.9995 -0.0304
vn -0.0064 0.9995 -0.0322
vn 0.5553 0.0293 0.8311
vn -0.0000 0.9995 -0.0329
vn 0.0064 0.9995 -0.0322
vn 0.0126 0.9995 -0.0304
vn 0.0183 0.9995 -0.0273
vn -0.1951 0.0031 -0.9808
vn -0.0000 0.0030 -1.0000
vn -0.0044 -0.9997 -0.0220
vn -0.0000 -0.9997 -0.0224
vn -0.0000 -0.9997 -0.0225
vn -0.3827 0.0031 -0.9239
vn -0.0086 -0.9997 -0.0207
vn -0.5556 0.0031 -0.8315
vn -0.0125 -0.9997 -0.0187
vn -0.7071 0.0031 -0.7071
vn -0.0159 -0.9997 -0.0159
vn -0.8315 0.0031 -0.5556
vn -0.7071 0.0030 -0.7071
vn -0.0187 -0.9997 -0.0125
vn -0.9239 0.0031 -0.3827
vn -0.0208 -0.9997 -0.0086
vn -0.9808 0.0031 -0.1951
vn -0.0220 -0.9997 -0.0044
vn -1.0000 0.0031 -0.0000
vn -0.0225 -0.9997 -0.0000
vn -0.9808 0.0031 0.1951
vn -0.0220 -0.9997 0.0044
vn -0.9239 0.0031 0.3827
vn -0.0208 -0.9997 0.0086
vn -0.8315 0.0031 0.5556
vn -0.0187 -0.9997 0.0125
vn -0.7071 0.0031 0.7071
vn -0.0159 -0.9997 0.0159
vn -0.5556 0.0031 0.8315
vn -0.7071 0.0030 0.7071
vn -0.0125 -0.9997 0.0187
vn -0.3827 0.0031 0.9239
vn -0.0086 -0.9997 0.0207
vn -0.1951 0.0031 0.9808
vn -0.0044 -0.9997 0.0220
vn -0.0000 0.0030 1.0000
vn -0.0000 -0.9997 0.0224
vn 0.1951 0.0031 0.9808
vn 0.0044 -0.9997 0.0220
vn 0.3827 0.0031 0.9239
vn 0.0086 -0.9997 0.0207
vn 0.5556 0.0031 0.8315
vn 0.0125 -0.9997 0.0187
vn 0.7071 0.0030 0.7071
vn 0.7071 0.0031 0.7071
vn 0.0159 -0.9997 0.0159
vn 0.8315 0.0030 0.5556
vn 0.0187 -0.9997 0.0125
vn 0.9239 0.0031 0.3827
vn 0.0208 -0.9997 0.0086
vn 0.9808 0.0031 0.1951
vn 0.0220 -0.9997 0.0044
vn 1.0000 0.0031 -0.0000
vn 0.0225 -0.9997 -0.0000
vn 0.9808 0.0031 -0.1951
vn 0.0220 -0.9997 -0.0044
vn 0.9239 0.0031 -0.3827
vn 0.0208 -0.9997 -0.0086
vn 0.8315 0.0030 -0.5556
vn 0.0187 -0.9997 -0.0125
vn 0.7071 0.0031 -0.7071
vn 0.0159 -0.9997 -0.0159
vn 0.5556 0.0031 -0.8315
vn 0.7071 0.0030 -0.7071
vn 0.0125 -0.9997 -0.0186
vn 0.0125 -0.9997 -0.0187
vn 0.3827 0.0031 -0.9239
vn 0.0086 -0.9997 -0.0207
vn 0.1951 0.0031 -0.9808
vn 0.0044 -0.9997 -0.0220
vn 0.5553 0.0293 -0.8311
vn 0.4712 0.0292 -0.8816
vn 0.4153 0.0288 -0.9092
vn -0.3036 0.0314 -0.9523
vn 0.3877 0.0305 -0.9213
vn 0.3036 0.0314 -0.9523
vn 0.0001 0.0328 -0.9995
vn -0.0000 -0.0328 0.9995
vn 0.1984 0.0278 -0.9797
vn -0.2771 0.6897 -0.6690
vn -0.3397 0.6881 -0.6412
vn 0.3241 0.7215 0.6119
vn 0.2644 0.7231 0.6382
vn 0.2643 0.7231 0.6382
vn -0.2429 -0.0000 0.9700
vn -0.0684 0.6881 0.7224
vn -0.0000 0.6897 0.7241
vn -0.0000 0.7231 -0.6908
vn 0.0653 0.7215 -0.6893
vn -0.0000 -1.0000 -0.0001
vn -0.0000 -1.0000 0.0001
vn -0.0000 -1.0000 -0.0002
vn -0.2132 0.6881 -0.6936
vn 0.2035 0.7215 0.6618
vn -0.2771 0.6897 0.6690
vn -0.2132 0.6881 0.6936
vn 0.2034 0.7215 -0.6619
vn 0.2644 0.7231 -0.6382
vn 0.5141 -0.0000 0.8578
vn -0.0684 0.6881 -0.7224
vn 0.0653 0.7215 0.6893
vn -0.0000 0.7231 0.6908
vn -0.3396 0.6881 0.6413
vn 0.3241 0.7215 -0.6119
vn 0.2771 0.6897 0.6690
vn 0.3396 0.6881 0.6412
vn -0.3241 0.7215 -0.6118
vn -0.2643 0.7231 -0.6382
vn -0.0653 0.7215 0.6893
vn -0.0000 -1.0000 0.0002
vn 0.2133 0.6881 0.6936
vn -0.2034 0.7215 -0.6618
vn -0.5141 -0.0000 0.8578
vn -0.2035 0.7215 0.6618
vn -0.2643 0.7231 0.6382
vn -0.2644 0.7231 0.6382
vn 0.0684 0.6881 0.7224
vn -0.0653 0.7215 -0.6893
vn -0.3241 0.7215 0.6119
vn 0.2429 -0.0000 0.9700
vn -0.5592 0.6881 0.4624
vn -0.5120 0.6897 0.5120
vn 0.4884 0.7231 -0.4884
vn 0.5336 0.7215 -0.4412
vn -0.6690 0.6897 0.2771
vn -0.6412 0.6881 0.3397
vn 0.6119 0.7215 -0.3241
vn 0.6382 0.7231 -0.2643
vn 0.5120 0.6897 -0.5120
vn 0.4624 0.6881 -0.5592
vn 0.4625 0.6881 -0.5592
vn -0.4412 0.7215 0.5336
vn -0.4884 0.7231 0.4884
vn -0.6936 0.6881 0.2132
vn 0.6618 0.7215 -0.2034
vn 0.5592 0.6881 -0.4624
vn -0.5336 0.7216 0.4412
vn 0.6690 0.6897 -0.2771
vn 0.6412 0.6881 -0.3396
vn -0.6119 0.7215 0.3241
vn -0.6382 0.7231 0.2643
vn -0.6382 0.7230 0.2644
vn 0.2429 -0.0000 -0.9700
vn -0.9700 -0.0000 -0.2429
vn -0.4624 0.6881 0.5592
vn -0.4625 0.6881 0.5592
vn 0.4412 0.7215 -0.5336
vn 0.1468 -0.0000 0.9892
vn 0.6936 0.6881 -0.2133
vn -0.6619 0.7215 0.2034
vn -0.6618 0.7215 0.2034
vn -0.7225 0.6880 -0.0684
vn -0.7241 0.6897 -0.0000
vn 0.6908 0.7231 -0.0000
vn 0.6893 0.7215 0.0653
vn -0.6690 0.6897 -0.2771
vn -0.6936 0.6881 -0.2132
vn 0.6618 0.7215 0.2034
vn 0.6382 0.7231 0.2643
vn 0.7241 0.6897 -0.0000
vn 0.7224 0.6881 -0.0684
vn -0.6893 0.7215 0.0653
vn -0.6908 0.7231 -0.0000
vn -0.6908 0.7230 -0.0000
vn -0.6412 0.6881 -0.3397
vn 0.6118 0.7215 0.3241
vn -0.2429 -0.0000 -0.9700
vn 0.7224 0.6880 0.0684
vn -0.6893 0.7215 -0.0653
vn 0.6690 0.6897 0.2771
vn 0.6936 0.6881 0.2132
vn 0.6935 0.6881 0.2132
vn -0.6619 0.7215 -0.2034
vn -0.6382 0.7231 -0.2644
vn -0.7224 0.6881 0.0684
vn 0.6893 0.7215 -0.0653
vn 0.6412 0.6881 0.3397
vn -0.6119 0.7215 -0.3241
vn -0.9700 -0.0000 0.2429
vn -0.4625 0.6881 -0.5592
vn -0.5120 0.6897 -0.5120
vn 0.4885 0.7230 0.4885
vn 0.4412 0.7215 0.5336
vn 0.4885 0.7231 0.4885
vn 0.5121 0.6897 0.5120
vn 0.5592 0.6881 0.4625
vn 0.5592 0.6881 0.4624
vn 0.5120 0.6897 0.5120
vn -0.5336 0.7215 -0.4412
vn -0.4884 0.7231 -0.4884
vn 0.4624 0.6881 0.5592
vn -0.4412 0.7215 -0.5336
vn -0.5592 0.6881 -0.4624
vn -0.5592 0.6881 -0.4625
vn 0.5336 0.7215 0.4412
vn -0.5592 -0.6881 -0.4624
vn -0.5120 -0.6897 -0.5120
vn 0.4885 -0.7231 0.4884
vn 0.5336 -0.7215 0.4412
vn 0.5120 -0.6897 0.5120
vn 0.4625 -0.6881 0.5592
vn -0.4412 -0.7215 -0.5336
vn -0.4884 -0.7231 -0.4884
vn -0.4413 -0.7215 -0.5336
vn 0.5592 -0.6881 0.4625
vn -0.5336 -0.7215 -0.4413
vn -0.4625 -0.6881 -0.5591
vn -0.4625 -0.6881 -0.5592
vn 0.4413 -0.7215 0.5336
vn 0.4412 -0.7215 0.5336
vn 0.6690 -0.6897 0.2771
vn 0.6412 -0.6881 0.3396
vn -0.6118 -0.7215 -0.3241
vn -0.6382 -0.7231 -0.2643
vn -0.7224 -0.6881 0.0684
vn -0.7241 -0.6897 -0.0000
vn 0.6907 -0.7231 -0.0000
vn 0.6893 -0.7215 -0.0653
vn -0.5141 -0.0000 -0.8578
vn 0.6936 -0.6881 0.2132
vn -0.6619 -0.7215 -0.2034
vn -0.6618 -0.7215 -0.2034
vn 0.7241 -0.6897 -0.0000
vn 0.7224 -0.6881 0.0684
vn -0.6893 -0.7215 -0.0653
vn -0.6908 -0.7231 -0.0000
vn -0.6689 -0.6897 -0.2771
vn -0.6412 -0.6881 -0.3396
vn -0.6689 -0.6897 -0.2772
vn 0.6118 -0.7215 0.3241
vn 0.6382 -0.7231 0.2643
vn 0.6382 -0.7231 0.2644
vn 0.7224 -0.6881 -0.0684
vn -0.6893 -0.7215 0.0653
vn -0.6936 -0.6881 -0.2133
vn -0.6690 -0.6897 -0.2771
vn 0.6618 -0.7215 0.2034
vn -0.7224 -0.6881 -0.0684
vn 0.6893 -0.7215 0.0653
vn 0.6690 -0.6897 -0.2771
vn 0.6936 -0.6881 -0.2132
vn 0.6936 -0.6881 -0.2133
vn -0.6618 -0.7215 0.2034
vn -0.6382 -0.7231 0.2644
vn -0.4624 -0.6881 0.5592
vn -0.5120 -0.6897 0.5120
vn 0.4884 -0.7231 -0.4884
vn 0.4412 -0.7215 -0.5336
vn 0.6412 -0.6881 -0.3396
vn -0.6118 -0.7215 0.3241
vn 0.5120 -0.6897 -0.5120
vn 0.5592 -0.6881 -0.4624
vn -0.5336 -0.7215 0.4412
vn -0.4884 -0.7231 0.4884
vn -0.1468 -0.0000 0.9892
vn -0.6690 -0.6897 0.2771
vn -0.6936 -0.6881 0.2132
vn 0.6618 -0.7215 -0.2034
vn 0.6382 -0.7231 -0.2643
vn 0.6382 -0.7231 -0.2644
vn 0.4624 -0.6881 -0.5592
vn -0.4412 -0.7215 0.5336
vn -0.6412 -0.6881 0.3396
vn 0.6118 -0.7215 -0.3241
vn -0.5592 -0.6881 0.4624
vn 0.5336 -0.7215 -0.4412
vn -0.3241 -0.7215 0.6118
vn -0.2643 -0.7231 0.6382
vn -0.3242 -0.7215 0.6118
vn 0.0684 -0.6881 0.7224
vn -0.0000 -0.6897 0.7241
vn -0.0000 -0.7231 -0.6908
vn -0.0653 -0.7215 -0.6893
vn -0.2034 -0.7215 0.6618
vn 0.2771 -0.6897 0.6690
vn 0.2132 -0.6881 0.6936
vn -0.2034 -0.7215 -0.6618
vn -0.2643 -0.7231 -0.6382
vn -0.0653 -0.7215 0.6893
vn -0.0000 -0.7231 0.6908
vn 0.3397 -0.6881 0.6412
vn -0.3241 -0.7215 -0.6119
vn -0.3241 -0.7215 -0.6118
vn -0.2771 -0.6897 0.6690
vn -0.3397 -0.6881 0.6412
vn 0.3241 -0.7215 -0.6118
vn 0.2643 -0.7231 -0.6382
vn -0.0684 -0.6881 -0.7224
vn 0.0653 -0.7215 0.6893
vn -0.2133 -0.6881 0.6936
vn 0.2034 -0.7215 -0.6619
vn 0.2034 -0.7215 -0.6618
vn -0.2771 -0.6897 -0.6690
vn -0.2132 -0.6881 -0.6936
vn 0.2034 -0.7215 0.6618
vn 0.2643 -0.7231 0.6382
vn -0.0000 1.0000 0.0002
vn -0.0684 -0.6881 0.7224
vn 0.0653 -0.7215 -0.6893
vn -0.3397 -0.6881 -0.6412
vn 0.3242 -0.7215 0.6119
vn 0.3241 -0.7215 0.6119
vn -0.7054 -0.0005 0.7088
vn -0.7055 0.0014 -0.7087
vn -0.0000 -0.7071 0.7071
vn -0.0000 -0.7071 -0.7071
vn 0.7054 -0.0005 0.7088
vn 0.7055 0.0014 -0.7087
vn -0.0000 -0.7072 0.7070
vn -0.0000 -0.7072 -0.7070
vn -0.0000 0.7072 0.7070
vn -0.0000 0.7072 -0.7070
vn -0.0000 -0.7072 -0.7071
vn -0.0000 -0.7072 0.7071
vn -0.0000 0.7072 0.7071
vn -0.0000 0.7072 -0.7071
vn -0.0000 0.7070 -0.7072
vn -0.0000 0.7071 -0.7072
vn -0.0000 -0.7071 0.7072
vn -0.0000 -0.7071 -0.7072
vn 0.6675 -0.1372 -0.7319
vn 0.6672 -0.0112 -0.7448
vn 0.6672 -0.0111 -0.7448
vn 0.6676 -0.1353 -0.7321
vn 0.7362 0.0116 0.6767
vn 0.7354 0.1355 0.6639
vn 0.7354 0.1361 0.6638
vn -0.7037 -0.0010 -0.7105
vn -0.7044 -0.1441 -0.6950
vn -0.7043 -0.1451 -0.6949
vn -0.7052 0.1531 0.6923
vn -0.7038 0.0028 0.7104
vn -0.7053 0.1507 0.6927
vn -0.6672 -0.0111 -0.7448
vn -0.6675 -0.1372 -0.7318
vn -0.6676 -0.1353 -0.7321
vn -0.7354 0.1355 0.6639
vn -0.7362 0.0117 0.6766
vn -0.7354 0.1361 0.6639
vn 0.7044 -0.1441 -0.6950
vn 0.7037 -0.0010 -0.7105
vn 0.7043 -0.1451 -0.6949
vn 0.7038 0.0028 0.7104
vn 0.7052 0.1531 0.6923
vn 0.7053 0.1507 0.6927
vn 0.7037 -0.0011 0.7105
vn 0.7038 0.0033 -0.7104
vn 0.7039 0.0033 -0.7103
vn 0.7038 0.0033 -0.7103
vn -0.7044 -0.1441 0.6950
vn -0.7043 -0.1451 0.6949
vn -0.7052 0.1530 -0.6923
vn -0.7053 0.1506 -0.6927
vn -0.0000 -0.7730 0.6344
vn -0.0000 -0.7729 0.6346
vn -0.0000 -0.7731 0.6343
vn -0.0000 -0.6344 -0.7730
vn -0.7037 -0.0011 0.7105
vn -0.7038 -0.0011 0.7104
vn -0.7038 0.0033 -0.7104
vn -0.7039 0.0033 -0.7103
vn 0.7044 -0.1441 0.6950
vn 0.7043 -0.1451 0.6949
vn 0.7052 0.1531 -0.6923
vn 0.7053 0.1507 -0.6927
vn -0.0000 0.4714 0.8819
vn -0.0000 0.8819 -0.4714
vn 0.6432 -0.3880 0.6601
vn 0.6554 -0.5340 0.5341
vn 0.6555 -0.5339 0.5341
vn 0.6433 -0.3880 0.6601
vn 0.7450 0.4716 -0.4717
vn 0.7330 0.3380 -0.5903
vn 0.7331 0.3380 -0.5902
vn 0.7450 0.4717 -0.4717
vn -0.6901 -0.2862 0.6647
vn -0.7044 -0.1442 0.6950
vn -0.7052 0.1532 -0.6923
vn -0.7142 0.4949 -0.4949
vn -0.7053 0.1507 -0.6927
vn -0.6555 -0.5340 0.5340
vn -0.6433 -0.3880 0.6600
vn -0.6432 -0.3880 0.6601
vn -0.6555 -0.5339 0.5341
vn -0.7331 0.3380 -0.5902
vn -0.7450 0.4717 -0.4717
vn -0.7330 0.3380 -0.5903
vn 0.7044 -0.1442 0.6950
vn 0.6901 -0.2862 0.6647
vn 0.6901 -0.2863 0.6647
vn 0.7142 0.4949 -0.4949
vn 0.7052 0.1532 -0.6923
vn 0.6555 -0.5341 0.5339
vn 0.6433 -0.6599 0.3881
vn 0.6433 -0.6601 0.3880
vn 0.7331 0.5902 -0.3380
vn 0.7330 0.5903 -0.3380
vn -0.7026 -0.6969 0.1439
vn -0.6901 -0.6647 0.2862
vn -0.7026 -0.6967 0.1447
vn -0.7035 0.6943 -0.1517
vn -0.7037 0.6946 -0.1494
vn -0.0000 -0.8819 -0.4715
vn -0.0000 -0.8819 -0.4714
vn -0.0000 0.4714 -0.8819
vn -0.6433 -0.6601 0.3880
vn -0.6554 -0.5341 0.5340
vn -0.7330 0.5902 -0.3380
vn -0.7330 0.5903 -0.3380
vn 0.6901 -0.6647 0.2862
vn 0.7026 -0.6969 0.1439
vn 0.7026 -0.6967 0.1448
vn 0.6902 -0.6647 0.2862
vn 0.7036 0.6942 -0.1517
vn 0.7036 0.6947 -0.1495
vn 0.6690 -0.7286 -0.1470
vn 0.6577 -0.7080 -0.2573
vn 0.6576 -0.7080 -0.2573
vn 0.6689 -0.7286 -0.1472
vn 0.7226 0.6399 0.2613
vn 0.7296 0.6681 0.1457
vn 0.7296 0.6685 0.1442
vn 0.7226 0.6400 0.2614
vn -0.6900 -0.6648 -0.2862
vn -0.7027 -0.6968 -0.1438
vn -0.7026 -0.6967 -0.1447
vn -0.6901 -0.6648 -0.2862
vn -0.7036 0.6942 0.1517
vn -0.7142 0.4949 0.4949
vn -0.7037 0.6946 0.1495
vn -0.0000 -0.1951 -0.9808
vn -0.0000 0.9808 -0.1951
vn -0.6576 -0.7081 -0.2573
vn -0.6689 -0.7287 -0.1470
vn -0.6689 -0.7286 -0.1472
vn -0.7297 0.6681 0.1457
vn -0.7225 0.6400 0.2614
vn -0.7226 0.6400 0.2614
vn -0.7297 0.6684 0.1442
vn 0.7026 -0.6969 -0.1438
vn 0.6902 -0.6647 -0.2862
vn 0.6901 -0.6647 -0.2862
vn 0.7026 -0.6967 -0.1447
vn 0.7142 0.4949 0.4949
vn 0.7035 0.6943 0.1517
vn 0.7037 0.6946 0.1494
vn -0.0000 -0.9808 -0.1948
vn -0.0000 -0.9808 -0.1950
vn -0.0000 -0.9808 -0.1951
vn -0.0000 -0.1951 0.9808
vn 0.6575 -0.2572 -0.7081
vn 0.6576 -0.2573 -0.7081
vn 0.7225 0.2614 0.6400
vn 0.7226 0.2614 0.6400
vn -0.7044 -0.1443 -0.6950
vn -0.6901 -0.2862 -0.6647
vn -0.7051 0.1532 0.6923
vn -0.6576 -0.2573 -0.7081
vn -0.7226 0.2613 0.6400
vn -0.7225 0.2614 0.6400
vn 0.6901 -0.2862 -0.6647
vn 0.7044 -0.1442 -0.6950
vn 0.7052 0.1532 0.6923
vn -0.0000 -0.6344 0.7730
vn -0.0000 0.7730 0.6344
vn 0.6718 -0.7399 -0.0352
vn 0.7262 0.6869 0.0274
vn 0.7263 0.6869 0.0274
vn -0.7026 -0.6969 -0.1437
vn -0.7027 -0.6968 0.1438
vn -0.7026 -0.6967 0.1446
vn -0.7026 -0.6967 -0.1446
vn -0.6718 -0.7399 -0.0352
vn -0.7263 0.6869 0.0274
vn -0.7262 0.6869 0.0274
vn 0.7026 -0.6969 0.1438
vn 0.7027 -0.6968 -0.1438
vn 0.7026 -0.6967 -0.1446
vn 0.7026 -0.6967 0.1446
vn -0.0000 0.0326 -0.9995
vn -0.4712 0.0292 -0.8816
vn 0.3091 0.0292 -0.9506
vn -0.0216 0.9998 -0.0000
vn -0.0711 0.9975 -0.0000
vn -0.4816 0.8764 -0.0000
vn -0.4542 0.8909 -0.0000
vn -0.3399 0.9405 -0.0000
vn -0.1693 0.9856 -0.0000
vn -0.4394 0.8983 -0.0000
vn -0.1831 0.9831 -0.0000
vn -0.3280 0.9447 -0.0000
vn -0.3281 0.9447 -0.0000
vn -0.8575 0.5145 -0.0000
vn -0.0000 -0.5145 0.8575
vn 0.8575 -0.5145 -0.0000
vn -0.0000 -0.5145 -0.8575
vn -0.8575 -0.5145 -0.0000
vn 0.8575 0.5145 -0.0000
vn -0.0000 0.5145 0.8575
vn -0.0000 0.5145 -0.8575
vn -0.0000 0.0165 -0.9999
vn 0.9999 0.0165 -0.0000
vn -0.9999 0.0165 -0.0000
vn -0.0000 0.0165 0.9999
vn 0.9995 0.0317 -0.0000
vn -0.9995 0.0317 -0.0000
vn 0.8613 0.5082 -0.0000
vn -0.4301 0.9028 -0.0000
vn -0.6629 0.7487 -0.0000
vn -0.8123 0.5833 -0.0000
vn -0.8123 0.5832 -0.0000
vn -0.9102 0.4142 -0.0000
vn -0.9556 0.2945 -0.0000
vn -0.9672 0.2540 -0.0000
vn 0.9952 -0.0000 -0.0980
vn 0.9970 -0.0000 -0.0775
vn -0.0000 0.6755 -0.7374
vn 0.7071 0.0001 -0.7071
vn 0.7072 -0.0000 -0.7071
vn -0.7072 -0.0000 -0.7071
vn -0.7072 -0.0000 0.7071
vn -0.0736 0.9973 -0.0000
vn -0.1962 0.9806 -0.0000
vn -0.1963 0.9805 -0.0000
vn 0.0216 0.9998 -0.0000
vn 0.0711 0.9975 -0.0000
vn 0.4816 0.8764 -0.0000
vn 0.4542 0.8909 -0.0000
vn 0.3399 0.9405 -0.0000
vn 0.1693 0.9856 -0.0000
vn 0.4394 0.8983 -0.0000
vn 0.1831 0.9831 -0.0000
vn 0.3281 0.9447 -0.0000
vn 0.3280 0.9447 -0.0000
vn -0.8613 0.5082 -0.0000
vn 0.4301 0.9028 -0.0000
vn 0.6629 0.7487 -0.0000
vn 0.8123 0.5833 -0.0000
vn 0.9102 0.4142 -0.0000
vn 0.8123 0.5832 -0.0000
vn 0.9556 0.2945 -0.0000
vn 0.9672 0.2540 -0.0000
vn -0.9952 -0.0000 -0.0980
vn -0.9970 -0.0000 -0.0775
vn 0.7072 -0.0000 0.7071
vn 0.0736 0.9973 -0.0000
vn 0.1962 0.9806 -0.0000
vn 0.1963 0.9805 -0.0000
vn 0.1191 0.9929 -0.0000
vn 0.1192 0.9929 -0.0000
vn -0.1191 -0.9929 -0.0000
vn -0.1192 -0.9929 -0.0000
vn 0.3739 -0.9275 -0.0000
vn -0.1192 0.9929 -0.0000
vn -0.1191 0.9929 -0.0000
vn 0.1191 -0.9929 -0.0000
vn 0.1192 -0.9929 -0.0000
vn -0.3739 -0.9275 -0.0000
vn -0.3739 0.9275 -0.0000
vn 0.3739 0.9275 -0.0000
vn -0.1672 0.4147 -0.8944
vn -0.1672 0.4148 -0.8944
vn -0.1673 -0.4149 -0.8944
vn -0.1672 -0.4148 -0.8944
vn -0.1672 -0.4147 -0.8944
vn 0.0533 0.4440 -0.8944
vn 0.0533 0.4441 -0.8944
vn 0.0533 -0.4441 -0.8944
vn 0.0533 -0.4438 -0.8945
vn 0.0533 -0.4442 -0.8943
vn 0.0533 -0.4442 -0.8944
vn 0.0533 -0.4440 -0.8944
vn 0.4474 -0.0000 -0.8943
vn 0.4472 -0.0000 -0.8944
vn -0.4474 -0.0000 -0.8944
vn -0.4472 -0.0000 -0.8944
vn -0.0533 0.4440 -0.8944
vn -0.0533 -0.4442 -0.8944
vn -0.0533 -0.4442 -0.8943
vn -0.0533 -0.4441 -0.8944
vn -0.0533 -0.4439 -0.8945
vn -0.0533 0.4441 -0.8944
vn -0.0533 -0.4440 -0.8944
vn 0.1672 0.4148 -0.8944
vn 0.1673 -0.4149 -0.8944
vn 0.1673 -0.4149 -0.8943
vn 0.1672 -0.4148 -0.8944
vn 0.8315 0.5556 -0.0000
vn 0.1951 0.9808 -0.0000
vn -0.9808 -0.1951 -0.0000
vn -0.8315 -0.5556 -0.0000
vn -0.1951 -0.9808 -0.0000
vn 0.9808 0.1951 -0.0000
vn 0.5556 0.8315 -0.0000
vn -0.5556 -0.8315 -0.0000
vn -0.9808 0.1951 -0.0000
vn 0.9808 -0.1951 -0.0000
vn 0.8315 -0.5556 -0.0000
vn -0.8315 0.5556 -0.0000
vn 0.5556 -0.8315 -0.0000
vn 0.1951 -0.9808 -0.0000
vn -0.1951 0.9808 -0.0000
vn 0.3827 0.9239 -0.0000
vn -0.5556 0.8315 -0.0000
vn -0.7071 -0.7071 -0.0000
vn -0.3827 0.9239 -0.0000
vn 0.7071 -0.7071 -0.0000
vn 0.6341 0.0292 -0.7727
vn -0.6341 0.0292 -0.7727
vn 0.0002 0.0328 -0.9995
vn -0.0001 0.0328 -0.9995
vn -0.0002 0.0328 -0.9995
vn 0.6344 -0.0000 -0.7730
vt 0.583461 0.955708
vt 0.591732 0.950126
vt 0.591732 0.955762
vt 0.347937 0.942482
vt 0.347800 0.941794
vt 0.348472 0.941794
vt 0.945575 0.042051
vt 0.948970 0.042051
vt 0.948962 0.043821
vt 0.952161 0.499315
vt 0.952168 0.501087
vt 0.948773 0.501087
vt 0.425822 0.917587
vt 0.425838 0.916037
vt 0.429233 0.916037
vt 0.952161 0.510692
vt 0.952151 0.512241
vt 0.948756 0.512241
vt 0.952173 0.507004
vt 0.952168 0.508923
vt 0.948773 0.508923
vt 0.425802 0.925271
vt 0.425800 0.923273
vt 0.429195 0.923273
vt 0.948976 0.040130
vt 0.948976 0.036135
vt 0.948977 0.038133
vt 0.945582 0.038133
vt 0.425822 0.928963
vt 0.425810 0.927192
vt 0.429205 0.927192
vt 0.952173 0.503009
vt 0.936629 0.257777
vt 0.936631 0.259774
vt 0.933236 0.259774
vt 0.350286 0.940133
vt 0.349598 0.940669
vt 0.349598 0.939996
vt 0.351395 0.941794
vt 0.351259 0.942482
vt 0.350723 0.941794
vt 0.347937 0.941106
vt 0.348910 0.943455
vt 0.349598 0.942919
vt 0.349598 0.943592
vt 0.948962 0.032444
vt 0.948970 0.034214
vt 0.945575 0.034214
vt 0.936610 0.265463
vt 0.936594 0.267015
vt 0.933199 0.267015
vt 0.351259 0.941106
vt 0.936629 0.261771
vt 0.936622 0.263692
vt 0.933227 0.263692
vt 0.555421 0.976721
vt 0.555421 0.977409
vt 0.554590 0.977065
vt 0.554934 0.977895
vt 0.554246 0.977895
vt 0.553760 0.977409
vt 0.553760 0.976721
vt 0.554246 0.976234
vt 0.554934 0.976234
vt 0.350286 0.943455
vt 0.348910 0.940133
vt 0.598730 0.976872
vt 0.598891 0.977030
vt 0.598730 0.977191
vt 0.599847 0.977029
vt 0.600007 0.976870
vt 0.600007 0.977189
vt 0.598303 0.977186
vt 0.598142 0.977029
vt 0.598303 0.976868
vt 0.600852 0.976870
vt 0.600852 0.977189
vt 0.600693 0.977029
vt 0.599584 0.977191
vt 0.599422 0.977030
vt 0.599584 0.976872
vt 0.600007 0.977189
vt 0.600007 0.976870
vt 0.600166 0.977029
vt 0.598303 0.976868
vt 0.598465 0.977029
vt 0.598303 0.977186
vt 0.601011 0.977029
vt 0.600852 0.977189
vt 0.600852 0.976870
vt 0.528008 0.976234
vt 0.528833 0.976234
vt 0.528421 0.977231
vt 0.529417 0.976818
vt 0.529417 0.977644
vt 0.528833 0.978227
vt 0.528008 0.978227
vt 0.527424 0.977643
vt 0.527424 0.976818
vt 0.533403 0.976818
vt 0.533403 0.977643
vt 0.532407 0.977231
vt 0.531994 0.976234
vt 0.532819 0.976234
vt 0.531410 0.976818
vt 0.531410 0.977643
vt 0.531994 0.978227
vt 0.532819 0.978227
vt 0.520036 0.978227
vt 0.519452 0.977644
vt 0.520449 0.977231
vt 0.519452 0.976818
vt 0.520036 0.976234
vt 0.520861 0.976234
vt 0.521445 0.976818
vt 0.521445 0.977643
vt 0.520861 0.978227
vt 0.523438 0.977643
vt 0.522854 0.978227
vt 0.522442 0.977231
vt 0.522854 0.976234
vt 0.523438 0.976818
vt 0.522029 0.976234
vt 0.521445 0.976818
vt 0.521445 0.977644
vt 0.522029 0.978227
vt 0.933199 0.252536
vt 0.936594 0.252536
vt 0.936610 0.254087
vt 0.425802 0.921276
vt 0.425810 0.919356
vt 0.429205 0.919356
vt 0.948950 0.045372
vt 0.945555 0.045372
vt 0.948756 0.497761
vt 0.952151 0.497761
vt 0.948779 0.505007
vt 0.952174 0.505006
vt 0.429233 0.930516
vt 0.425838 0.930516
vt 0.933227 0.255856
vt 0.936622 0.255856
vt 0.945555 0.030893
vt 0.948950 0.030893
vt 0.841194 0.313206
vt 0.837923 0.311277
vt 0.841194 0.305308
vt 0.854274 0.313203
vt 0.851004 0.307238
vt 0.854274 0.305308
vt 0.847734 0.313203
vt 0.844464 0.311273
vt 0.847734 0.305308
vt 0.834653 0.313206
vt 0.831382 0.307237
vt 0.834653 0.305308
vt 0.172985 0.664530
vt 0.171753 0.665353
vt 0.170300 0.661845
vt 0.170300 0.665642
vt 0.168847 0.665353
vt 0.167615 0.664530
vt 0.166792 0.663298
vt 0.166503 0.661845
vt 0.166792 0.660392
vt 0.167615 0.659161
vt 0.168847 0.658337
vt 0.170300 0.658048
vt 0.171753 0.658337
vt 0.172985 0.659161
vt 0.841193 0.313206
vt 0.841193 0.305308
vt 0.844464 0.311277
vt 0.854274 0.313203
vt 0.854274 0.305308
vt 0.857544 0.307238
vt 0.847734 0.313203
vt 0.847734 0.305308
vt 0.851004 0.311273
vt 0.834653 0.313206
vt 0.834653 0.305308
vt 0.837923 0.307237
vt 0.172985 0.664530
vt 0.175670 0.661845
vt 0.174217 0.665353
vt 0.175670 0.665642
vt 0.177123 0.665353
vt 0.178355 0.664530
vt 0.179178 0.663298
vt 0.179467 0.661845
vt 0.179178 0.660392
vt 0.178355 0.659161
vt 0.177123 0.658337
vt 0.175670 0.658048
vt 0.174217 0.658337
vt 0.172985 0.659161
vt 0.305926 0.850722
vt 0.305077 0.853161
vt 0.304228 0.850722
vt 0.517459 0.976234
vt 0.516610 0.978673
vt 0.515761 0.976234
vt 0.545287 0.978134
vt 0.546135 0.976234
vt 0.546984 0.978134
vt 0.231633 0.336079
vt 0.231446 0.337847
vt 0.230064 0.336729
vt 0.548682 0.978134
vt 0.546984 0.978134
vt 0.547833 0.976234
vt 0.558474 0.977201
vt 0.559965 0.976234
vt 0.559965 0.978012
vt 0.197214 0.490577
vt 0.197172 0.492274
vt 0.195632 0.491387
vt 0.194137 0.482771
vt 0.193526 0.481187
vt 0.195604 0.481295
vt 0.556982 0.977932
vt 0.555421 0.977083
vt 0.556982 0.976234
vt 0.556982 0.978012
vt 0.556982 0.976234
vt 0.558474 0.977045
vt 0.561457 0.976234
vt 0.561457 0.978012
vt 0.559965 0.977045
vt 0.562948 0.976234
vt 0.562948 0.978012
vt 0.561457 0.977045
vt 0.839533 0.648329
vt 0.851415 0.648329
vt 0.840437 0.652876
vt 0.953817 0.219454
vt 0.958364 0.230433
vt 0.949962 0.222030
vt 0.846868 0.659307
vt 0.851415 0.660212
vt 0.898453 0.488387
vt 0.898453 0.500269
vt 0.893905 0.489291
vt 0.843013 0.656731
vt 0.947386 0.225885
vt 0.958364 0.218550
vt 0.597735 0.888082
vt 0.609041 0.888082
vt 0.609041 0.899920
vt 0.597735 0.899920
vt 0.586430 0.899920
vt 0.575091 0.899920
vt 0.575091 0.888083
vt 0.586430 0.888082
vt 0.921721 0.797588
vt 0.933026 0.797588
vt 0.933026 0.885850
vt 0.921721 0.885850
vt 0.076133 0.944735
vt 0.076133 0.956573
vt 0.064793 0.956573
vt 0.064793 0.944735
vt 0.621425 0.469402
vt 0.632730 0.469402
vt 0.632730 0.480708
vt 0.621425 0.480708
vt 0.644035 0.469402
vt 0.644034 0.480708
vt 0.919860 0.397654
vt 0.931165 0.397654
vt 0.931165 0.485916
vt 0.919860 0.485916
vt 0.632729 0.492014
vt 0.621425 0.492014
vt 0.920923 0.660473
vt 0.932229 0.660473
vt 0.932229 0.748735
vt 0.920923 0.748735
vt 0.583461 0.938733
vt 0.591732 0.938787
vt 0.185614 0.936660
vt 0.197452 0.936660
vt 0.197452 0.947965
vt 0.185614 0.947965
vt 0.575091 0.799820
vt 0.586430 0.799820
vt 0.185614 0.925355
vt 0.197452 0.925355
vt 0.182012 0.635437
vt 0.182012 0.646743
vt 0.170707 0.646743
vt 0.170707 0.635437
vt 0.159402 0.646743
vt 0.159402 0.635437
vt 0.182012 0.658048
vt 0.170707 0.658048
vt 0.436008 0.956431
vt 0.437705 0.956431
vt 0.437705 0.974948
vt 0.436008 0.974948
vt 0.285761 0.805426
vt 0.283517 0.809020
vt 0.265000 0.809021
vt 0.265000 0.805427
vt 0.955664 0.621748
vt 0.953967 0.621748
vt 0.953967 0.603231
vt 0.955664 0.603231
vt 0.201291 0.972976
vt 0.199593 0.972976
vt 0.199593 0.954458
vt 0.201291 0.954458
vt 0.487166 0.979628
vt 0.485469 0.979600
vt 0.485469 0.976234
vt 0.487166 0.976262
vt 0.348802 0.942590
vt 0.348327 0.943065
vt 0.350393 0.940998
vt 0.350869 0.940523
vt 0.177011 0.976234
vt 0.177011 0.996591
vt 0.176375 0.996331
vt 0.176375 0.976238
vt 0.180189 0.976234
vt 0.180824 0.976237
vt 0.180824 0.996331
vt 0.180189 0.996592
vt 0.348327 0.940523
vt 0.348802 0.940998
vt 0.461765 0.976498
vt 0.462401 0.976234
vt 0.462401 0.985983
vt 0.461765 0.985983
vt 0.524091 0.976400
vt 0.523604 0.976887
vt 0.523438 0.976818
vt 0.524022 0.976234
vt 0.531244 0.977575
vt 0.531244 0.976887
vt 0.531410 0.976818
vt 0.531410 0.977644
vt 0.525597 0.977575
vt 0.526084 0.978061
vt 0.526015 0.978227
vt 0.525431 0.977643
vt 0.518112 0.978061
vt 0.518800 0.978061
vt 0.518868 0.978227
vt 0.518043 0.978227
vt 0.523604 0.977575
vt 0.523438 0.977643
vt 0.529583 0.976887
vt 0.529583 0.977575
vt 0.529417 0.977643
vt 0.529417 0.976818
vt 0.518111 0.976400
vt 0.517625 0.976887
vt 0.517459 0.976818
vt 0.518043 0.976234
vt 0.527258 0.976887
vt 0.526772 0.976400
vt 0.526840 0.976234
vt 0.527424 0.976818
vt 0.524091 0.978061
vt 0.524022 0.978227
vt 0.524779 0.978061
vt 0.525265 0.977575
vt 0.525431 0.977644
vt 0.524847 0.978227
vt 0.530758 0.976400
vt 0.530826 0.976234
vt 0.519286 0.977575
vt 0.519452 0.977643
vt 0.530070 0.978061
vt 0.530001 0.978227
vt 0.525265 0.976887
vt 0.525431 0.976818
vt 0.525597 0.976887
vt 0.525431 0.976818
vt 0.524779 0.976400
vt 0.524847 0.976234
vt 0.471934 0.976498
vt 0.472567 0.976234
vt 0.472567 0.985983
vt 0.471934 0.985984
vt 0.907344 0.068722
vt 0.907327 0.087682
vt 0.890353 0.087682
vt 0.890369 0.068722
vt 0.238042 0.786342
vt 0.238113 0.803160
vt 0.221138 0.803160
vt 0.221067 0.786342
vt 0.238113 0.877544
vt 0.238042 0.894331
vt 0.221067 0.894331
vt 0.221138 0.877544
vt 0.907327 0.049761
vt 0.890353 0.049762
vt 0.237947 0.771593
vt 0.220972 0.771593
vt 0.238156 0.859322
vt 0.221181 0.859322
vt 0.907277 0.031530
vt 0.890303 0.031530
vt 0.824501 0.887730
vt 0.824349 0.902465
vt 0.807375 0.902465
vt 0.807527 0.887730
vt 0.238171 0.840365
vt 0.221196 0.840365
vt 0.907196 0.014727
vt 0.890222 0.014727
vt 0.824615 0.870923
vt 0.807640 0.870923
vt 0.907087 -0.000000
vt 0.890112 -0.000000
vt 0.824684 0.852688
vt 0.807710 0.852687
vt 0.872984 0.014715
vt 0.873138 0.000000
vt 0.890112 -0.000000
vt 0.889958 0.014714
vt 0.824708 0.833726
vt 0.807734 0.833726
vt 0.872869 0.031507
vt 0.889843 0.031507
vt 0.824684 0.814767
vt 0.807710 0.814767
vt 0.872798 0.049733
vt 0.889772 0.049733
vt 0.824615 0.796539
vt 0.807640 0.796539
vt 0.872774 0.068691
vt 0.889748 0.068691
vt 0.824502 0.779742
vt 0.807527 0.779742
vt 0.872798 0.087654
vt 0.889772 0.087653
vt 0.824349 0.765022
vt 0.807375 0.765022
vt 0.872869 0.105891
vt 0.889843 0.105891
vt 0.907196 0.122716
vt 0.907087 0.137444
vt 0.890112 0.137444
vt 0.890222 0.122716
vt 0.872984 0.122703
vt 0.889958 0.122703
vt 0.907277 0.105914
vt 0.890303 0.105914
vt 0.238156 0.821401
vt 0.221181 0.821402
vt 0.873138 0.137444
vt 0.890112 0.137443
vt 0.237947 0.909037
vt 0.220972 0.909037
vt 0.704837 0.010497
vt 0.693907 0.017800
vt 0.692057 0.015547
vt 0.703463 0.007926
vt 0.433889 0.852189
vt 0.433878 0.865838
vt 0.429635 0.865838
vt 0.429645 0.852189
vt 0.788286 0.112180
vt 0.795589 0.101250
vt 0.798161 0.102624
vt 0.790540 0.114030
vt 0.716982 0.005466
vt 0.716136 0.002676
vt 0.778990 0.121476
vt 0.780840 0.123729
vt 0.729876 0.002902
vt 0.729590 0.000000
vt 0.768060 0.128779
vt 0.769434 0.131350
vt 0.743021 0.002902
vt 0.743307 0.000000
vt 0.755915 0.133810
vt 0.756761 0.136600
vt 0.755915 0.005466
vt 0.756761 0.002676
vt 0.743021 0.136374
vt 0.743307 0.139276
vt 0.768060 0.010497
vt 0.769434 0.007926
vt 0.729875 0.136374
vt 0.729590 0.139276
vt 0.778990 0.017800
vt 0.780840 0.015547
vt 0.716982 0.133810
vt 0.716136 0.136600
vt 0.788286 0.027096
vt 0.790540 0.025246
vt 0.704837 0.128779
vt 0.703462 0.131350
vt 0.795589 0.038027
vt 0.798161 0.036652
vt 0.669712 0.063065
vt 0.669712 0.076211
vt 0.666811 0.076497
vt 0.666811 0.062779
vt 0.693906 0.121475
vt 0.692057 0.123729
vt 0.800620 0.050172
vt 0.803410 0.049325
vt 0.672277 0.050172
vt 0.669487 0.049325
vt 0.684611 0.112180
vt 0.682357 0.114029
vt 0.803185 0.063065
vt 0.806086 0.062779
vt 0.677308 0.038026
vt 0.674736 0.036652
vt 0.677307 0.101249
vt 0.674736 0.102624
vt 0.803185 0.076211
vt 0.806086 0.076497
vt 0.684611 0.027096
vt 0.682357 0.025246
vt 0.672277 0.089104
vt 0.669487 0.089951
vt 0.800620 0.089104
vt 0.803410 0.089951
vt 0.888800 0.797720
vt 0.888859 0.809817
vt 0.884615 0.809817
vt 0.884557 0.797720
vt 0.433470 0.583877
vt 0.433388 0.595979
vt 0.429145 0.595979
vt 0.429226 0.583877
vt 0.888722 0.787116
vt 0.884478 0.787116
vt 0.433520 0.570748
vt 0.429276 0.570748
vt 0.194023 0.324884
vt 0.194134 0.314290
vt 0.198378 0.314290
vt 0.198267 0.324884
vt 0.433537 0.557096
vt 0.429293 0.557096
vt 0.193940 0.336975
vt 0.198184 0.336975
vt 0.433520 0.543445
vt 0.429276 0.543445
vt 0.193889 0.350097
vt 0.198133 0.350097
vt 0.433470 0.530321
vt 0.429226 0.530321
vt 0.193872 0.363747
vt 0.198116 0.363747
vt 0.433388 0.518227
vt 0.429145 0.518227
vt 0.193889 0.377400
vt 0.198133 0.377400
vt 0.433279 0.507629
vt 0.429035 0.507629
vt 0.193940 0.390531
vt 0.198184 0.390531
vt 0.888800 0.875471
vt 0.888722 0.886075
vt 0.884478 0.886075
vt 0.884557 0.875471
vt 0.194023 0.402636
vt 0.198267 0.402636
vt 0.888859 0.863374
vt 0.884615 0.863374
vt 0.433878 0.838535
vt 0.429635 0.838535
vt 0.194134 0.413249
vt 0.198378 0.413249
vt 0.888895 0.850247
vt 0.884651 0.850247
vt 0.433847 0.825401
vt 0.429603 0.825401
vt 0.433796 0.891044
vt 0.433727 0.901632
vt 0.429484 0.901632
vt 0.429552 0.891044
vt 0.888907 0.836595
vt 0.884663 0.836595
vt 0.433796 0.813292
vt 0.429552 0.813292
vt 0.433847 0.878957
vt 0.429603 0.878957
vt 0.888895 0.822944
vt 0.884651 0.822944
vt 0.433727 0.802673
vt 0.429484 0.802673
vt 0.433279 0.606588
vt 0.429035 0.606588
vt 0.328065 0.314190
vt 0.347117 0.314190
vt 0.346705 0.318376
vt 0.328478 0.318376
vt 0.633264 0.164408
vt 0.618108 0.174535
vt 0.601766 0.143960
vt 0.611270 0.137609
vt 0.565164 -0.000000
vt 0.583391 -0.000000
vt 0.579993 0.034502
vt 0.568562 0.034502
vt 0.601268 0.181510
vt 0.591205 0.148335
vt 0.601268 0.003556
vt 0.591205 0.036732
vt 0.515291 0.164408
vt 0.502402 0.151520
vt 0.529201 0.129526
vt 0.537284 0.137609
vt 0.583391 0.185066
vt 0.579993 0.150565
vt 0.547286 0.003556
vt 0.557350 0.036732
vt 0.646153 0.151520
vt 0.619354 0.129526
vt 0.530446 0.010531
vt 0.546789 0.041106
vt 0.656279 0.136364
vt 0.625704 0.120021
vt 0.515291 0.020658
vt 0.537284 0.047457
vt 0.663255 0.119524
vt 0.630079 0.109460
vt 0.502402 0.033547
vt 0.529201 0.055540
vt 0.666811 0.101647
vt 0.632309 0.098249
vt 0.492276 0.048702
vt 0.522850 0.065045
vt 0.666811 0.083420
vt 0.632309 0.086818
vt 0.485300 0.065542
vt 0.518476 0.075606
vt 0.663255 0.065542
vt 0.630079 0.075606
vt 0.481744 0.083419
vt 0.516246 0.086818
vt 0.656279 0.048702
vt 0.625704 0.065045
vt 0.530447 0.174535
vt 0.546789 0.143960
vt 0.481744 0.101647
vt 0.516246 0.098249
vt 0.646153 0.033547
vt 0.619353 0.055540
vt 0.547287 0.181510
vt 0.557350 0.148335
vt 0.485300 0.119524
vt 0.518476 0.109460
vt 0.633264 0.020658
vt 0.611270 0.047457
vt 0.565164 0.185066
vt 0.568562 0.150565
vt 0.492276 0.136364
vt 0.522851 0.120021
vt 0.618108 0.010531
vt 0.601766 0.041106
vt 0.716785 0.685035
vt 0.707281 0.678684
vt 0.712778 0.668398
vt 0.724184 0.676019
vt 0.674077 0.788142
vt 0.685508 0.788142
vt 0.686651 0.799749
vt 0.672934 0.799749
vt 0.696720 0.674309
vt 0.700105 0.663149
vt 0.696720 0.785912
vt 0.700105 0.797073
vt 0.685508 0.672079
vt 0.686651 0.660473
vt 0.707281 0.781538
vt 0.712778 0.791823
vt 0.674077 0.672079
vt 0.672934 0.660473
vt 0.716785 0.775187
vt 0.724184 0.784202
vt 0.662865 0.674309
vt 0.659480 0.663149
vt 0.724868 0.767104
vt 0.733884 0.774502
vt 0.652304 0.678684
vt 0.646807 0.668398
vt 0.731219 0.757599
vt 0.741505 0.763097
vt 0.642799 0.685035
vt 0.635401 0.676019
vt 0.735594 0.747038
vt 0.746754 0.750423
vt 0.610155 0.736969
vt 0.621761 0.735826
vt 0.623991 0.747038
vt 0.612831 0.750423
vt 0.634716 0.693118
vt 0.625701 0.685719
vt 0.737824 0.735826
vt 0.749430 0.736970
vt 0.628365 0.757599
vt 0.618080 0.763097
vt 0.628366 0.702622
vt 0.618080 0.697125
vt 0.737824 0.724395
vt 0.749430 0.723252
vt 0.634716 0.767104
vt 0.625701 0.774502
vt 0.623991 0.713184
vt 0.612831 0.709798
vt 0.735594 0.713184
vt 0.746754 0.709798
vt 0.642799 0.775187
vt 0.635401 0.784202
vt 0.621761 0.724395
vt 0.610155 0.723252
vt 0.731219 0.702623
vt 0.741505 0.697125
vt 0.652304 0.781538
vt 0.646806 0.791823
vt 0.724868 0.693118
vt 0.733884 0.685719
vt 0.662865 0.785912
vt 0.659480 0.797073
vt 0.639224 0.696817
vt 0.633508 0.705371
vt 0.018762 0.693978
vt 0.026845 0.685895
vt 0.030544 0.690402
vt 0.023270 0.697677
vt 0.646499 0.689542
vt 0.012411 0.703482
vt 0.017554 0.706231
vt 0.193526 0.481187
vt 0.193526 0.413291
vt 0.198378 0.413249
vt 0.198378 0.481145
vt 0.655053 0.683827
vt 0.720361 0.763404
vt 0.726077 0.754850
vt 0.054712 0.794846
vt 0.064793 0.794894
vt 0.064793 0.862793
vt 0.054712 0.862745
vt 0.653912 0.867717
vt 0.642534 0.867726
vt 0.642534 0.799827
vt 0.653912 0.799818
vt 0.664558 0.679889
vt 0.043773 0.794816
vt 0.043773 0.862715
vt 0.664857 0.867691
vt 0.664857 0.799792
vt 0.026845 0.776047
vt 0.018762 0.767964
vt 0.023270 0.764264
vt 0.030545 0.771539
vt 0.032397 0.794806
vt 0.032397 0.862705
vt 0.674948 0.867649
vt 0.674948 0.799750
vt 0.620226 0.867691
vt 0.610155 0.867648
vt 0.610155 0.799749
vt 0.620226 0.799791
vt 0.021020 0.794816
vt 0.021020 0.862715
vt 0.713086 0.770679
vt 0.631160 0.867717
vt 0.631160 0.799818
vt 0.010081 0.794846
vt 0.010081 0.862745
vt 0.674648 0.677882
vt 0.000000 0.794894
vt 0.000000 0.862793
vt 0.036350 0.782398
vt 0.039099 0.777255
vt 0.704532 0.776395
vt 0.684937 0.677882
vt 0.046911 0.786772
vt 0.048604 0.781192
vt 0.492114 0.867834
vt 0.492114 0.935730
vt 0.487264 0.935689
vt 0.487264 0.867793
vt 0.695027 0.780332
vt 0.100831 0.685895
vt 0.108914 0.693978
vt 0.104407 0.697677
vt 0.097132 0.690402
vt 0.695027 0.679889
vt 0.058123 0.789002
vt 0.058694 0.783199
vt 0.045215 0.792353
vt 0.033598 0.787541
vt 0.115265 0.703482
vt 0.113418 0.690279
vt 0.120404 0.700734
vt 0.005807 0.725255
vt 0.005807 0.736686
vt 0.000000 0.737258
vt 0.000000 0.724684
vt 0.023142 0.780555
vt 0.119640 0.714043
vt 0.125216 0.712351
vt 0.008037 0.714043
vt 0.002453 0.712351
vt 0.014251 0.771663
vt 0.121870 0.725255
vt 0.127669 0.724684
vt 0.007265 0.700734
vt 0.012411 0.758459
vt 0.007265 0.761208
vt 0.121870 0.736686
vt 0.127669 0.737258
vt 0.014251 0.690279
vt 0.008037 0.747898
vt 0.002453 0.749591
vt 0.119640 0.747898
vt 0.125216 0.749591
vt 0.023142 0.681387
vt 0.115265 0.758459
vt 0.120404 0.761208
vt 0.036350 0.679544
vt 0.033598 0.674401
vt 0.108914 0.767964
vt 0.113418 0.771663
vt 0.046911 0.675169
vt 0.045215 0.669589
vt 0.100831 0.776047
vt 0.104527 0.780555
vt 0.058123 0.672939
vt 0.057547 0.667136
vt 0.091326 0.782398
vt 0.094072 0.787541
vt 0.069554 0.672939
vt 0.070122 0.667136
vt 0.080765 0.786772
vt 0.082455 0.792353
vt 0.080765 0.675169
vt 0.082455 0.669589
vt 0.069554 0.789002
vt 0.070122 0.794806
vt 0.091326 0.679544
vt 0.094072 0.674401
vt 0.057548 0.794806
vt 0.104527 0.681387
vt 0.039099 0.684686
vt 0.104407 0.764264
vt 0.110122 0.755710
vt 0.048604 0.680749
vt 0.639224 0.763404
vt 0.646499 0.770679
vt 0.097132 0.771539
vt 0.947384 0.207255
vt 0.947384 0.275151
vt 0.942539 0.275109
vt 0.942539 0.207213
vt 0.058694 0.678742
vt 0.655053 0.776395
vt 0.088578 0.777255
vt 0.068982 0.678742
vt 0.664558 0.780332
vt 0.079073 0.781192
vt 0.720361 0.696817
vt 0.713086 0.689542
vt 0.942539 0.207213
vt 0.942539 0.139317
vt 0.947386 0.139276
vt 0.947386 0.207172
vt 0.079073 0.680749
vt 0.674648 0.782339
vt 0.068982 0.783199
vt 0.704532 0.683827
vt 0.088578 0.684686
vt 0.684936 0.782339
vt 0.525850 0.799864
vt 0.535695 0.799891
vt 0.535695 0.867790
vt 0.525850 0.867763
vt 0.473720 0.867731
vt 0.463483 0.867723
vt 0.463483 0.799823
vt 0.473720 0.799832
vt 0.556172 0.799891
vt 0.566018 0.799864
vt 0.566018 0.867763
vt 0.556172 0.867790
vt 0.443393 0.867754
vt 0.434311 0.867792
vt 0.434311 0.799893
vt 0.443393 0.799855
vt 0.516777 0.799820
vt 0.516777 0.867719
vt 0.483560 0.867755
vt 0.483560 0.799855
vt 0.545934 0.799900
vt 0.545934 0.867799
vt 0.453243 0.867731
vt 0.453243 0.799831
vt 0.492625 0.867793
vt 0.492625 0.799893
vt 0.575091 0.799820
vt 0.575091 0.867719
vt 0.683329 0.969704
vt 0.683329 0.955271
vt 0.685424 0.952965
vt 0.685424 0.972017
vt 0.214125 0.957668
vt 0.214125 0.972100
vt 0.212033 0.974001
vt 0.212033 0.955774
vt 0.501967 0.817430
vt 0.496557 0.835267
vt 0.494492 0.834858
vt 0.500023 0.816626
vt 0.906306 0.535580
vt 0.911717 0.517743
vt 0.913659 0.518549
vt 0.908368 0.535992
vt 0.959518 0.753032
vt 0.959518 0.799750
vt 0.956585 0.801845
vt 0.956585 0.750920
vt 0.642771 0.963956
vt 0.642771 0.917240
vt 0.645432 0.915149
vt 0.645432 0.966071
vt 0.824133 0.955431
vt 0.824133 0.969863
vt 0.822038 0.972175
vt 0.822038 0.953123
vt 0.002092 0.972181
vt 0.002092 0.957748
vt 0.004183 0.955852
vt 0.004183 0.974080
vt 0.955591 0.081745
vt 0.955591 0.035030
vt 0.958614 0.032936
vt 0.958614 0.083858
vt 0.962039 0.423552
vt 0.962039 0.376835
vt 0.964779 0.374738
vt 0.964779 0.425662
vt 0.709339 0.957140
vt 0.709339 0.971573
vt 0.707248 0.973884
vt 0.707248 0.954832
vt 0.258932 0.971342
vt 0.258932 0.956910
vt 0.261028 0.955014
vt 0.261028 0.973241
vt 0.338590 0.840869
vt 0.333179 0.823032
vt 0.335121 0.822228
vt 0.340652 0.840460
vt 0.403374 0.826824
vt 0.408785 0.844661
vt 0.406720 0.845073
vt 0.401429 0.827631
vt 0.953811 0.955285
vt 0.953811 0.908568
vt 0.956835 0.906458
vt 0.956835 0.957382
vt 0.964248 0.623843
vt 0.964249 0.670558
vt 0.961507 0.672670
vt 0.961507 0.621748
vt 0.560433 0.971169
vt 0.560433 0.956736
vt 0.562525 0.954427
vt 0.562525 0.973480
vt 0.930098 0.957453
vt 0.930098 0.971886
vt 0.928004 0.973784
vt 0.928004 0.955557
vt 0.956416 0.282281
vt 0.956416 0.235565
vt 0.959350 0.233449
vt 0.959350 0.284371
vt 0.965943 0.806704
vt 0.965942 0.853422
vt 0.963281 0.855533
vt 0.963281 0.804608
vt 0.242969 0.955186
vt 0.242969 0.969618
vt 0.240872 0.971928
vt 0.240872 0.952876
vt 0.629864 0.972694
vt 0.629864 0.958261
vt 0.631954 0.956364
vt 0.631954 0.974591
vt 0.270608 0.943079
vt 0.270594 0.924526
vt 0.272714 0.924119
vt 0.272728 0.943082
vt 0.960873 0.227298
vt 0.960856 0.208748
vt 0.962979 0.208748
vt 0.962995 0.226888
vt 0.969769 0.286503
vt 0.969769 0.333218
vt 0.967458 0.335295
vt 0.967458 0.284373
vt 0.972056 0.908578
vt 0.972056 0.955296
vt 0.969963 0.957382
vt 0.969963 0.906458
vt 0.370195 0.969439
vt 0.370195 0.955074
vt 0.372315 0.952575
vt 0.372315 0.971539
vt 0.900476 0.956581
vt 0.900476 0.970944
vt 0.898354 0.973036
vt 0.898354 0.954896
vt 0.372315 0.967181
vt 0.372315 0.920463
vt 0.374815 0.918374
vt 0.374815 0.969299
vt 0.972011 0.436874
vt 0.972010 0.483590
vt 0.969743 0.485671
vt 0.969743 0.434749
vt 0.703810 0.969688
vt 0.703810 0.955255
vt 0.705905 0.952948
vt 0.705905 0.972000
vt 0.974113 0.414824
vt 0.974113 0.429257
vt 0.972021 0.431157
vt 0.972021 0.412929
vt 0.494730 0.853817
vt 0.492625 0.853818
vt 0.904479 0.554130
vt 0.906582 0.554131
vt 0.956894 0.857640
vt 0.956894 0.904358
vt 0.953812 0.906458
vt 0.953812 0.855533
vt 0.959742 0.137167
vt 0.959741 0.090452
vt 0.962536 0.088354
vt 0.962536 0.139276
vt 0.815755 0.955431
vt 0.815755 0.969864
vt 0.813660 0.972175
vt 0.813660 0.953123
vt 0.004184 0.972181
vt 0.004184 0.957748
vt 0.006275 0.955852
vt 0.006275 0.974080
vt 0.952551 0.670565
vt 0.952551 0.623850
vt 0.955664 0.621748
vt 0.955664 0.672671
vt 0.957287 0.745369
vt 0.957288 0.698652
vt 0.960109 0.696550
vt 0.960109 0.747474
vt 0.715171 0.957141
vt 0.715171 0.971573
vt 0.713081 0.973884
vt 0.713081 0.954832
vt 0.501059 0.971337
vt 0.501059 0.956905
vt 0.503155 0.955009
vt 0.503155 0.973236
vt 0.324393 0.806593
vt 0.326140 0.805426
vt 0.394587 0.810385
vt 0.392837 0.811556
vt 0.959318 0.483585
vt 0.959318 0.436867
vt 0.962136 0.434752
vt 0.962136 0.485676
vt 0.966831 0.571885
vt 0.966832 0.618600
vt 0.964276 0.620719
vt 0.964276 0.569797
vt 0.917655 0.971242
vt 0.917654 0.956809
vt 0.919746 0.954500
vt 0.919746 0.973552
vt 0.925910 0.957453
vt 0.925910 0.971886
vt 0.923815 0.973784
vt 0.923815 0.955557
vt 0.962537 0.188115
vt 0.962537 0.141399
vt 0.965210 0.139276
vt 0.965210 0.190198
vt 0.469580 0.917327
vt 0.469580 0.964044
vt 0.467154 0.966159
vt 0.467154 0.915234
vt 0.247163 0.955185
vt 0.247163 0.969618
vt 0.245066 0.971928
vt 0.245066 0.952876
vt 0.230705 0.972564
vt 0.230705 0.958131
vt 0.232795 0.956235
vt 0.232795 0.974462
vt 0.889841 0.904407
vt 0.898628 0.887968
vt 0.900573 0.888774
vt 0.891592 0.905577
vt 0.421146 0.899598
vt 0.412359 0.916037
vt 0.410612 0.914870
vt 0.419204 0.898794
vt 0.965009 0.753044
vt 0.965009 0.799759
vt 0.962334 0.801843
vt 0.962334 0.750920
vt 0.969228 0.623865
vt 0.969228 0.670582
vt 0.966805 0.672673
vt 0.966805 0.621748
vt 0.677043 0.969707
vt 0.677043 0.955274
vt 0.679138 0.952965
vt 0.679138 0.972017
vt 0.223063 0.958132
vt 0.223063 0.972564
vt 0.220972 0.974462
vt 0.220972 0.956235
vt 0.959658 0.955269
vt 0.959658 0.908551
vt 0.962473 0.906458
vt 0.962473 0.957383
vt 0.967430 0.487795
vt 0.967429 0.534510
vt 0.964877 0.536598
vt 0.964877 0.485676
vt 0.697522 0.969688
vt 0.697522 0.955256
vt 0.699618 0.952948
vt 0.699618 0.972000
vt 0.180280 0.957834
vt 0.180280 0.972266
vt 0.178189 0.974166
vt 0.178189 0.955938
vt 0.496557 0.872366
vt 0.494492 0.872778
vt 0.906306 0.572680
vt 0.908368 0.572271
vt 0.240300 0.579811
vt 0.240300 0.626529
vt 0.237186 0.628633
vt 0.237186 0.577708
vt 0.957664 0.853429
vt 0.957664 0.806714
vt 0.960486 0.804608
vt 0.960486 0.855531
vt 0.811565 0.955431
vt 0.811565 0.969864
vt 0.809470 0.972175
vt 0.809470 0.953123
vt 0.171916 0.972267
vt 0.171916 0.957835
vt 0.174007 0.955938
vt 0.174007 0.974166
vt 0.953199 0.423562
vt 0.953199 0.376847
vt 0.956283 0.374738
vt 0.956283 0.425660
vt 0.960486 0.853433
vt 0.960486 0.806715
vt 0.963281 0.855533
vt 0.690951 0.957158
vt 0.690951 0.971591
vt 0.688861 0.973901
vt 0.688861 0.954849
vt 0.498962 0.971338
vt 0.498962 0.956906
vt 0.501059 0.955009
vt 0.501059 0.973236
vt 0.959150 0.374327
vt 0.959166 0.355777
vt 0.961289 0.355777
vt 0.961272 0.374738
vt 0.961289 0.355364
vt 0.961303 0.336817
vt 0.963423 0.337231
vt 0.963409 0.355367
vt 0.965210 0.137189
vt 0.965210 0.090472
vt 0.967713 0.088352
vt 0.967713 0.139276
vt 0.970715 0.806690
vt 0.970716 0.853405
vt 0.968444 0.855530
vt 0.968444 0.804608
vt 0.724422 0.968689
vt 0.724422 0.954326
vt 0.726545 0.952231
vt 0.726545 0.971191
vt 0.494745 0.971050
vt 0.494745 0.956689
vt 0.496865 0.955008
vt 0.496865 0.973145
vt 0.967691 0.904378
vt 0.967691 0.857663
vt 0.969999 0.855533
vt 0.969999 0.906455
vt 0.971866 0.286461
vt 0.971866 0.333179
vt 0.969769 0.335297
vt 0.969769 0.284373
vt 0.697522 0.955256
vt 0.697522 0.969689
vt 0.695425 0.972000
vt 0.695425 0.952948
vt 0.223063 0.972563
vt 0.223063 0.958131
vt 0.225153 0.956235
vt 0.225153 0.974462
vt 0.904039 0.870131
vt 0.906103 0.870543
vt 0.426557 0.881761
vt 0.424495 0.881352
vt 0.959219 0.376854
vt 0.959219 0.423570
vt 0.956283 0.425660
vt 0.956283 0.374738
vt 0.449092 0.917328
vt 0.449092 0.964045
vt 0.446432 0.966140
vt 0.446432 0.915216
vt 0.679138 0.969706
vt 0.679138 0.955274
vt 0.681234 0.952965
vt 0.681234 0.972017
vt 0.176098 0.957835
vt 0.176098 0.972267
vt 0.174007 0.974166
vt 0.174007 0.955938
vt 0.955664 0.670564
vt 0.955664 0.623846
vt 0.958687 0.621748
vt 0.958687 0.672673
vt 0.964877 0.487788
vt 0.964876 0.534504
vt 0.962137 0.536598
vt 0.962137 0.485676
vt 0.250601 0.969617
vt 0.250601 0.955185
vt 0.252697 0.952876
vt 0.252697 0.971928
vt 0.227243 0.958131
vt 0.227243 0.972563
vt 0.225153 0.974462
vt 0.225153 0.956235
vt 0.501967 0.890203
vt 0.500023 0.891010
vt 0.911717 0.590517
vt 0.913659 0.589713
vt 0.867160 0.896360
vt 0.867160 0.943078
vt 0.864135 0.945188
vt 0.864135 0.894263
vt 0.962137 0.483579
vt 0.962136 0.436864
vt 0.964877 0.434752
vt 0.964877 0.485674
vt 0.683329 0.955274
vt 0.683329 0.969706
vt 0.681233 0.972017
vt 0.681233 0.952965
vt 0.176098 0.972267
vt 0.176098 0.957835
vt 0.178189 0.955938
vt 0.178189 0.974166
vt 0.955724 0.618629
vt 0.955724 0.571914
vt 0.958660 0.569797
vt 0.958660 0.620719
vt 0.449092 0.964045
vt 0.449093 0.917328
vt 0.451753 0.915216
vt 0.451753 0.966140
vt 0.690951 0.971591
vt 0.693041 0.954849
vt 0.693041 0.973901
vt 0.498962 0.956906
vt 0.498962 0.971338
vt 0.496865 0.973236
vt 0.496865 0.955009
vt 0.959150 0.337228
vt 0.961272 0.336817
vt 0.961303 0.373917
vt 0.963423 0.373510
vt 0.970021 0.090482
vt 0.970021 0.137197
vt 0.967713 0.139274
vt 0.967713 0.088352
vt 0.970350 0.745356
vt 0.970350 0.698638
vt 0.972440 0.696550
vt 0.972440 0.747474
vt 0.431606 0.954652
vt 0.431606 0.969015
vt 0.429484 0.971517
vt 0.429484 0.952556
vt 0.492625 0.971462
vt 0.492625 0.957097
vt 0.494745 0.955008
vt 0.494745 0.973151
vt 0.967713 0.141396
vt 0.967713 0.188113
vt 0.965209 0.190200
vt 0.965209 0.139276
vt 0.969228 0.670546
vt 0.969229 0.623831
vt 0.971499 0.621748
vt 0.971499 0.672671
vt 0.701714 0.955256
vt 0.701714 0.969688
vt 0.699618 0.972000
vt 0.699618 0.952948
vt 0.180280 0.972266
vt 0.180280 0.957834
vt 0.182370 0.955938
vt 0.182370 0.974166
vt 0.905866 0.851581
vt 0.907971 0.851582
vt 0.428384 0.863211
vt 0.426282 0.863213
vt 0.956283 0.427769
vt 0.956283 0.474485
vt 0.953199 0.476582
vt 0.953199 0.425660
vt 0.962904 0.698657
vt 0.962904 0.745374
vt 0.960109 0.747474
vt 0.811565 0.969864
vt 0.811565 0.955431
vt 0.813660 0.953123
vt 0.813660 0.972175
vt 0.171916 0.957835
vt 0.171916 0.972267
vt 0.169825 0.974166
vt 0.169825 0.955938
vt 0.951527 0.853428
vt 0.951527 0.806710
vt 0.954641 0.804608
vt 0.954641 0.855533
vt 0.961482 0.571902
vt 0.961482 0.618618
vt 0.958660 0.620719
vt 0.958660 0.569797
vt 0.247163 0.969618
vt 0.247163 0.955185
vt 0.249260 0.952876
vt 0.249260 0.971928
vt 0.229333 0.958131
vt 0.229333 0.972564
vt 0.227243 0.974462
vt 0.227243 0.956235
vt 0.510754 0.906642
vt 0.509004 0.907812
vt 0.920504 0.606955
vt 0.922252 0.605788
vt 0.961507 0.623841
vt 0.961507 0.670559
vt 0.958687 0.672673
vt 0.958687 0.621748
vt 0.964877 0.483586
vt 0.964876 0.436871
vt 0.967430 0.434752
vt 0.967430 0.485674
vt 0.677043 0.955274
vt 0.677043 0.969707
vt 0.674948 0.972017
vt 0.674948 0.952965
vt 0.571546 0.972363
vt 0.571546 0.957930
vt 0.573637 0.956033
vt 0.573637 0.974261
vt 0.962168 0.282288
vt 0.962168 0.235573
vt 0.964844 0.233449
vt 0.964844 0.284371
vt 0.966832 0.618631
vt 0.966832 0.571913
vt 0.969255 0.569797
vt 0.969255 0.620721
vt 0.686771 0.971590
vt 0.686771 0.957158
vt 0.688861 0.954849
vt 0.688861 0.973901
vt 0.258932 0.956910
vt 0.258932 0.971343
vt 0.256835 0.973241
vt 0.256835 0.955014
vt 0.375062 0.811553
vt 0.366275 0.827992
vt 0.364333 0.827188
vt 0.373314 0.810386
vt 0.382300 0.826824
vt 0.391086 0.810386
vt 0.392837 0.811556
vt 0.384244 0.827631
vt 0.965209 0.090478
vt 0.965209 0.137193
vt 0.962537 0.139276
vt 0.962537 0.088354
vt 0.967398 0.282258
vt 0.967398 0.235541
vt 0.969819 0.233449
vt 0.969819 0.284373
vt 0.326484 0.956944
vt 0.326484 0.971376
vt 0.324393 0.973687
vt 0.324393 0.954635
vt 0.921721 0.971886
vt 0.921721 0.957454
vt 0.923815 0.955557
vt 0.923815 0.973784
vt 0.962168 0.235564
vt 0.962168 0.282281
vt 0.959350 0.284373
vt 0.959350 0.233449
vt 0.390282 0.964840
vt 0.390283 0.918125
vt 0.392837 0.916037
vt 0.392837 0.966959
vt 0.703810 0.955255
vt 0.703810 0.969687
vt 0.701714 0.972000
vt 0.701714 0.952948
vt 0.008366 0.972179
vt 0.008366 0.957747
vt 0.010458 0.955852
vt 0.010458 0.974080
vt 0.904039 0.833031
vt 0.906103 0.832622
vt 0.426557 0.844661
vt 0.424495 0.845073
vt 0.955591 0.035037
vt 0.955591 0.081753
vt 0.952478 0.083858
vt 0.952478 0.032936
vt 0.959741 0.090454
vt 0.959741 0.137171
vt 0.956919 0.139276
vt 0.956919 0.088352
vt 0.815755 0.969864
vt 0.815755 0.955431
vt 0.817850 0.953123
vt 0.817850 0.972175
vt 0.008366 0.957748
vt 0.008366 0.972181
vt 0.006275 0.974080
vt 0.006275 0.955852
vt 0.571546 0.953933
vt 0.571546 0.907216
vt 0.574630 0.905108
vt 0.574630 0.956033
vt 0.962537 0.141374
vt 0.962536 0.188089
vt 0.959741 0.190198
vt 0.959741 0.139276
vt 0.242969 0.969618
vt 0.242969 0.955186
vt 0.245066 0.952876
vt 0.245066 0.971928
vt 0.629864 0.958261
vt 0.629864 0.972694
vt 0.627774 0.974591
vt 0.627774 0.956364
vt 0.270594 0.961625
vt 0.272714 0.962039
vt 0.960873 0.190198
vt 0.962995 0.190609
vt 0.967516 0.753009
vt 0.967516 0.799727
vt 0.965009 0.801845
vt 0.965009 0.750920
vt 0.969743 0.534516
vt 0.969742 0.487801
vt 0.972010 0.485676
vt 0.972010 0.536598
vt 0.368075 0.969027
vt 0.368075 0.954666
vt 0.370195 0.952575
vt 0.370195 0.971532
vt 0.896231 0.970944
vt 0.896231 0.956581
vt 0.898354 0.954896
vt 0.898354 0.973036
vt 0.967430 0.534522
vt 0.967430 0.487806
vt 0.969742 0.485676
vt 0.969742 0.536598
vt 0.969999 0.904371
vt 0.969999 0.857653
vt 0.972093 0.855533
vt 0.972093 0.906457
vt 0.709339 0.971573
vt 0.709339 0.957141
vt 0.711429 0.954832
vt 0.711429 0.973885
vt 0.263125 0.956910
vt 0.263125 0.971342
vt 0.261028 0.973241
vt 0.261028 0.955014
vt 0.360864 0.845829
vt 0.358802 0.845420
vt 0.376889 0.844661
vt 0.378953 0.845073
vt 0.959350 0.286490
vt 0.959350 0.333205
vt 0.956416 0.335295
vt 0.956416 0.284373
vt 0.964230 0.081750
vt 0.964230 0.035032
vt 0.966889 0.032936
vt 0.966889 0.083861
vt 0.199544 0.956767
vt 0.199544 0.971200
vt 0.197452 0.973510
vt 0.197452 0.954458
vt 0.925910 0.971886
vt 0.925910 0.957453
vt 0.928004 0.955557
vt 0.928004 0.973784
vt 0.957287 0.698660
vt 0.957287 0.745377
vt 0.954264 0.747474
vt 0.954264 0.696550
vt 0.336513 0.962225
vt 0.336514 0.915509
vt 0.339254 0.913414
vt 0.339254 0.964337
vt 0.809470 0.955429
vt 0.809470 0.969862
vt 0.807375 0.972175
vt 0.807375 0.953123
vt 0.209941 0.972101
vt 0.209941 0.957668
vt 0.212033 0.955774
vt 0.212033 0.974001
vt 0.898628 0.815194
vt 0.900573 0.814390
vt 0.421146 0.826824
vt 0.419204 0.827631
vt 0.957664 0.806702
vt 0.957664 0.853418
vt 0.954641 0.855531
vt 0.954641 0.804608
vt 0.342519 0.915512
vt 0.342519 0.962229
vt 0.339779 0.964339
vt 0.339779 0.913415
vt 0.824133 0.969863
vt 0.824133 0.955431
vt 0.826227 0.953123
vt 0.826227 0.972175
vt 0.002092 0.957748
vt 0.002092 0.972181
vt 0.000000 0.974080
vt -0.000000 0.955852
vt 0.941369 0.538028
vt 0.941369 0.491311
vt 0.944306 0.489199
vt 0.944306 0.540124
vt 0.642557 0.917240
vt 0.642557 0.963956
vt 0.639896 0.966071
vt 0.639896 0.915149
vt 0.332758 0.971374
vt 0.332758 0.956942
vt 0.334848 0.954634
vt 0.334848 0.973686
vt 0.267317 0.956909
vt 0.267317 0.971342
vt 0.265221 0.973241
vt 0.265221 0.955014
vt 0.359037 0.864379
vt 0.356935 0.864380
vt 0.375062 0.863211
vt 0.377167 0.863213
vt 0.956585 0.753030
vt 0.956585 0.799745
vt 0.953501 0.801842
vt 0.953501 0.750920
vt 0.961483 0.618615
vt 0.961482 0.571897
vt 0.964276 0.569797
vt 0.964276 0.620722
vt 0.560433 0.956736
vt 0.560433 0.971169
vt 0.558341 0.973480
vt 0.558341 0.954428
vt 0.930569 0.971885
vt 0.930569 0.957453
vt 0.932663 0.955557
vt 0.932663 0.973784
vt 0.432597 0.903737
vt 0.432597 0.950454
vt 0.429484 0.952556
vt 0.429484 0.901632
vt 0.956919 0.188093
vt 0.956920 0.141377
vt 0.959742 0.139276
vt 0.959742 0.190198
vt 0.822038 0.955429
vt 0.822038 0.969862
vt 0.819944 0.972175
vt 0.819944 0.953123
vt 0.203665 0.972100
vt 0.203665 0.957668
vt 0.205757 0.955774
vt 0.205757 0.974001
vt 0.889841 0.798756
vt 0.891592 0.797588
vt 0.412359 0.810386
vt 0.410612 0.811556
vt 0.962167 0.286459
vt 0.962167 0.333175
vt 0.959350 0.335295
vt 0.959350 0.284373
vt 0.967397 0.235541
vt 0.967398 0.282258
vt 0.964844 0.284373
vt 0.964844 0.233449
vt 0.826227 0.969863
vt 0.826227 0.955431
vt 0.828321 0.953123
vt 0.828321 0.972175
vt 0.207849 0.957669
vt 0.207849 0.972102
vt 0.205757 0.974001
vt 0.205757 0.955774
vt 0.182938 0.947070
vt 0.182938 0.900352
vt 0.185614 0.898236
vt 0.185614 0.949161
vt 0.534416 0.917328
vt 0.534416 0.964043
vt 0.531991 0.966165
vt 0.531991 0.915243
vt 0.328576 0.971374
vt 0.328576 0.956942
vt 0.330667 0.954634
vt 0.330667 0.973686
vt 0.624558 0.957011
vt 0.624558 0.971443
vt 0.622463 0.973343
vt 0.622463 0.955116
vt 0.360864 0.882928
vt 0.358802 0.883340
vt 0.376889 0.881761
vt 0.378953 0.881352
vt 0.901865 0.442935
vt 0.901865 0.489650
vt 0.898751 0.491755
vt 0.898751 0.440833
vt 0.956836 0.955280
vt 0.956835 0.908562
vt 0.959658 0.906458
vt 0.959658 0.957382
vt 0.556249 0.956736
vt 0.556249 0.971168
vt 0.554156 0.973480
vt 0.554156 0.954428
vt 0.940848 0.971971
vt 0.940848 0.957538
vt 0.942942 0.955642
vt 0.942942 0.973870
vt 0.956383 0.487775
vt 0.956383 0.534493
vt 0.953300 0.536600
vt 0.953300 0.485676
vt 0.512910 0.961907
vt 0.512911 0.915192
vt 0.515705 0.913083
vt 0.515705 0.964006
vt 0.879949 0.956359
vt 0.879949 0.970792
vt 0.877855 0.973105
vt 0.877855 0.954053
vt 0.587647 0.972088
vt 0.587647 0.957656
vt 0.589740 0.955762
vt 0.589740 0.973989
vt 0.958703 0.227710
vt 0.958726 0.209159
vt 0.960856 0.209157
vt 0.960833 0.228119
vt 0.575091 0.886351
vt 0.575068 0.904899
vt 0.572938 0.904486
vt 0.572961 0.886349
vt 0.968078 0.698630
vt 0.968078 0.745345
vt 0.965575 0.747472
vt 0.965575 0.696550
vt 0.971524 0.571885
vt 0.971524 0.618602
vt 0.969255 0.620721
vt 0.969255 0.569797
vt 0.720162 0.968692
vt 0.720162 0.954328
vt 0.722292 0.952231
vt 0.722292 0.971192
vt 0.891972 0.956989
vt 0.891972 0.971351
vt 0.889841 0.973034
vt 0.889841 0.954896
vt 0.967430 0.483587
vt 0.967430 0.436869
vt 0.969743 0.434749
vt 0.969743 0.485674
vt 0.971914 0.235527
vt 0.971914 0.282243
vt 0.969819 0.284370
vt 0.969819 0.233448
vt 0.915563 0.971239
vt 0.915563 0.956807
vt 0.917654 0.954500
vt 0.917654 0.973552
vt 0.730030 0.957105
vt 0.730030 0.971538
vt 0.727935 0.973438
vt 0.727935 0.955211
vt 0.366275 0.900765
vt 0.364333 0.901572
vt 0.382300 0.899598
vt 0.384244 0.898794
vt 0.956919 0.141370
vt 0.956919 0.188085
vt 0.953895 0.190198
vt 0.953895 0.139276
vt 0.607374 0.948747
vt 0.607373 0.902029
vt 0.610115 0.899920
vt 0.610115 0.950845
vt 0.485007 0.956461
vt 0.485007 0.970894
vt 0.482915 0.973205
vt 0.482915 0.954153
vt 0.947129 0.971971
vt 0.947129 0.957538
vt 0.949223 0.955642
vt 0.949223 0.973870
vt 0.959318 0.487770
vt 0.959318 0.534487
vt 0.956383 0.536600
vt 0.956383 0.485676
vt 0.549197 0.917308
vt 0.549197 0.964024
vt 0.546538 0.966139
vt 0.546538 0.915217
vt 0.884135 0.956359
vt 0.884135 0.970792
vt 0.882042 0.973105
vt 0.882042 0.954053
vt 0.934757 0.971883
vt 0.934757 0.957451
vt 0.936851 0.955557
vt 0.936851 0.973784
vt 0.958703 0.190610
vt 0.960833 0.190198
vt 0.575068 0.867799
vt 0.572938 0.868207
vt 0.967516 0.799722
vt 0.967516 0.753005
vt 0.969826 0.750920
vt 0.969826 0.801845
vt 0.970021 0.137146
vt 0.970021 0.090431
vt 0.972112 0.088352
vt 0.972112 0.139274
vt 0.722292 0.969095
vt 0.722292 0.954733
vt 0.724422 0.952231
vt 0.724422 0.971190
vt 0.695171 0.956537
vt 0.695171 0.970902
vt 0.693041 0.972991
vt 0.693041 0.954849
vt 0.965186 0.904329
vt 0.965186 0.857613
vt 0.967691 0.855533
vt 0.967691 0.906455
vt 0.972021 0.376855
vt 0.972021 0.423572
vt 0.969755 0.425663
vt 0.969755 0.374738
vt 0.487100 0.970892
vt 0.487100 0.956460
vt 0.489192 0.954153
vt 0.489192 0.973205
vt 0.111361 0.957324
vt 0.111361 0.971757
vt 0.109266 0.973657
vt 0.109266 0.955430
vt 0.375062 0.917204
vt 0.373314 0.918374
vt 0.391086 0.916037
vt 0.392837 0.914869
vt 0.962038 0.376824
vt 0.962038 0.423539
vt 0.959219 0.425660
vt 0.959219 0.374738
vt 0.964249 0.670579
vt 0.964249 0.623861
vt 0.966805 0.621749
vt 0.966805 0.672673
vt 0.889678 0.956361
vt 0.889678 0.970793
vt 0.887585 0.973105
vt 0.887585 0.954053
vt 0.950578 0.971970
vt 0.950578 0.957538
vt 0.952671 0.955642
vt 0.952671 0.973870
vt 0.965147 0.908547
vt 0.965147 0.955264
vt 0.962473 0.957382
vt 0.969311 0.035021
vt 0.969311 0.081737
vt 0.966889 0.083858
vt 0.966889 0.032936
vt 0.491285 0.956460
vt 0.491285 0.970892
vt 0.489192 0.973205
vt 0.111361 0.971757
vt 0.111361 0.957324
vt 0.113455 0.955430
vt 0.113455 0.973657
vt 0.324393 0.912244
vt 0.333179 0.895806
vt 0.335121 0.896612
vt 0.326140 0.913415
vt 0.403374 0.899598
vt 0.394587 0.916037
vt 0.392837 0.914869
vt 0.401429 0.898794
vt 0.962512 0.904339
vt 0.962512 0.857622
vt 0.965186 0.855533
vt 0.965186 0.906457
vt 0.967333 0.423538
vt 0.967333 0.376823
vt 0.969755 0.374738
vt 0.969755 0.425660
vt 0.884135 0.970793
vt 0.884135 0.956361
vt 0.886228 0.954053
vt 0.886228 0.973105
vt 0.585554 0.957657
vt 0.585554 0.972090
vt 0.583461 0.973989
vt 0.583461 0.955762
vt 0.959318 0.534478
vt 0.959318 0.487763
vt 0.962137 0.536598
vt 0.967458 0.286486
vt 0.967458 0.333204
vt 0.964906 0.335298
vt 0.964906 0.284373
vt 0.879948 0.970792
vt 0.879948 0.956359
vt 0.882042 0.954053
vt 0.882042 0.973105
vt 0.939417 0.957451
vt 0.939417 0.971883
vt 0.937323 0.973784
vt 0.937323 0.955557
vt 0.959150 0.337230
vt 0.959126 0.355778
vt 0.956996 0.355775
vt 0.957020 0.336817
vt 0.214380 0.943941
vt 0.214403 0.925390
vt 0.216532 0.925799
vt 0.216510 0.943940
vt 0.967653 0.908537
vt 0.967653 0.955253
vt 0.965147 0.957380
vt 0.965147 0.906458
vt 0.968079 0.745384
vt 0.968078 0.698667
vt 0.970350 0.696550
vt 0.970350 0.747475
vt 0.720163 0.954734
vt 0.720163 0.969096
vt 0.718032 0.971189
vt 0.718032 0.952231
vt 0.891972 0.970947
vt 0.891972 0.956584
vt 0.894102 0.954896
vt 0.894102 0.973037
vt 0.969963 0.908542
vt 0.969963 0.955260
vt 0.967653 0.957382
vt 0.967653 0.906458
vt 0.972112 0.141355
vt 0.972112 0.188071
vt 0.970020 0.190198
vt 0.970020 0.139276
vt 0.915563 0.956807
vt 0.915563 0.971239
vt 0.913471 0.973552
vt 0.913471 0.954500
vt 0.730030 0.971538
vt 0.730030 0.957105
vt 0.732126 0.955211
vt 0.732126 0.973438
vt 0.338590 0.877969
vt 0.340652 0.878380
vt 0.408785 0.881761
vt 0.406720 0.881352
vt 0.956383 0.483563
vt 0.956383 0.436846
vt 0.959318 0.434752
vt 0.959318 0.485676
vt 0.549405 0.964023
vt 0.549405 0.917308
vt 0.552064 0.915217
vt 0.552064 0.966139
vt 0.485007 0.970894
vt 0.485007 0.956461
vt 0.487100 0.954153
vt 0.487100 0.973205
vt 0.947129 0.957538
vt 0.947129 0.971971
vt 0.945036 0.973870
vt 0.945036 0.955642
vt 0.953895 0.137163
vt 0.953895 0.090448
vt 0.956919 0.088354
vt 0.956919 0.139276
vt 0.964906 0.286482
vt 0.964906 0.333200
vt 0.962167 0.335298
vt 0.962167 0.284373
vt 0.267428 0.969961
vt 0.267428 0.955529
vt 0.269521 0.953222
vt 0.269521 0.972274
vt 0.587647 0.957656
vt 0.587647 0.972088
vt 0.585554 0.973989
vt 0.585554 0.955762
vt 0.959150 0.374330
vt 0.957020 0.374738
vt 0.214403 0.962490
vt 0.216532 0.962078
vt 0.970020 0.141396
vt 0.970020 0.188114
vt 0.967713 0.190201
vt 0.967713 0.139276
vt 0.969826 0.799715
vt 0.969826 0.753000
vt 0.971921 0.750920
vt 0.971921 0.801843
vt 0.718032 0.954330
vt 0.718032 0.968694
vt 0.715902 0.971193
vt 0.715902 0.952231
vt 0.894102 0.971350
vt 0.894102 0.956988
vt 0.896231 0.954896
vt 0.896231 0.973035
vt 0.965943 0.853403
vt 0.965942 0.806688
vt 0.969311 0.081741
vt 0.969312 0.035024
vt 0.971581 0.032936
vt 0.971581 0.083860
vt 0.328576 0.956941
vt 0.328576 0.971374
vt 0.326484 0.973686
vt 0.326484 0.954634
vt 0.528810 0.971435
vt 0.528810 0.957002
vt 0.530906 0.955108
vt 0.530906 0.973335
vt 0.340417 0.859419
vt 0.342519 0.859420
vt 0.410612 0.863211
vt 0.408507 0.863213
vt 0.953332 0.282265
vt 0.953332 0.235548
vt 0.956416 0.233449
vt 0.956416 0.284373
vt 0.961436 0.081749
vt 0.961436 0.035034
vt 0.964230 0.032936
vt 0.964230 0.083858
vt 0.552064 0.971168
vt 0.552064 0.956736
vt 0.554156 0.954428
vt 0.554156 0.973480
vt 0.945036 0.957538
vt 0.945036 0.971971
vt 0.942942 0.973870
vt 0.950781 0.188093
vt 0.950781 0.141377
vt 0.953895 0.139276
vt 0.953895 0.190198
vt 0.961436 0.035041
vt 0.961435 0.081758
vt 0.958614 0.083861
vt 0.958614 0.032936
vt 0.817849 0.969862
vt 0.817849 0.955429
vt 0.819944 0.953123
vt 0.819944 0.972175
vt 0.203665 0.957668
vt 0.203665 0.972100
vt 0.201572 0.974001
vt 0.201572 0.955774
vt 0.510754 0.800991
vt 0.509004 0.799824
vt 0.920504 0.501304
vt 0.922252 0.502474
vt 0.965575 0.698666
vt 0.965575 0.745384
vt 0.962904 0.747475
vt 0.962904 0.696550
vt 0.625343 0.964052
vt 0.625343 0.917337
vt 0.627767 0.915251
vt 0.627767 0.966174
vt 0.831022 0.955431
vt 0.831022 0.969863
vt 0.828928 0.972175
vt 0.828928 0.953123
vt 0.207849 0.972102
vt 0.207849 0.957669
vt 0.209941 0.955774
vt 0.209941 0.974001
vt 0.959518 0.799722
vt 0.959518 0.753007
vt 0.962334 0.750920
vt 0.962334 0.801843
vt 0.964779 0.423548
vt 0.964780 0.376830
vt 0.967333 0.374738
vt 0.967333 0.425662
vt 0.332758 0.956942
vt 0.332758 0.971374
vt 0.330667 0.973686
vt 0.330667 0.954634
vt 0.263125 0.971342
vt 0.263125 0.956909
vt 0.265221 0.955014
vt 0.265221 0.973241
vt 0.950388 0.799743
vt 0.950388 0.753025
vt 0.953502 0.750920
vt 0.953502 0.801845
vt 0.956895 0.904354
vt 0.956894 0.857638
vt 0.959716 0.855533
vt 0.959716 0.906455
vt 0.556249 0.971169
vt 0.556249 0.956736
vt 0.558341 0.954428
vt 0.558341 0.973480
vt 0.934757 0.957453
vt 0.934757 0.971885
vt 0.932663 0.973784
vt 0.932663 0.955557
vt 0.953332 0.333198
vt 0.953332 0.286482
vt 0.956415 0.284373
vt 0.956415 0.335295
vt 0.962512 0.857633
vt 0.962511 0.904351
vt 0.959716 0.906458
vt 0.959716 0.855533
vt 0.423303 0.456723
vt 0.412718 0.472564
vt 0.409467 0.469896
vt 0.419593 0.454740
vt 0.291778 0.325198
vt 0.309379 0.317907
vt 0.310600 0.321932
vt 0.293760 0.328907
vt 0.399246 0.486036
vt 0.396578 0.482784
vt 0.309379 0.503912
vt 0.291778 0.496621
vt 0.293761 0.492911
vt 0.310601 0.499887
vt 0.383405 0.496621
vt 0.381422 0.492911
vt 0.275936 0.335783
vt 0.278605 0.339034
vt 0.430594 0.439121
vt 0.426569 0.437900
vt 0.262465 0.349254
vt 0.265716 0.351923
vt 0.434311 0.420435
vt 0.430125 0.420023
vt 0.251880 0.365096
vt 0.255590 0.367078
vt 0.434311 0.401383
vt 0.430125 0.401796
vt 0.244589 0.382697
vt 0.248614 0.383918
vt 0.430594 0.382697
vt 0.426569 0.383918
vt 0.240872 0.401383
vt 0.245058 0.401796
vt 0.423303 0.365096
vt 0.419593 0.367078
vt 0.240872 0.420435
vt 0.245058 0.420023
vt 0.412718 0.349254
vt 0.409467 0.351923
vt 0.244589 0.439121
vt 0.248614 0.437900
vt 0.399246 0.335783
vt 0.396578 0.339034
vt 0.328065 0.507629
vt 0.328478 0.503443
vt 0.251880 0.456723
vt 0.255590 0.454740
vt 0.383405 0.325198
vt 0.381422 0.328907
vt 0.347117 0.507629
vt 0.346705 0.503443
vt 0.262465 0.472564
vt 0.265716 0.469896
vt 0.365803 0.317907
vt 0.364582 0.321932
vt 0.365803 0.503912
vt 0.364582 0.499887
vt 0.275937 0.486036
vt 0.278605 0.482785
vt 0.208590 0.654663
vt 0.207701 0.645629
vt 0.211562 0.644861
vt 0.214196 0.653548
vt 0.209370 0.662583
vt 0.216505 0.661164
vt 0.705677 0.876525
vt 0.705688 0.868521
vt 0.712929 0.868515
vt 0.714191 0.876518
vt 0.705668 0.885636
vt 0.715129 0.885629
vt 0.705663 0.895504
vt 0.715707 0.895496
vt 0.705662 0.905750
vt 0.715902 0.905742
vt 0.206735 0.635829
vt 0.208704 0.635437
vt 0.221453 0.644861
vt 0.224312 0.635437
vt 0.226280 0.635829
vt 0.225314 0.645629
vt 0.218817 0.653547
vt 0.224423 0.654662
vt 0.216505 0.661163
vt 0.223641 0.662582
vt 0.807996 0.910544
vt 0.807375 0.902465
vt 0.814320 0.903003
vt 0.816162 0.911176
vt 0.808206 0.919700
vt 0.817279 0.920403
vt 0.807996 0.929582
vt 0.817629 0.930328
vt 0.807375 0.939811
vt 0.817196 0.940572
vt 0.826511 0.931000
vt 0.826252 0.941257
vt 0.228287 0.635829
vt 0.229251 0.645629
vt 0.230138 0.654662
vt 0.230915 0.662582
vt 0.820723 0.903488
vt 0.823692 0.911745
vt 0.825646 0.921035
vt 0.902217 0.308364
vt 0.904118 0.302114
vt 0.911252 0.303533
vt 0.910607 0.310033
vt 0.946552 0.726009
vt 0.945408 0.716585
vt 0.951945 0.717638
vt 0.953816 0.727179
vt 0.946552 0.736011
vt 0.954263 0.737253
vt 0.945408 0.746207
vt 0.953271 0.747474
vt 0.909068 0.285814
vt 0.911928 0.276391
vt 0.913896 0.276783
vt 0.912929 0.286582
vt 0.906431 0.294499
vt 0.912037 0.295615
vt 0.915903 0.276783
vt 0.916866 0.286582
vt 0.917752 0.295615
vt 0.918527 0.303533
vt 0.919162 0.310033
vt 0.946003 0.010585
vt 0.947873 0.001028
vt 0.954409 0.000000
vt 0.953265 0.009443
vt 0.945555 0.020669
vt 0.953265 0.019457
vt 0.946549 0.030893
vt 0.954409 0.029657
vt 0.769428 0.910258
vt 0.771382 0.900949
vt 0.778908 0.900396
vt 0.777791 0.909644
vt 0.768564 0.920234
vt 0.777442 0.919583
vt 0.768825 0.930495
vt 0.777877 0.929830
vt 0.677503 0.478824
vt 0.680364 0.469402
vt 0.682332 0.469794
vt 0.681365 0.479592
vt 0.674865 0.487508
vt 0.680471 0.488623
vt 0.672551 0.495120
vt 0.679686 0.496540
vt 0.774352 0.892664
vt 0.780753 0.892194
vt 0.684340 0.469794
vt 0.685302 0.479592
vt 0.686187 0.488623
vt 0.686961 0.496540
vt 0.787696 0.891665
vt 0.787072 0.899773
vt 0.786862 0.908952
vt 0.787072 0.918848
vt 0.787696 0.929081
vt 0.552841 0.884964
vt 0.553784 0.875832
vt 0.562298 0.875842
vt 0.562301 0.884976
vt 0.552260 0.894845
vt 0.562303 0.894858
vt 0.552064 0.905096
vt 0.562303 0.905108
vt 0.725238 0.487114
vt 0.722377 0.496535
vt 0.720409 0.496143
vt 0.721376 0.486346
vt 0.727876 0.478431
vt 0.722270 0.477316
vt 0.730190 0.470822
vt 0.723055 0.469402
vt 0.555054 0.867799
vt 0.562294 0.867808
vt 0.717439 0.486345
vt 0.716554 0.477316
vt 0.715780 0.469402
vt 0.569533 0.867799
vt 0.570811 0.875832
vt 0.571760 0.884964
vt 0.572344 0.894845
vt 0.572541 0.905096
vt 0.718401 0.496143
vt 0.850395 0.905918
vt 0.850183 0.915814
vt 0.841115 0.915118
vt 0.840769 0.905179
vt 0.851022 0.895685
vt 0.841207 0.894931
vt 0.739649 0.487110
vt 0.736788 0.496530
vt 0.734820 0.496138
vt 0.735787 0.486342
vt 0.742286 0.478429
vt 0.736680 0.477314
vt 0.744600 0.470822
vt 0.737465 0.469402
vt 0.850395 0.924993
vt 0.851022 0.933103
vt 0.844082 0.932570
vt 0.842234 0.924366
vt 0.731850 0.486342
vt 0.730965 0.477314
vt 0.730190 0.469402
vt 0.837686 0.932097
vt 0.834713 0.923811
vt 0.832758 0.914500
vt 0.831897 0.904523
vt 0.832161 0.894263
vt 0.732813 0.496138
vt 0.264536 0.935555
vt 0.264536 0.945570
vt 0.257282 0.944427
vt 0.256835 0.934342
vt 0.265683 0.925356
vt 0.257830 0.924119
vt 0.074889 0.935316
vt 0.072030 0.944735
vt 0.070061 0.944343
vt 0.071028 0.934548
vt 0.077526 0.926637
vt 0.071920 0.925522
vt 0.079838 0.919031
vt 0.072703 0.917612
vt 0.081737 0.912791
vt 0.073347 0.911122
vt 0.265683 0.955014
vt 0.259154 0.953985
vt 0.066204 0.925522
vt 0.065428 0.917612
vt 0.064793 0.911122
vt 0.930122 0.944962
vt 0.928250 0.954508
vt 0.921721 0.955557
vt 0.922867 0.946127
vt 0.930569 0.934884
vt 0.922867 0.936121
vt 0.929573 0.924663
vt 0.921721 0.925924
vt 0.068054 0.944343
vt 0.067091 0.934548
vt 0.940584 0.885850
vt 0.940848 0.896108
vt 0.931974 0.896780
vt 0.931536 0.886535
vt 0.768474 0.487105
vt 0.765616 0.496523
vt 0.763647 0.496132
vt 0.764613 0.486337
vt 0.771109 0.478426
vt 0.765504 0.477311
vt 0.773420 0.470821
vt 0.766285 0.469402
vt 0.938031 0.915373
vt 0.935059 0.923640
vt 0.928661 0.924124
vt 0.930508 0.915942
vt 0.939986 0.906077
vt 0.931627 0.906709
vt 0.921721 0.924663
vt 0.922347 0.916577
vt 0.922559 0.907414
vt 0.922347 0.897528
vt 0.921721 0.887298
vt 0.761640 0.496132
vt 0.760676 0.486337
vt 0.759788 0.477311
vt 0.759010 0.469402
vt 0.112807 0.928056
vt 0.111841 0.937851
vt 0.109834 0.937851
vt 0.108870 0.928056
vt 0.113696 0.919031
vt 0.107981 0.919031
vt 0.114477 0.911122
vt 0.107202 0.911122
vt 0.693699 0.897758
vt 0.692426 0.905769
vt 0.685186 0.905762
vt 0.685186 0.897751
vt 0.694646 0.888642
vt 0.685186 0.888634
vt 0.695228 0.878771
vt 0.685186 0.878762
vt 0.551294 0.306931
vt 0.539863 0.306931
vt 0.540435 0.301128
vt 0.550723 0.301128
vt 0.695425 0.868524
vt 0.685186 0.868515
vt 0.677947 0.905769
vt 0.676673 0.897758
vt 0.675727 0.888642
vt 0.675145 0.878771
vt 0.674948 0.868524
vt 0.107866 0.938243
vt 0.105008 0.928824
vt 0.102375 0.920146
vt 0.100067 0.912541
vt 0.051211 0.927262
vt 0.050246 0.937057
vt 0.048239 0.937057
vt 0.047274 0.927262
vt 0.052099 0.918236
vt 0.046383 0.918236
vt 0.052877 0.910327
vt 0.045602 0.910327
vt 0.593592 0.930647
vt 0.594218 0.938733
vt 0.587277 0.938194
vt 0.585430 0.930012
vt 0.593380 0.921484
vt 0.584312 0.920779
vt 0.593592 0.911598
vt 0.583965 0.910850
vt 0.594218 0.901368
vt 0.584402 0.900605
vt 0.200567 0.651167
vt 0.196310 0.648323
vt 0.197075 0.646478
vt 0.202096 0.647476
vt 0.577907 0.929443
vt 0.575953 0.920147
vt 0.575091 0.910178
vt 0.575355 0.899921
vt 0.046271 0.937448
vt 0.043412 0.928030
vt 0.040777 0.919351
vt 0.038467 0.911747
vt 0.580880 0.937710
vt 0.097059 0.934450
vt 0.096095 0.944245
vt 0.094088 0.944245
vt 0.093122 0.934450
vt 0.097945 0.925423
vt 0.092230 0.925423
vt 0.098721 0.917513
vt 0.091446 0.917513
vt 0.099356 0.911024
vt 0.090802 0.911024
vt 0.938271 0.946127
vt 0.939417 0.955557
vt 0.932888 0.954508
vt 0.931016 0.944962
vt 0.938271 0.936121
vt 0.930569 0.934884
vt 0.939417 0.925924
vt 0.931565 0.924663
vt 0.955280 0.559209
vt 0.953407 0.568769
vt 0.946881 0.569797
vt 0.948028 0.560351
vt 0.955727 0.549124
vt 0.948028 0.550337
vt 0.954730 0.538901
vt 0.946881 0.540137
vt 0.092120 0.944637
vt 0.089260 0.935218
vt 0.086624 0.926538
vt 0.084311 0.918933
vt 0.082412 0.912692
vt 0.758236 0.477314
vt 0.757350 0.486342
vt 0.753413 0.486342
vt 0.752520 0.477314
vt 0.759010 0.469402
vt 0.751735 0.469402
vt 0.804003 0.921215
vt 0.801029 0.929503
vt 0.794634 0.929976
vt 0.796484 0.921771
vt 0.805958 0.911903
vt 0.797603 0.912521
vt 0.806819 0.901925
vt 0.797949 0.902581
vt 0.806552 0.891665
vt 0.797509 0.892333
vt 0.756388 0.496138
vt 0.754380 0.496138
vt 0.788537 0.913218
vt 0.788324 0.903321
vt 0.787696 0.893088
vt 0.752412 0.496530
vt 0.749552 0.487110
vt 0.746914 0.478429
vt 0.744600 0.470822
vt 0.787696 0.930509
vt 0.788324 0.922398
vt 0.715780 0.469402
vt 0.715007 0.477316
vt 0.709291 0.477316
vt 0.708506 0.469402
vt 0.783667 0.303366
vt 0.782387 0.311400
vt 0.775148 0.311391
vt 0.775155 0.303356
vt 0.784618 0.294233
vt 0.775160 0.294221
vt 0.785204 0.284351
vt 0.775163 0.284339
vt 0.785402 0.274101
vt 0.775164 0.274088
vt 0.714122 0.486345
vt 0.713159 0.496143
vt 0.711152 0.496143
vt 0.710185 0.486345
vt 0.765120 0.284351
vt 0.764925 0.274101
vt 0.709184 0.496534
vt 0.706323 0.487114
vt 0.703685 0.478431
vt 0.701371 0.470822
vt 0.767908 0.311400
vt 0.766641 0.303366
vt 0.765700 0.294233
vt 0.686961 0.496539
vt 0.687735 0.488623
vt 0.693451 0.488623
vt 0.694236 0.496539
vt 0.750052 0.899774
vt 0.749430 0.891665
vt 0.756374 0.892193
vt 0.758217 0.900395
vt 0.750262 0.908953
vt 0.759335 0.909644
vt 0.750052 0.918850
vt 0.759684 0.919582
vt 0.749430 0.929083
vt 0.759250 0.929830
vt 0.688620 0.479592
vt 0.689582 0.469794
vt 0.691590 0.469794
vt 0.692557 0.479592
vt 0.768564 0.920232
vt 0.768305 0.930492
vt 0.693558 0.469402
vt 0.696419 0.478824
vt 0.699057 0.487508
vt 0.701371 0.495120
vt 0.762777 0.892661
vt 0.765746 0.900945
vt 0.767700 0.910255
vt 0.000000 0.943986
vt 0.000634 0.937487
vt 0.007909 0.937487
vt 0.008554 0.943986
vt 0.945665 0.111130
vt 0.944521 0.101686
vt 0.951060 0.102713
vt 0.952930 0.112270
vt 0.945665 0.121144
vt 0.953378 0.122355
vt 0.944521 0.131344
vt 0.952385 0.132578
vt 0.002295 0.920536
vt 0.003258 0.910737
vt 0.005265 0.910737
vt 0.006232 0.920536
vt 0.001409 0.929568
vt 0.007125 0.929568
vt 0.007234 0.910345
vt 0.010094 0.919768
vt 0.012731 0.928453
vt 0.015044 0.936067
vt 0.016944 0.942318
vt 0.947332 0.580397
vt 0.949206 0.570853
vt 0.955724 0.569797
vt 0.954574 0.579224
vt 0.946886 0.590473
vt 0.954574 0.589228
vt 0.947885 0.600693
vt 0.955724 0.599423
vt 0.925066 0.510607
vt 0.928042 0.502343
vt 0.934433 0.501851
vt 0.932581 0.510028
vt 0.923111 0.519900
vt 0.931461 0.519257
vt 0.922252 0.529867
vt 0.931116 0.529184
vt 0.922522 0.540124
vt 0.931560 0.539428
vt 0.659805 0.479594
vt 0.660769 0.469794
vt 0.662776 0.469794
vt 0.663743 0.479594
vt 0.658918 0.488627
vt 0.664634 0.488627
vt 0.658141 0.496547
vt 0.665416 0.496547
vt 0.664745 0.469402
vt 0.667604 0.478826
vt 0.670240 0.487512
vt 0.672551 0.495128
vt 0.941369 0.501304
vt 0.940737 0.509385
vt 0.940524 0.518543
vt 0.940737 0.528426
vt 0.941369 0.538654
vt 0.696211 0.885629
vt 0.697165 0.876518
vt 0.695623 0.895496
vt 0.695425 0.905742
vt 0.203764 0.645629
vt 0.204728 0.635829
vt 0.202875 0.654663
vt 0.202096 0.662583
vt 0.698450 0.868515
vt 0.518090 0.300326
vt 0.508586 0.293975
vt 0.512285 0.289468
vt 0.520839 0.295184
vt 0.528652 0.304701
vt 0.530344 0.299121
vt 0.500503 0.285892
vt 0.505010 0.282193
vt 0.494152 0.276388
vt 0.499294 0.273639
vt 0.489777 0.265827
vt 0.495357 0.264134
vt 0.487547 0.254615
vt 0.493350 0.254043
vt 0.487547 0.243184
vt 0.493350 0.243755
vt 0.518090 0.197472
vt 0.528652 0.193098
vt 0.530344 0.198678
vt 0.520839 0.202615
vt 0.489777 0.231972
vt 0.494152 0.221411
vt 0.499294 0.224160
vt 0.495357 0.233665
vt 0.500503 0.211906
vt 0.505010 0.215606
vt 0.508586 0.203823
vt 0.512285 0.208331
vt 0.539863 0.190868
vt 0.540435 0.196671
vt 0.551294 0.190868
vt 0.550723 0.196671
vt 0.562506 0.193098
vt 0.560813 0.198678
vt 0.573067 0.197472
vt 0.570318 0.202615
vt 0.582572 0.203823
vt 0.578872 0.208331
vt 0.590655 0.211906
vt 0.586147 0.215606
vt 0.597006 0.221411
vt 0.591863 0.224160
vt 0.601380 0.231972
vt 0.595800 0.233665
vt 0.603610 0.243184
vt 0.597807 0.243755
vt 0.603610 0.254615
vt 0.597807 0.254043
vt 0.601380 0.265827
vt 0.595800 0.264134
vt 0.597006 0.276388
vt 0.591863 0.273639
vt 0.590655 0.285892
vt 0.586147 0.282193
vt 0.582572 0.293975
vt 0.578872 0.289468
vt 0.573067 0.300326
vt 0.570318 0.295184
vt 0.562506 0.304701
vt 0.560813 0.299121
vt 0.564199 0.310283
vt 0.551866 0.312736
vt 0.575816 0.305471
vt 0.586271 0.298485
vt 0.595163 0.289594
vt 0.602149 0.279138
vt 0.606961 0.267521
vt 0.609414 0.255188
vt 0.609414 0.242614
vt 0.606961 0.230281
vt 0.602149 0.218664
vt 0.595163 0.208209
vt 0.586271 0.199318
vt 0.575816 0.192332
vt 0.564199 0.187520
vt 0.551866 0.185067
vt 0.539292 0.185067
vt 0.526959 0.187520
vt 0.481744 0.242614
vt 0.484197 0.230281
vt 0.504887 0.199318
vt 0.515342 0.192332
vt 0.495995 0.208209
vt 0.489009 0.218664
vt 0.481744 0.255188
vt 0.484197 0.267521
vt 0.489009 0.279138
vt 0.495995 0.289594
vt 0.504887 0.298485
vt 0.539292 0.312736
vt 0.526959 0.310283
vt 0.515342 0.305471
vt 0.194051 0.655521
vt 0.193052 0.650500
vt 0.194898 0.649735
vt 0.197742 0.653992
vt 0.183541 0.639790
vt 0.186366 0.636966
vt 0.189210 0.641222
vt 0.187797 0.642635
vt 0.384907 0.948200
vt 0.384383 0.951511
vt 0.381450 0.951516
vt 0.381448 0.948205
vt 0.190056 0.635437
vt 0.191055 0.640458
vt 0.194051 0.635437
vt 0.193053 0.640458
vt 0.183541 0.651167
vt 0.182012 0.647476
vt 0.187033 0.646478
vt 0.187797 0.648323
vt 0.197742 0.636966
vt 0.194898 0.641222
vt 0.190056 0.655521
vt 0.191055 0.650500
vt 0.200567 0.639791
vt 0.196310 0.642635
vt 0.182012 0.643481
vt 0.187033 0.644480
vt 0.186365 0.653992
vt 0.189210 0.649735
vt 0.202096 0.643482
vt 0.197075 0.644480
vt 0.384907 0.944605
vt 0.381448 0.944610
vt 0.351557 0.946525
vt 0.349598 0.946914
vt 0.610558 0.308776
vt 0.612424 0.307527
vt 0.613919 0.309022
vt 0.612671 0.310890
vt 0.635632 0.497804
vt 0.635618 0.499466
vt 0.629249 0.499466
vt 0.629263 0.497804
vt 0.381450 0.941278
vt 0.377990 0.944605
vt 0.378519 0.941273
vt 0.387843 0.948184
vt 0.386872 0.951498
vt 0.350869 0.943065
vt 0.353218 0.945415
vt 0.354327 0.943754
vt 0.356676 0.944729
vt 0.355015 0.947215
vt 0.386872 0.941260
vt 0.387843 0.944589
vt 0.384383 0.941273
vt 0.352530 0.948876
vt 0.395770 0.948216
vt 0.396296 0.951521
vt 0.393809 0.951500
vt 0.392837 0.948191
vt 0.350393 0.942590
vt 0.183367 0.996384
vt 0.183367 0.976237
vt 0.184003 0.976234
vt 0.184003 0.996118
vt 0.629268 0.495845
vt 0.635637 0.495845
vt 0.610558 0.300263
vt 0.612424 0.301505
vt 0.611615 0.303459
vt 0.609414 0.303024
vt 0.396296 0.941283
vt 0.395770 0.944621
vt 0.392837 0.944596
vt 0.393809 0.941262
vt 0.399229 0.948224
vt 0.399228 0.951528
vt 0.181460 0.996382
vt 0.180824 0.996384
vt 0.180824 0.976500
vt 0.181460 0.976234
vt 0.399226 0.938717
vt 0.399228 0.941290
vt 0.397267 0.938712
vt 0.402160 0.941283
vt 0.402687 0.944621
vt 0.399229 0.944629
vt 0.402687 0.948216
vt 0.402160 0.951521
vt 0.354717 0.941795
vt 0.182731 0.996118
vt 0.182731 0.976234
vt 0.183367 0.976237
vt 0.183367 0.996384
vt 0.184638 0.976234
vt 0.184638 0.996381
vt 0.184003 0.996384
vt 0.184003 0.976501
vt 0.401185 0.938712
vt 0.629263 0.493886
vt 0.635632 0.493886
vt 0.404644 0.941262
vt 0.405618 0.944596
vt 0.405618 0.948191
vt 0.404644 0.951500
vt 0.354327 0.939836
vt 0.618423 0.297005
vt 0.617987 0.299201
vt 0.615873 0.299200
vt 0.615433 0.297005
vt 0.417874 0.945622
vt 0.417874 0.942027
vt 0.420806 0.942045
vt 0.420806 0.945640
vt 0.417347 0.938717
vt 0.419833 0.938732
vt 0.353218 0.938175
vt 0.355015 0.936380
vt 0.356676 0.938865
vt 0.417347 0.948955
vt 0.419833 0.948970
vt 0.642726 0.499466
vt 0.636357 0.499466
vt 0.636367 0.497805
vt 0.642736 0.497805
vt 0.414415 0.942021
vt 0.414415 0.938712
vt 0.414415 0.945616
vt 0.351557 0.937066
vt 0.352530 0.934719
vt 0.642736 0.493887
vt 0.636367 0.493887
vt 0.636357 0.492226
vt 0.642726 0.492226
vt 0.410957 0.942027
vt 0.411483 0.938717
vt 0.410957 0.945622
vt 0.349598 0.936676
vt 0.416374 0.951518
vt 0.414415 0.951515
vt 0.414415 0.948950
vt 0.182096 0.976234
vt 0.182731 0.976501
vt 0.182731 0.996384
vt 0.182096 0.996381
vt 0.408025 0.942045
vt 0.408998 0.938732
vt 0.345978 0.938175
vt 0.347639 0.937066
vt 0.412456 0.951519
vt 0.411483 0.948955
vt 0.642739 0.495846
vt 0.636370 0.495846
vt 0.181460 0.996384
vt 0.181460 0.976501
vt 0.408025 0.945640
vt 0.884054 0.497891
vt 0.884582 0.501197
vt 0.882098 0.501175
vt 0.881124 0.497866
vt 0.344180 0.936380
vt 0.346666 0.934719
vt 0.621444 0.492226
vt 0.627813 0.492226
vt 0.627799 0.493886
vt 0.621430 0.493886
vt 0.408998 0.948970
vt 0.344868 0.939836
vt 0.342519 0.938865
vt 0.624442 0.303024
vt 0.622246 0.303459
vt 0.621436 0.301505
vt 0.623298 0.300263
vt 0.884054 0.494296
vt 0.881124 0.494271
vt 0.344478 0.941795
vt 0.623298 0.308776
vt 0.621436 0.307527
vt 0.622246 0.305573
vt 0.624442 0.306014
vt 0.882098 0.490938
vt 0.884582 0.490959
vt 0.887512 0.497900
vt 0.887514 0.501204
vt 0.890971 0.497891
vt 0.890446 0.501197
vt 0.185273 0.996384
vt 0.184638 0.996381
vt 0.184638 0.976234
vt 0.185273 0.976501
vt 0.887516 0.488392
vt 0.887514 0.490966
vt 0.885558 0.488387
vt 0.627794 0.495845
vt 0.621425 0.495845
vt 0.887512 0.494305
vt 0.166491 0.665500
vt 0.160122 0.665500
vt 0.160131 0.663841
vt 0.166500 0.663841
vt 0.344868 0.943754
vt 0.889476 0.488387
vt 0.890446 0.490959
vt 0.627799 0.497804
vt 0.621430 0.497804
vt 0.890971 0.494296
vt 0.893905 0.497866
vt 0.892933 0.501176
vt 0.345978 0.945415
vt 0.347639 0.946525
vt 0.346666 0.948876
vt 0.344180 0.947215
vt 0.892933 0.490938
vt 0.893905 0.494271
vt 0.342519 0.944729
vt 0.377990 0.948200
vt 0.378519 0.951511
vt 0.376037 0.951498
vt 0.375062 0.948184
vt 0.160134 0.661883
vt 0.166503 0.661883
vt 0.375062 0.944589
vt 0.376036 0.941260
vt 0.383414 0.938712
vt 0.381455 0.938715
vt 0.379496 0.938712
vt 0.619941 0.300010
vt 0.621185 0.298149
vt 0.615433 0.312034
vt 0.615873 0.309832
vt 0.617987 0.309832
vt 0.618423 0.312034
vt 0.609414 0.306014
vt 0.611615 0.305573
vt 0.619941 0.309022
vt 0.621185 0.310890
vt 0.629249 0.492226
vt 0.635618 0.492226
vt 0.627813 0.499466
vt 0.621444 0.499466
vt 0.613919 0.300010
vt 0.612671 0.298149
vt 0.166500 0.659923
vt 0.160131 0.659923
vt 0.160122 0.658261
vt 0.166491 0.658260
vt 0.470664 0.976234
vt 0.471299 0.976234
vt 0.471299 0.985720
vt 0.470664 0.985983
vt 0.180189 0.976238
vt 0.180189 0.996331
vt 0.179553 0.996591
vt 0.179553 0.976234
vt 0.478061 0.985720
vt 0.477429 0.985983
vt 0.477429 0.976235
vt 0.478061 0.976234
vt 0.478693 0.976497
vt 0.478693 0.985983
vt 0.478061 0.985983
vt 0.466851 0.976234
vt 0.467486 0.976497
vt 0.467486 0.985983
vt 0.466851 0.985983
vt 0.468757 0.976497
vt 0.468757 0.985983
vt 0.468122 0.985983
vt 0.468122 0.976234
vt 0.458574 0.976234
vt 0.459213 0.976497
vt 0.459213 0.985983
vt 0.458574 0.985983
vt 0.178918 0.976238
vt 0.179553 0.976234
vt 0.179553 0.996591
vt 0.178918 0.996331
vt 0.178918 0.976234
vt 0.178918 0.996592
vt 0.178282 0.996590
vt 0.178282 0.976495
vt 0.474898 0.976234
vt 0.475531 0.976234
vt 0.475531 0.985983
vt 0.474898 0.985720
vt 0.178282 0.996590
vt 0.177647 0.996592
vt 0.177647 0.976234
vt 0.457296 0.985983
vt 0.457296 0.976497
vt 0.457935 0.976234
vt 0.457935 0.985983
vt 0.457935 0.985983
vt 0.457935 0.976234
vt 0.458574 0.985720
vt 0.175739 0.976236
vt 0.176375 0.976234
vt 0.176375 0.996592
vt 0.175739 0.996331
vt 0.477429 0.985983
vt 0.476797 0.985983
vt 0.476797 0.976497
vt 0.477429 0.976234
vt 0.527258 0.977575
vt 0.527424 0.977644
vt 0.526084 0.976400
vt 0.526015 0.976234
vt 0.517625 0.977575
vt 0.517459 0.977644
vt 0.530070 0.976400
vt 0.530001 0.976234
vt 0.530757 0.978061
vt 0.530826 0.978227
vt 0.526772 0.978061
vt 0.526841 0.978227
vt 0.518799 0.976400
vt 0.518868 0.976234
vt 0.519286 0.976887
vt 0.519452 0.976818
vt 0.469393 0.976234
vt 0.469393 0.985983
vt 0.465580 0.985720
vt 0.465580 0.976234
vt 0.466215 0.976234
vt 0.466215 0.985983
vt 0.475531 0.976498
vt 0.476164 0.976234
vt 0.476164 0.985983
vt 0.475531 0.985983
vt 0.464308 0.976235
vt 0.464944 0.976234
vt 0.464944 0.985720
vt 0.464308 0.985984
vt 0.466851 0.985720
vt 0.465580 0.976235
vt 0.465580 0.985984
vt 0.459851 0.985720
vt 0.459213 0.985983
vt 0.459213 0.976234
vt 0.459851 0.976234
vt 0.471934 0.976498
vt 0.471934 0.985983
vt 0.471299 0.985983
vt 0.177011 0.996591
vt 0.177011 0.976234
vt 0.177647 0.976238
vt 0.177647 0.996331
vt 0.463673 0.985983
vt 0.463037 0.985983
vt 0.463037 0.976498
vt 0.463673 0.976234
vt 0.461765 0.985720
vt 0.461127 0.985983
vt 0.461127 0.976234
vt 0.461765 0.976235
vt 0.611668 0.976235
vt 0.611668 0.977076
vt 0.610906 0.977076
vt 0.610906 0.976234
vt 0.619295 0.977076
vt 0.619295 0.976234
vt 0.620058 0.976234
vt 0.620058 0.977076
vt 0.627656 0.976234
vt 0.627656 0.977076
vt 0.626898 0.977076
vt 0.626898 0.976234
vt 0.607083 0.977076
vt 0.607083 0.976234
vt 0.607848 0.976235
vt 0.607848 0.977076
vt 0.626140 0.977076
vt 0.626140 0.976234
vt 0.626898 0.976234
vt 0.626898 0.977076
vt 0.611668 0.977076
vt 0.611668 0.976234
vt 0.612431 0.976235
vt 0.612431 0.977076
vt 0.607849 0.977076
vt 0.607849 0.976234
vt 0.608614 0.976234
vt 0.608614 0.977076
vt 0.618533 0.977076
vt 0.618533 0.976234
vt 0.615482 0.977076
vt 0.615482 0.976234
vt 0.616245 0.976235
vt 0.616245 0.977076
vt 0.617770 0.976235
vt 0.617770 0.977076
vt 0.617008 0.977076
vt 0.617008 0.976234
vt 0.625381 0.976234
vt 0.625381 0.977076
vt 0.624622 0.977076
vt 0.624622 0.976235
vt 0.609380 0.976234
vt 0.609380 0.977076
vt 0.610906 0.976234
vt 0.610906 0.977076
vt 0.610143 0.977076
vt 0.610143 0.976234
vt 0.620820 0.976234
vt 0.620820 0.977076
vt 0.606318 0.976234
vt 0.606318 0.977076
vt 0.605551 0.977076
vt 0.605551 0.976234
vt 0.623103 0.976234
vt 0.623103 0.977076
vt 0.622343 0.977076
vt 0.622343 0.976235
vt 0.613194 0.976234
vt 0.613194 0.977076
vt 0.612431 0.977076
vt 0.612431 0.976235
vt 0.621582 0.977076
vt 0.621583 0.976234
vt 0.622343 0.976234
vt 0.622342 0.977076
vt 0.621582 0.976234
vt 0.621582 0.977076
vt 0.625381 0.977076
vt 0.625381 0.976235
vt 0.626140 0.976234
vt 0.626140 0.977076
vt 0.613956 0.977076
vt 0.613956 0.976234
vt 0.614719 0.976234
vt 0.614719 0.977076
vt 0.623103 0.976234
vt 0.623863 0.976234
vt 0.623863 0.977076
vt 0.604784 0.977076
vt 0.604784 0.976234
vt 0.605551 0.976234
vt 0.605551 0.977076
vt 0.604018 0.976235
vt 0.604018 0.977076
vt 0.603251 0.977076
vt 0.603251 0.976234
vt 0.618533 0.976234
vt 0.618533 0.977076
vt 0.607083 0.976235
vt 0.607083 0.977076
vt 0.606318 0.977076
vt 0.606318 0.976234
vt 0.609379 0.977076
vt 0.609379 0.976234
vt 0.624623 0.976234
vt 0.624623 0.977076
vt 0.623863 0.977076
vt 0.623863 0.976234
vt 0.604018 0.977076
vt 0.604018 0.976234
vt 0.604784 0.976235
vt 0.604784 0.977076
vt 0.613194 0.977076
vt 0.613194 0.976235
vt 0.613956 0.976234
vt 0.613956 0.977076
vt 0.464308 0.985983
vt 0.463673 0.985720
vt 0.464308 0.976234
vt 0.473201 0.976234
vt 0.473201 0.985983
vt 0.472567 0.985720
vt 0.472567 0.976235
vt 0.461127 0.985984
vt 0.460489 0.985983
vt 0.460489 0.976234
vt 0.461127 0.976498
vt 0.462401 0.976234
vt 0.463037 0.976234
vt 0.463037 0.985983
vt 0.462401 0.985720
vt 0.470028 0.985983
vt 0.469393 0.985983
vt 0.469393 0.976234
vt 0.470028 0.976498
vt 0.459851 0.985983
vt 0.459851 0.976234
vt 0.460489 0.976498
vt 0.460489 0.985983
vt 0.476797 0.985983
vt 0.476164 0.985720
vt 0.476164 0.976234
vt 0.476797 0.976234
vt 0.457296 0.985983
vt 0.456657 0.985720
vt 0.456657 0.976234
vt 0.457296 0.976234
vt 0.601274 0.976393
vt 0.601115 0.976234
vt 0.636327 0.977008
vt 0.636327 0.976321
vt 0.636537 0.976234
vt 0.636537 0.976921
vt 0.636748 0.977008
vt 0.636748 0.976320
vt 0.636958 0.976234
vt 0.636958 0.976922
vt 0.636538 0.976921
vt 0.636538 0.976234
vt 0.636748 0.976321
vt 0.636748 0.977008
vt 0.599743 0.977824
vt 0.599584 0.977664
vt 0.600270 0.977824
vt 0.600430 0.977664
vt 0.600430 0.976393
vt 0.600589 0.976234
vt 0.636958 0.976921
vt 0.636958 0.976234
vt 0.637168 0.976321
vt 0.637168 0.977007
vt 0.598731 0.977667
vt 0.598569 0.977824
vt 0.598037 0.977824
vt 0.597876 0.977666
vt 0.637375 0.976234
vt 0.637375 0.976920
vt 0.637168 0.977008
vt 0.637168 0.976322
vt 0.637997 0.976322
vt 0.637997 0.977008
vt 0.637790 0.976920
vt 0.637790 0.976234
vt 0.599157 0.977663
vt 0.598996 0.977824
vt 0.599318 0.977824
vt 0.599157 0.977662
vt 0.600270 0.976234
vt 0.600430 0.976393
vt 0.599584 0.976393
vt 0.599743 0.976234
vt 0.598569 0.976234
vt 0.598731 0.976395
vt 0.597876 0.976395
vt 0.598037 0.976234
vt 0.637790 0.976234
vt 0.637790 0.976920
vt 0.637583 0.977008
vt 0.637583 0.976323
vt 0.637583 0.976323
vt 0.637583 0.977008
vt 0.637375 0.976920
vt 0.637375 0.976234
vt 0.601274 0.977664
vt 0.601115 0.977824
vt 0.600589 0.977824
vt 0.600430 0.977664
vt 0.599157 0.976391
vt 0.599318 0.976234
vt 0.599157 0.976391
vt 0.598996 0.976234
vt 0.470664 0.985720
vt 0.470028 0.985983
vt 0.470028 0.976234
vt 0.470664 0.976234
vt 0.635648 0.497920
vt 0.635652 0.495846
vt 0.635648 0.493772
vt 0.635637 0.492014
vt 0.628531 0.492014
vt 0.628516 0.493771
vt 0.159415 0.661884
vt 0.159412 0.659809
vt 0.159402 0.658048
vt 0.628531 0.499678
vt 0.628546 0.497919
vt 0.628511 0.495844
vt 0.628551 0.495845
vt 0.628516 0.497919
vt 0.628546 0.493771
vt 0.628531 0.499678
vt 0.628531 0.492014
vt 0.159402 0.665713
vt 0.159412 0.663957
vt 0.635637 0.499678
vt 0.635624 0.976871
vt 0.635624 0.976235
vt 0.635858 0.976234
vt 0.635858 0.977030
vt 0.636093 0.976870
vt 0.636093 0.976235
vt 0.636327 0.976234
vt 0.636327 0.977029
vt 0.635859 0.977029
vt 0.635859 0.976393
vt 0.636093 0.976234
vt 0.636093 0.977031
vt 0.635624 0.976235
vt 0.635624 0.976871
vt 0.635389 0.977030
vt 0.635389 0.976234
vt 0.635389 0.976393
vt 0.635389 0.977029
vt 0.635153 0.977030
vt 0.635153 0.976234
vt 0.634447 0.976871
vt 0.634446 0.976236
vt 0.634682 0.976234
vt 0.634682 0.977030
vt 0.634918 0.977029
vt 0.634918 0.976393
vt 0.635153 0.976234
vt 0.635153 0.977030
vt 0.634918 0.976236
vt 0.634917 0.976872
vt 0.634682 0.977030
vt 0.634682 0.976234
vt 0.185908 0.996384
vt 0.185273 0.996382
vt 0.185273 0.976234
vt 0.185908 0.976500
vt 0.615482 0.976234
vt 0.615482 0.977076
vt 0.942415 0.153542
vt 0.942483 0.169811
vt 0.939937 0.169811
vt 0.939868 0.153542
vt 0.237278 0.547187
vt 0.237209 0.529546
vt 0.239755 0.529546
vt 0.239824 0.547187
vt 0.831874 0.813141
vt 0.831896 0.831480
vt 0.829350 0.831480
vt 0.829328 0.813141
vt 0.942483 0.241763
vt 0.942415 0.258000
vt 0.939868 0.258000
vt 0.939937 0.241763
vt 0.939633 0.257980
vt 0.939528 0.272226
vt 0.936981 0.272226
vt 0.937087 0.257980
vt 0.237209 0.492865
vt 0.237278 0.475235
vt 0.239824 0.475235
vt 0.239755 0.492865
vt 0.831806 0.867460
vt 0.831697 0.883718
vt 0.829151 0.883718
vt 0.829260 0.867460
vt 0.237389 0.563450
vt 0.239935 0.563450
vt 0.939712 0.241727
vt 0.937166 0.241727
vt 0.942525 0.187456
vt 0.942539 0.205799
vt 0.939993 0.205799
vt 0.939979 0.187456
vt 0.237538 0.577708
vt 0.240084 0.577708
vt 0.939760 0.187410
vt 0.939776 0.205751
vt 0.937230 0.205751
vt 0.937214 0.187410
vt 0.939760 0.224091
vt 0.937214 0.224091
vt 0.831806 0.795508
vt 0.829260 0.795508
vt 0.942322 0.139276
vt 0.939776 0.139276
vt 0.942525 0.224136
vt 0.939979 0.224137
vt 0.939528 0.139276
vt 0.939633 0.153522
vt 0.937087 0.153522
vt 0.936981 0.139276
vt 0.939712 0.169775
vt 0.937166 0.169775
vt 0.831874 0.849821
vt 0.829328 0.849821
vt 0.831550 0.897972
vt 0.829004 0.897971
vt 0.237186 0.511204
vt 0.239732 0.511204
vt 0.237389 0.458992
vt 0.237538 0.444759
vt 0.240084 0.444759
vt 0.239935 0.458992
vt 0.831697 0.779261
vt 0.829151 0.779260
vt 0.831550 0.765022
vt 0.829004 0.765022
vt 0.942322 0.272226
vt 0.939776 0.272226
vt 0.902206 0.207667
vt 0.867132 0.207440
vt 0.867143 0.192887
vt 0.902218 0.192889
vt 0.902172 0.221872
vt 0.867099 0.221429
vt 0.902117 0.234959
vt 0.867044 0.234316
vt 0.902043 0.246423
vt 0.866971 0.245606
vt 0.185778 0.867249
vt 0.220853 0.866609
vt 0.220972 0.877925
vt 0.185898 0.878740
vt 0.185688 0.854143
vt 0.220765 0.853702
vt 0.185633 0.839925
vt 0.220711 0.839701
vt 0.185614 0.825143
vt 0.220692 0.825144
vt 0.185633 0.810363
vt 0.220711 0.810589
vt 0.185688 0.796155
vt 0.220765 0.796597
vt 0.185778 0.783064
vt 0.220853 0.783706
vt 0.185898 0.771593
vt 0.220972 0.772409
vt 0.867054 0.798597
vt 0.831980 0.799238
vt 0.831896 0.787931
vt 0.866969 0.787116
vt 0.867117 0.811695
vt 0.832043 0.812137
vt 0.867156 0.825908
vt 0.832081 0.826133
vt 0.867169 0.840689
vt 0.832094 0.840689
vt 0.867156 0.855470
vt 0.832081 0.855245
vt 0.867117 0.869683
vt 0.832043 0.869242
vt 0.867054 0.882782
vt 0.831980 0.882141
vt 0.866969 0.894263
vt 0.831896 0.893447
vt 0.886981 0.512779
vt 0.851906 0.513421
vt 0.851789 0.502120
vt 0.886863 0.501304
vt 0.887070 0.525874
vt 0.851993 0.526316
vt 0.887124 0.540084
vt 0.852046 0.540310
vt 0.887142 0.554864
vt 0.852064 0.554865
vt 0.887124 0.569646
vt 0.852046 0.569421
vt 0.887070 0.583861
vt 0.851993 0.583420
vt 0.886981 0.596964
vt 0.851906 0.596324
vt 0.886863 0.608451
vt 0.851789 0.607636
vt 0.902117 0.150774
vt 0.867044 0.151413
vt 0.866971 0.140091
vt 0.902043 0.139276
vt 0.902172 0.163885
vt 0.867099 0.164325
vt 0.902206 0.178105
vt 0.867132 0.178329
vt 0.575200 0.350072
vt 0.563039 0.341946
vt 0.572183 0.324838
vt 0.587507 0.335076
vt 0.520555 0.481999
vt 0.535181 0.481999
vt 0.537082 0.501304
vt 0.518653 0.501304
vt 0.549526 0.336349
vt 0.555157 0.317785
vt 0.549526 0.479145
vt 0.555158 0.497709
vt 0.535181 0.333495
vt 0.537082 0.314190
vt 0.563039 0.473548
vt 0.572184 0.490656
vt 0.520554 0.333495
vt 0.518653 0.314190
vt 0.575200 0.465422
vt 0.587507 0.480417
vt 0.506209 0.336349
vt 0.500578 0.317785
vt 0.585543 0.455080
vt 0.600538 0.467386
vt 0.492696 0.341946
vt 0.483552 0.324838
vt 0.593669 0.442918
vt 0.610777 0.452063
vt 0.480535 0.350072
vt 0.468228 0.335077
vt 0.599266 0.429405
vt 0.617829 0.435036
vt 0.470193 0.360414
vt 0.455197 0.348108
vt 0.602119 0.415060
vt 0.621425 0.416961
vt 0.462067 0.372576
vt 0.444959 0.363431
vt 0.602119 0.400434
vt 0.621425 0.398532
vt 0.462067 0.442918
vt 0.470193 0.455080
vt 0.455197 0.467386
vt 0.444959 0.452063
vt 0.456470 0.386089
vt 0.437906 0.380457
vt 0.599266 0.386089
vt 0.617829 0.380457
vt 0.480535 0.465422
vt 0.468229 0.480418
vt 0.453616 0.400434
vt 0.434311 0.398533
vt 0.593669 0.372576
vt 0.610777 0.363431
vt 0.492697 0.473548
vt 0.483552 0.490656
vt 0.453616 0.415060
vt 0.434311 0.416962
vt 0.585543 0.360414
vt 0.600538 0.348108
vt 0.506210 0.479145
vt 0.500578 0.497709
vt 0.456470 0.429405
vt 0.437906 0.435037
vt 0.003717 0.439227
vt 0.006758 0.438304
vt 0.013810 0.455331
vt 0.011008 0.456828
vt 0.024049 0.470654
vt 0.021593 0.472670
vt 0.037080 0.483685
vt 0.035064 0.486141
vt 0.052403 0.493924
vt 0.050905 0.496726
vt 0.069430 0.500976
vt 0.068507 0.504017
vt 0.087505 0.504572
vt 0.087193 0.507734
vt 0.105934 0.504572
vt 0.106245 0.507734
vt 0.124009 0.500976
vt 0.124931 0.504017
vt 0.141035 0.493924
vt 0.142533 0.496726
vt 0.156358 0.483685
vt 0.158374 0.486141
vt 0.169390 0.470654
vt 0.171846 0.472669
vt 0.179628 0.455330
vt 0.182431 0.456828
vt 0.186681 0.438304
vt 0.189722 0.439227
vt 0.190276 0.420229
vt 0.193439 0.420541
vt 0.190276 0.401800
vt 0.193439 0.401488
vt 0.186681 0.383725
vt 0.189722 0.382803
vt 0.179628 0.366699
vt 0.182431 0.365201
vt 0.169390 0.351375
vt 0.171846 0.349360
vt 0.156358 0.338344
vt 0.158374 0.335888
vt 0.141035 0.328105
vt 0.142533 0.325303
vt 0.124009 0.321053
vt 0.124931 0.318012
vt 0.105934 0.317458
vt 0.106245 0.314295
vt 0.087505 0.317458
vt 0.087193 0.314295
vt 0.069430 0.321053
vt 0.068507 0.318012
vt 0.052403 0.328105
vt 0.050906 0.325303
vt 0.037080 0.338344
vt 0.035064 0.335888
vt 0.024049 0.351376
vt 0.021593 0.349360
vt 0.013810 0.366699
vt 0.011008 0.365201
vt 0.006758 0.383725
vt 0.003717 0.382803
vt 0.003162 0.401800
vt 0.000000 0.401489
vt 0.003162 0.420229
vt 0.000000 0.420541
vt 0.951400 0.459412
vt 0.951455 0.447818
vt 0.953153 0.447818
vt 0.953097 0.459412
vt 0.951635 0.280901
vt 0.951625 0.267816
vt 0.953322 0.267816
vt 0.953332 0.280901
vt 0.512804 0.884489
vt 0.512911 0.894659
vt 0.511213 0.894659
vt 0.511106 0.884489
vt 0.951490 0.435238
vt 0.953188 0.435238
vt 0.951594 0.255230
vt 0.953292 0.255230
vt 0.951480 0.328285
vt 0.951546 0.318137
vt 0.953243 0.318137
vt 0.953178 0.328285
vt 0.951502 0.422156
vt 0.953199 0.422156
vt 0.951546 0.243625
vt 0.953243 0.243625
vt 0.951594 0.306555
vt 0.953292 0.306555
vt 0.951490 0.409073
vt 0.953188 0.409073
vt 0.951480 0.233449
vt 0.953178 0.233449
vt 0.950711 0.706418
vt 0.950789 0.694820
vt 0.952487 0.694820
vt 0.952409 0.706418
vt 0.951625 0.293982
vt 0.953322 0.293982
vt 0.951400 0.384900
vt 0.951324 0.374738
vt 0.953022 0.374738
vt 0.953097 0.384900
vt 0.951456 0.396493
vt 0.953153 0.396493
vt 0.950837 0.682238
vt 0.952535 0.682238
vt 0.950606 0.716585
vt 0.952304 0.716585
vt 0.789348 0.222939
vt 0.791578 0.211728
vt 0.800283 0.212585
vt 0.797718 0.225478
vt 0.677745 0.222939
vt 0.682120 0.233501
vt 0.674406 0.237624
vt 0.669375 0.225479
vt 0.688471 0.169019
vt 0.682120 0.178524
vt 0.674406 0.174401
vt 0.681709 0.163470
vt 0.791578 0.200297
vt 0.800283 0.199439
vt 0.688471 0.243005
vt 0.681709 0.248554
vt 0.677745 0.189085
vt 0.669375 0.186546
vt 0.789348 0.189085
vt 0.797718 0.186546
vt 0.696554 0.251088
vt 0.691005 0.257850
vt 0.675515 0.200297
vt 0.666811 0.199439
vt 0.784974 0.178524
vt 0.792688 0.174401
vt 0.706059 0.257439
vt 0.701935 0.265153
vt 0.675515 0.211728
vt 0.666811 0.212585
vt 0.778623 0.169019
vt 0.785384 0.163470
vt 0.716620 0.261814
vt 0.714081 0.270184
vt 0.770540 0.160936
vt 0.776089 0.154175
vt 0.727831 0.264044
vt 0.726974 0.272749
vt 0.761035 0.154585
vt 0.765158 0.146871
vt 0.739262 0.264044
vt 0.740120 0.272748
vt 0.750474 0.150211
vt 0.753013 0.141841
vt 0.750474 0.261814
vt 0.753013 0.270184
vt 0.739262 0.147981
vt 0.740120 0.139276
vt 0.761035 0.257439
vt 0.765158 0.265153
vt 0.727831 0.147981
vt 0.726974 0.139276
vt 0.770540 0.251088
vt 0.776089 0.257850
vt 0.716620 0.150211
vt 0.714080 0.141840
vt 0.778623 0.243005
vt 0.785384 0.248554
vt 0.706059 0.154585
vt 0.701935 0.146871
vt 0.784974 0.233500
vt 0.792688 0.237624
vt 0.696554 0.160936
vt 0.691005 0.154175
vt 0.512725 0.872888
vt 0.511027 0.872888
vt 0.951324 0.469574
vt 0.953022 0.469574
vt 0.512676 0.860304
vt 0.510978 0.860304
vt 0.950711 0.631905
vt 0.950606 0.621748
vt 0.952304 0.621748
vt 0.952409 0.631905
vt 0.512659 0.847220
vt 0.510962 0.847220
vt 0.950789 0.643495
vt 0.952487 0.643495
vt 0.512676 0.834139
vt 0.510978 0.834139
vt 0.950837 0.656073
vt 0.952535 0.656073
vt 0.512725 0.821563
vt 0.511027 0.821563
vt 0.950853 0.669155
vt 0.952551 0.669155
vt 0.512804 0.809976
vt 0.511106 0.809976
vt 0.512911 0.799823
vt 0.511213 0.799823
vt 0.453215 0.799766
vt 0.443139 0.799697
vt 0.443139 0.695307
vt 0.453215 0.695376
vt 0.558020 0.799820
vt 0.546643 0.799806
vt 0.546644 0.695415
vt 0.558020 0.695429
vt 0.434311 0.799605
vt 0.434311 0.695214
vt 0.535703 0.799764
vt 0.535703 0.695374
vt 0.749430 0.660627
vt 0.758267 0.660562
vt 0.758267 0.764956
vt 0.749430 0.765022
vt 0.525618 0.799697
vt 0.525618 0.695306
vt 0.768348 0.660513
vt 0.768348 0.764907
vt 0.810526 0.605835
vt 0.799152 0.605826
vt 0.799152 0.501430
vt 0.810526 0.501439
vt 0.516777 0.799605
vt 0.516777 0.695215
vt 0.779287 0.660483
vt 0.779287 0.764877
vt 0.788219 0.605799
vt 0.788219 0.501404
vt 0.851789 0.605701
vt 0.842940 0.605758
vt 0.842940 0.501362
vt 0.851789 0.501305
vt 0.790663 0.660473
vt 0.790663 0.764867
vt 0.778147 0.605757
vt 0.778147 0.501361
vt 0.832849 0.605800
vt 0.832849 0.501404
vt 0.802040 0.660483
vt 0.802040 0.764877
vt 0.769323 0.605700
vt 0.769323 0.501304
vt 0.821904 0.605826
vt 0.821904 0.501430
vt 0.812979 0.660513
vt 0.812979 0.764907
vt 0.516777 0.799606
vt 0.507933 0.799698
vt 0.507933 0.695308
vt 0.516777 0.695215
vt 0.823060 0.660562
vt 0.823060 0.764956
vt 0.497845 0.799767
vt 0.497845 0.695377
vt 0.831897 0.660627
vt 0.831897 0.765022
vt 0.486903 0.799809
vt 0.486903 0.695419
vt 0.599243 0.799605
vt 0.590411 0.799696
vt 0.590411 0.695305
vt 0.599243 0.695214
vt 0.475525 0.799824
vt 0.475525 0.695433
vt 0.580333 0.799764
vt 0.580333 0.695373
vt 0.464150 0.799809
vt 0.464150 0.695419
vt 0.569396 0.799806
vt 0.569396 0.695415
vt 0.162058 0.961328
vt 0.162058 0.949505
vt 0.166690 0.949505
vt 0.166690 0.961328
vt 0.937365 0.343731
vt 0.949189 0.343734
vt 0.949193 0.348507
vt 0.937370 0.348504
vt 0.949194 0.354157
vt 0.937370 0.354155
vt 0.949189 0.372707
vt 0.937365 0.372704
vt 0.160665 0.961328
vt 0.160665 0.949505
vt 0.868616 0.461773
vt 0.880213 0.459235
vt 0.881125 0.468421
vt 0.869291 0.467466
vt 0.863623 0.635085
vt 0.851789 0.636040
vt 0.852701 0.626853
vt 0.864298 0.629391
vt 0.866771 0.500557
vt 0.866771 0.488691
vt 0.878594 0.488691
vt 0.878594 0.500557
vt 0.870002 0.645542
vt 0.866928 0.656209
vt 0.861247 0.654093
vt 0.868741 0.644886
vt 0.867731 0.472907
vt 0.878251 0.478408
vt 0.871666 0.486475
vt 0.864173 0.477268
vt 0.865183 0.640526
vt 0.854662 0.646026
vt 0.862912 0.444118
vt 0.874314 0.440833
vt 0.858599 0.608451
vt 0.870002 0.611736
vt 0.865986 0.488590
vt 0.862912 0.477924
vt 0.594218 0.957319
vt 0.594218 0.945495
vt 0.605319 0.945495
vt 0.605319 0.957319
vt 0.673549 0.948623
vt 0.673549 0.960446
vt 0.668918 0.960445
vt 0.668918 0.948622
vt 0.324393 0.913414
vt 0.335802 0.913781
vt 0.336441 0.918577
vt 0.325032 0.918210
vt 0.336513 0.924232
vt 0.325104 0.923865
vt 0.335802 0.942769
vt 0.324393 0.942402
vt 0.674943 0.948623
vt 0.674943 0.960446
vt 0.539943 0.888548
vt 0.551181 0.886260
vt 0.552064 0.895433
vt 0.540597 0.894235
vt 0.011452 0.889306
vt 0.000000 0.890437
vt 0.000882 0.881253
vt 0.012105 0.883613
vt 0.220972 0.956235
vt 0.220972 0.944369
vt 0.232795 0.944369
vt 0.232795 0.956235
vt 0.017624 0.899651
vt 0.014650 0.910345
vt 0.009153 0.908319
vt 0.016405 0.899014
vt 0.539085 0.899625
vt 0.549280 0.905325
vt 0.542899 0.913227
vt 0.535637 0.903896
vt 0.012961 0.894715
vt 0.002780 0.900364
vt 0.534416 0.870835
vt 0.545465 0.867799
vt 0.006590 0.862793
vt 0.017624 0.865902
vt 0.537394 0.915217
vt 0.534416 0.904523
vt 0.732171 0.959821
vt 0.732171 0.948406
vt 0.743272 0.948382
vt 0.743272 0.959797
vt 0.952527 0.606958
vt 0.952527 0.618781
vt 0.947896 0.618779
vt 0.947896 0.606955
vt 0.937365 0.314069
vt 0.947575 0.314706
vt 0.948804 0.319561
vt 0.938595 0.318924
vt 0.948942 0.325230
vt 0.938733 0.324593
vt 0.947575 0.343731
vt 0.937366 0.343094
vt 0.953920 0.606958
vt 0.953921 0.618782
vt 0.925366 0.627241
vt 0.935519 0.625579
vt 0.936317 0.634727
vt 0.925957 0.632919
vt 0.895776 0.283662
vt 0.885442 0.285338
vt 0.886238 0.276168
vt 0.896366 0.277973
vt 0.552064 0.954428
vt 0.552064 0.942562
vt 0.563887 0.942562
vt 0.563887 0.954428
vt 0.901346 0.293645
vt 0.898662 0.304416
vt 0.893701 0.302667
vt 0.900245 0.293071
vt 0.924591 0.638184
vt 0.933801 0.644390
vt 0.928036 0.651884
vt 0.921476 0.642235
vt 0.897138 0.288964
vt 0.887951 0.295069
vt 0.920373 0.609371
vt 0.930355 0.606955
vt 0.891389 0.257549
vt 0.901346 0.260107
vt 0.923063 0.653561
vt 0.920373 0.642792
vt 0.115081 0.949505
vt 0.125310 0.949552
vt 0.125310 0.960653
vt 0.115081 0.960606
vt 0.153248 0.949509
vt 0.153248 0.961332
vt 0.148618 0.961328
vt 0.148618 0.949505
vt 0.927010 0.606748
vt 0.927010 0.598402
vt 0.931773 0.596235
vt 0.931773 0.604581
vt 0.873447 0.305808
vt 0.873447 0.314178
vt 0.867807 0.313451
vt 0.867807 0.305081
vt 0.575091 0.938733
vt 0.583461 0.938815
vt 0.583461 0.957369
vt 0.575091 0.957287
vt 0.154641 0.949509
vt 0.154641 0.961332
vt 0.935271 0.417486
vt 0.943618 0.416499
vt 0.944274 0.425642
vt 0.935757 0.423166
vt 0.935780 0.463712
vt 0.944340 0.461118
vt 0.943681 0.470241
vt 0.935291 0.469382
vt 0.889841 0.954896
vt 0.889841 0.943030
vt 0.901665 0.943030
vt 0.901665 0.954896
vt 0.931166 0.454366
vt 0.933389 0.443490
vt 0.937498 0.444765
vt 0.932077 0.454831
vt 0.934634 0.428309
vt 0.942206 0.435080
vt 0.937466 0.442149
vt 0.932073 0.432131
vt 0.934651 0.458603
vt 0.942262 0.451741
vt 0.931165 0.399400
vt 0.939372 0.397654
vt 0.939414 0.489089
vt 0.931166 0.487470
vt 0.933378 0.443490
vt 0.931165 0.432611
vt 0.798796 0.946644
vt 0.807166 0.946537
vt 0.807166 0.957638
vt 0.798796 0.957744
vt 0.960356 0.538905
vt 0.960356 0.550729
vt 0.955727 0.550724
vt 0.955727 0.538901
vt 0.943251 0.884542
vt 0.933026 0.885206
vt 0.934250 0.880365
vt 0.944475 0.879700
vt 0.934388 0.874700
vt 0.944612 0.874036
vt 0.933026 0.856197
vt 0.943251 0.855533
vt 0.961749 0.538906
vt 0.961749 0.550729
vt 0.907626 0.463100
vt 0.917755 0.461316
vt 0.918551 0.470483
vt 0.908216 0.468788
vt 0.912762 0.771589
vt 0.923131 0.769814
vt 0.922332 0.778966
vt 0.912170 0.777269
vt 0.082412 0.956503
vt 0.082412 0.944637
vt 0.094236 0.944637
vt 0.094236 0.956503
vt 0.907173 0.761690
vt 0.909866 0.750920
vt 0.914844 0.752615
vt 0.908277 0.762250
vt 0.906853 0.474085
vt 0.916041 0.480205
vt 0.910290 0.487788
vt 0.903746 0.478184
vt 0.911395 0.766315
vt 0.920613 0.760134
vt 0.902645 0.445232
vt 0.912603 0.442695
vt 0.917164 0.797588
vt 0.907173 0.795138
vt 0.905329 0.489526
vt 0.902645 0.478754
vt 0.923233 0.128107
vt 0.933479 0.128032
vt 0.933479 0.139133
vt 0.923233 0.139208
vt 0.277356 0.950479
vt 0.277356 0.962302
vt 0.272728 0.962297
vt 0.272728 0.950473
vt 0.545834 0.944186
vt 0.534416 0.944565
vt 0.535049 0.939785
vt 0.546467 0.939406
vt 0.535120 0.934134
vt 0.546538 0.933755
vt 0.534416 0.915595
vt 0.545834 0.915217
vt 0.278749 0.950479
vt 0.278749 0.962302
vt 0.040770 0.883603
vt 0.051995 0.881254
vt 0.052877 0.890437
vt 0.041424 0.889296
vt 0.088596 0.884568
vt 0.100067 0.883387
vt 0.099183 0.892563
vt 0.087941 0.890257
vt 0.627774 0.956364
vt 0.627774 0.944498
vt 0.639598 0.944498
vt 0.639598 0.956364
vt 0.082412 0.874266
vt 0.085392 0.863572
vt 0.090898 0.865571
vt 0.083634 0.874896
vt 0.039914 0.894702
vt 0.050096 0.900359
vt 0.043723 0.908306
vt 0.036470 0.898998
vt 0.087083 0.879174
vt 0.097281 0.873486
vt 0.035251 0.865891
vt 0.046286 0.862793
vt 0.093465 0.911023
vt 0.082412 0.907969
vt 0.038225 0.910327
vt 0.035251 0.899632
vt 0.193112 0.655559
vt 0.193112 0.666983
vt 0.182012 0.666945
vt 0.182012 0.655521
vt 0.049113 0.951204
vt 0.049113 0.963027
vt 0.044486 0.963022
vt 0.044486 0.951199
vt 0.940848 0.914820
vt 0.952671 0.914821
vt 0.952674 0.919579
vt 0.940850 0.919578
vt 0.952674 0.925225
vt 0.940851 0.925223
vt 0.952671 0.943777
vt 0.940848 0.943775
vt 0.050505 0.951204
vt 0.050505 0.963028
vt 0.837085 0.278490
vt 0.848683 0.275952
vt 0.849594 0.285139
vt 0.837761 0.284183
vt 0.816800 0.456338
vt 0.828634 0.455383
vt 0.827722 0.464569
vt 0.816125 0.462031
vt 0.446134 0.944565
vt 0.446134 0.956431
vt 0.434311 0.956431
vt 0.434311 0.944565
vt 0.810421 0.445880
vt 0.813495 0.435213
vt 0.819176 0.437328
vt 0.811682 0.446536
vt 0.836201 0.289625
vt 0.846721 0.295126
vt 0.840136 0.303193
vt 0.832643 0.293985
vt 0.815240 0.450897
vt 0.825760 0.445396
vt 0.831382 0.260834
vt 0.842784 0.257549
vt 0.821823 0.482973
vt 0.810421 0.479687
vt 0.834456 0.305308
vt 0.831382 0.294641
vt 0.798796 0.946537
vt 0.798796 0.958361
vt 0.787696 0.958361
vt 0.787696 0.946537
vt 0.379687 0.951521
vt 0.379687 0.963344
vt 0.375062 0.963339
vt 0.375062 0.951516
vt 0.469614 0.915213
vt 0.481025 0.915595
vt 0.481663 0.920375
vt 0.470252 0.919994
vt 0.481735 0.926026
vt 0.470324 0.925645
vt 0.481025 0.944564
vt 0.469614 0.944183
vt 0.381080 0.951522
vt 0.381080 0.963345
vt 0.457493 0.888554
vt 0.468731 0.886254
vt 0.469614 0.895430
vt 0.458147 0.894243
vt 0.616326 0.888753
vt 0.627774 0.887607
vt 0.626892 0.896789
vt 0.615672 0.894446
vt 0.181648 0.944072
vt 0.181648 0.955938
vt 0.169825 0.955938
vt 0.169825 0.944072
vt 0.610154 0.878422
vt 0.613128 0.867726
vt 0.618624 0.869744
vt 0.611374 0.879056
vt 0.456635 0.899635
vt 0.466830 0.905328
vt 0.460449 0.913238
vt 0.453187 0.903911
vt 0.614816 0.883349
vt 0.624994 0.877687
vt 0.451966 0.870841
vt 0.463015 0.867793
vt 0.621185 0.915251
vt 0.610154 0.912159
vt 0.454944 0.915234
vt 0.451966 0.904540
vt 0.312810 0.947387
vt 0.312810 0.958805
vt 0.301709 0.958843
vt 0.301709 0.947425
vt 0.412649 0.951523
vt 0.412649 0.963347
vt 0.408025 0.963342
vt 0.408025 0.951519
vt 0.937365 0.284394
vt 0.947577 0.285060
vt 0.948805 0.289902
vt 0.938594 0.289236
vt 0.948943 0.295566
vt 0.938732 0.294901
vt 0.947577 0.314069
vt 0.937365 0.313403
vt 0.414041 0.951524
vt 0.414041 0.963347
vt 0.737164 0.903524
vt 0.747318 0.901838
vt 0.748116 0.910990
vt 0.737756 0.909204
vt 0.262401 0.898036
vt 0.272728 0.896330
vt 0.271933 0.905496
vt 0.261812 0.903724
vt 0.657255 0.944518
vt 0.657255 0.956384
vt 0.645432 0.956384
vt 0.645432 0.944518
vt 0.256835 0.888077
vt 0.259517 0.877305
vt 0.264474 0.879038
vt 0.257935 0.888647
vt 0.736390 0.914475
vt 0.745600 0.920664
vt 0.739835 0.928176
vt 0.733274 0.918535
vt 0.261040 0.892742
vt 0.270221 0.886613
vt 0.732171 0.885654
vt 0.742154 0.883215
vt 0.266785 0.924119
vt 0.256835 0.921593
vt 0.734862 0.929864
vt 0.732171 0.919094
vt 0.658685 0.948622
vt 0.668918 0.948697
vt 0.668918 0.959798
vt 0.658685 0.959722
vt 0.397459 0.951532
vt 0.397460 0.963356
vt 0.392837 0.963352
vt 0.392837 0.951528
vt 0.949603 0.854779
vt 0.941276 0.855533
vt 0.943007 0.850599
vt 0.951333 0.849844
vt 0.943201 0.844912
vt 0.951527 0.844158
vt 0.941276 0.826459
vt 0.949603 0.825704
vt 0.398852 0.951533
vt 0.398852 0.963356
vt 0.936520 0.019694
vt 0.944897 0.018849
vt 0.945555 0.027971
vt 0.937008 0.025363
vt 0.936845 0.680663
vt 0.945408 0.678031
vt 0.944748 0.687148
vt 0.936356 0.686329
vt 0.819199 0.941257
vt 0.819199 0.953123
vt 0.807375 0.953123
vt 0.807375 0.941257
vt 0.932229 0.671348
vt 0.934453 0.660473
vt 0.938563 0.661727
vt 0.933141 0.671809
vt 0.935881 0.030469
vt 0.943480 0.037341
vt 0.938723 0.044307
vt 0.933310 0.034234
vt 0.935716 0.675564
vt 0.943328 0.668674
vt 0.932400 0.001604
vt 0.940636 0.000000
vt 0.940480 0.705996
vt 0.932229 0.704418
vt 0.934620 0.045575
vt 0.932400 0.034698
vt 0.148618 0.960606
vt 0.140258 0.960681
vt 0.140258 0.949580
vt 0.148618 0.949505
vt 0.456588 0.951664
vt 0.456588 0.963488
vt 0.451966 0.963485
vt 0.451966 0.951662
vt 0.367154 0.947396
vt 0.356935 0.948038
vt 0.358161 0.943187
vt 0.368380 0.942544
vt 0.358298 0.937519
vt 0.368518 0.936876
vt 0.356935 0.919017
vt 0.367154 0.918374
vt 0.457980 0.951664
vt 0.457980 0.963488
vt 0.915396 0.633397
vt 0.905275 0.635198
vt 0.904480 0.626028
vt 0.914806 0.627707
vt 0.246463 0.897951
vt 0.256835 0.896149
vt 0.256036 0.905298
vt 0.245871 0.903629
vt 0.862845 0.940156
vt 0.862845 0.952022
vt 0.851022 0.952022
vt 0.851022 0.940156
vt 0.240872 0.888074
vt 0.243566 0.877305
vt 0.248545 0.878985
vt 0.241977 0.888631
vt 0.916168 0.622406
vt 0.906987 0.616298
vt 0.912733 0.608703
vt 0.919273 0.618300
vt 0.245096 0.892684
vt 0.254316 0.886484
vt 0.920373 0.651264
vt 0.910423 0.653818
vt 0.250866 0.923919
vt 0.240872 0.921498
vt 0.917691 0.606955
vt 0.920373 0.617727
vt 0.759670 0.960111
vt 0.749430 0.960165
vt 0.749430 0.949064
vt 0.759670 0.949010
vt 0.861657 0.952023
vt 0.861657 0.963847
vt 0.857036 0.963845
vt 0.857035 0.952022
vt 0.943814 0.074558
vt 0.932400 0.074926
vt 0.933035 0.070135
vt 0.944450 0.069766
vt 0.933106 0.064480
vt 0.944521 0.064112
vt 0.932400 0.045943
vt 0.943814 0.045575
vt 0.863049 0.952024
vt 0.863049 0.963847
vt 0.076895 0.890303
vt 0.065675 0.892661
vt 0.064793 0.883477
vt 0.076241 0.884610
vt 0.633959 0.888710
vt 0.645432 0.887515
vt 0.644548 0.896689
vt 0.633304 0.894397
vt 0.707248 0.941082
vt 0.707248 0.952948
vt 0.695425 0.952948
vt 0.695425 0.941082
vt 0.627774 0.878419
vt 0.630754 0.867726
vt 0.636262 0.869718
vt 0.628996 0.879047
vt 0.077751 0.879202
vt 0.067573 0.873551
vt 0.073943 0.865598
vt 0.081193 0.874903
vt 0.632446 0.883319
vt 0.642646 0.877621
vt 0.082412 0.908015
vt 0.071382 0.911122
vt 0.638829 0.915149
vt 0.627774 0.912109
vt 0.079439 0.863572
vt 0.082412 0.874267
vt 0.368036 0.948065
vt 0.368036 0.959486
vt 0.356935 0.959459
vt 0.356935 0.948038
vt 0.521398 0.952127
vt 0.521398 0.963951
vt 0.516777 0.963951
vt 0.516777 0.952127
vt 0.952671 0.914820
vt 0.940848 0.914820
vt 0.940848 0.910050
vt 0.952671 0.910050
vt 0.940848 0.904401
vt 0.952671 0.904401
vt 0.940848 0.885851
vt 0.952671 0.885851
vt 0.522790 0.952127
vt 0.522790 0.963951
vt 0.857209 0.467650
vt 0.845611 0.470188
vt 0.844700 0.461002
vt 0.856533 0.461957
vt 0.855973 0.278673
vt 0.867807 0.277718
vt 0.866895 0.286904
vt 0.855298 0.284366
vt 0.686771 0.941099
vt 0.686771 0.952965
vt 0.674948 0.952965
vt 0.674948 0.941099
vt 0.849595 0.268215
vt 0.852668 0.257549
vt 0.858349 0.259664
vt 0.850855 0.268871
vt 0.858094 0.456516
vt 0.847573 0.451015
vt 0.854158 0.442948
vt 0.861652 0.452155
vt 0.854413 0.273232
vt 0.864934 0.267731
vt 0.862912 0.485305
vt 0.851510 0.488591
vt 0.860997 0.305307
vt 0.849595 0.302021
vt 0.859839 0.440833
vt 0.862912 0.451499
vt 0.017624 0.957564
vt 0.017624 0.945740
vt 0.028725 0.945740
vt 0.028725 0.957564
vt 0.852414 0.963847
vt 0.852414 0.952024
vt 0.857036 0.952022
vt 0.857036 0.963846
vt 0.944350 0.735347
vt 0.932935 0.734979
vt 0.932300 0.730188
vt 0.943715 0.730556
vt 0.932229 0.724533
vt 0.943643 0.724902
vt 0.932935 0.705996
vt 0.944350 0.706364
vt 0.851022 0.963847
vt 0.851022 0.952024
vt 0.446437 0.894464
vt 0.435194 0.896755
vt 0.434311 0.887582
vt 0.445782 0.888777
vt 0.106237 0.884610
vt 0.117683 0.883477
vt 0.116802 0.892661
vt 0.105584 0.890304
vt 0.854947 0.488691
vt 0.854947 0.500557
vt 0.843124 0.500557
vt 0.843124 0.488691
vt 0.100067 0.874267
vt 0.103040 0.863572
vt 0.108535 0.865598
vt 0.101286 0.874903
vt 0.447295 0.883387
vt 0.437096 0.877688
vt 0.443480 0.869785
vt 0.450744 0.879114
vt 0.104728 0.879202
vt 0.114904 0.873551
vt 0.451966 0.912176
vt 0.440913 0.915216
vt 0.111096 0.911122
vt 0.100067 0.908015
vt 0.448987 0.867793
vt 0.451966 0.878486
vt 0.185614 0.959413
vt 0.185614 0.947992
vt 0.196715 0.947965
vt 0.196715 0.959386
vt 0.459372 0.963488
vt 0.459373 0.951664
vt 0.463994 0.951662
vt 0.463994 0.963485
vt 0.064459 0.948569
vt 0.054240 0.947926
vt 0.053014 0.943075
vt 0.063234 0.943717
vt 0.052877 0.937407
vt 0.063096 0.938049
vt 0.054240 0.918905
vt 0.064459 0.919548
vt 0.457980 0.963488
vt 0.457980 0.951665
vt 0.196575 0.905064
vt 0.186413 0.906733
vt 0.185614 0.897584
vt 0.195983 0.899386
vt 0.912909 0.111332
vt 0.923233 0.109653
vt 0.922438 0.118823
vt 0.912320 0.117022
vt 0.336216 0.942768
vt 0.336216 0.954634
vt 0.324392 0.954634
vt 0.324393 0.942769
vt 0.907344 0.101352
vt 0.910026 0.090580
vt 0.914981 0.092328
vt 0.908444 0.101925
vt 0.197350 0.894120
vt 0.188132 0.887918
vt 0.193902 0.880420
vt 0.200468 0.890066
vt 0.911548 0.106031
vt 0.920726 0.099923
vt 0.201572 0.922933
vt 0.191582 0.925355
vt 0.917292 0.137444
vt 0.907344 0.134889
vt 0.198879 0.878740
vt 0.201572 0.889509
vt 0.842136 0.960285
vt 0.831897 0.960232
vt 0.831897 0.949131
vt 0.842136 0.949184
vt 0.400244 0.963356
vt 0.400244 0.951532
vt 0.404867 0.951528
vt 0.404867 0.963352
vt 0.922252 0.606764
vt 0.922252 0.598404
vt 0.927010 0.596236
vt 0.927009 0.604596
vt 0.953300 0.536600
vt 0.944940 0.536443
vt 0.944340 0.530785
vt 0.952699 0.530942
vt 0.944940 0.512241
vt 0.953300 0.512398
vt 0.398852 0.963356
vt 0.398852 0.951533
vt 0.351541 0.914891
vt 0.343177 0.915875
vt 0.342519 0.906733
vt 0.351053 0.909211
vt 0.602766 0.925283
vt 0.594218 0.927892
vt 0.594876 0.918770
vt 0.603253 0.919614
vt 0.831022 0.941257
vt 0.831022 0.953123
vt 0.819199 0.953123
vt 0.819199 0.941257
vt 0.607373 0.934619
vt 0.605153 0.945495
vt 0.601050 0.944228
vt 0.606463 0.934155
vt 0.352179 0.904070
vt 0.344592 0.897297
vt 0.349340 0.890230
vt 0.354745 0.900250
vt 0.603893 0.930389
vt 0.596293 0.937262
vt 0.355654 0.932976
vt 0.347431 0.934719
vt 0.599137 0.899920
vt 0.607373 0.901524
vt 0.353437 0.888892
vt 0.355654 0.899769
vt 0.136030 0.960681
vt 0.127669 0.960606
vt 0.127669 0.949505
vt 0.136030 0.949580
vt 0.415434 0.963346
vt 0.415434 0.951523
vt 0.420058 0.951518
vt 0.420058 0.963342
vt 0.937682 0.607620
vt 0.947896 0.606955
vt 0.946669 0.611798
vt 0.936454 0.612462
vt 0.946531 0.617463
vt 0.936317 0.618127
vt 0.947896 0.635965
vt 0.937682 0.636630
vt 0.414041 0.963347
vt 0.414041 0.951523
vt 0.839571 0.461636
vt 0.829430 0.463418
vt 0.828634 0.454252
vt 0.838980 0.455949
vt 0.211933 0.904729
vt 0.201572 0.906515
vt 0.202370 0.897364
vt 0.212524 0.899049
vt 0.213396 0.943908
vt 0.213396 0.955774
vt 0.201572 0.955774
vt 0.201572 0.943908
vt 0.217518 0.914620
vt 0.214827 0.925390
vt 0.209853 0.923701
vt 0.216414 0.914061
vt 0.840344 0.450653
vt 0.831146 0.444532
vt 0.836903 0.436951
vt 0.843456 0.446555
vt 0.213299 0.910000
vt 0.204088 0.916190
vt 0.844558 0.479504
vt 0.834588 0.482039
vt 0.207535 0.878740
vt 0.217518 0.881179
vt 0.841870 0.435213
vt 0.844558 0.445984
vt 0.052877 0.948643
vt 0.063113 0.948569
vt 0.063113 0.959669
vt 0.052877 0.959744
vt 0.382472 0.963344
vt 0.382472 0.951521
vt 0.387097 0.951516
vt 0.387097 0.963339
vt 0.646140 0.915548
vt 0.657552 0.915168
vt 0.656916 0.919948
vt 0.645503 0.920329
vt 0.656844 0.925600
vt 0.645432 0.925980
vt 0.657552 0.944138
vt 0.646140 0.944518
vt 0.381080 0.963345
vt 0.381080 0.951522
vt 0.879919 0.284272
vt 0.868689 0.286620
vt 0.867807 0.277437
vt 0.879265 0.278579
vt 0.656899 0.894176
vt 0.645432 0.895363
vt 0.646315 0.886188
vt 0.657553 0.888487
vt 0.481437 0.944565
vt 0.481437 0.956430
vt 0.469614 0.956430
vt 0.469614 0.944564
vt 0.663080 0.904473
vt 0.660102 0.915168
vt 0.654597 0.913172
vt 0.661858 0.903845
vt 0.880776 0.273174
vt 0.870589 0.267516
vt 0.876965 0.259570
vt 0.884222 0.268878
vt 0.658410 0.899569
vt 0.648216 0.905261
vt 0.885442 0.301984
vt 0.874401 0.305081
vt 0.652031 0.867726
vt 0.663080 0.870774
vt 0.882466 0.257549
vt 0.885442 0.268244
vt 0.285762 0.958761
vt 0.285762 0.947342
vt 0.296862 0.947380
vt 0.296862 0.958798
vt 0.039860 0.963027
vt 0.039860 0.951204
vt 0.044486 0.951199
vt 0.044486 0.963022
vt 0.240874 0.923920
vt 0.252697 0.923919
vt 0.252696 0.928678
vt 0.240872 0.928679
vt 0.252696 0.934324
vt 0.240872 0.934325
vt 0.252697 0.952875
vt 0.240874 0.952876
vt 0.038467 0.963028
vt 0.038467 0.951204
vt 0.815617 0.632653
vt 0.804020 0.635191
vt 0.803108 0.626004
vt 0.814942 0.626960
vt 0.833154 0.632469
vt 0.821321 0.633425
vt 0.822232 0.624238
vt 0.833830 0.626776
vt 0.534416 0.956431
vt 0.534416 0.944565
vt 0.546239 0.944565
vt 0.546239 0.956431
vt 0.839533 0.642927
vt 0.836460 0.653594
vt 0.830779 0.651479
vt 0.838273 0.642271
vt 0.816502 0.621518
vt 0.805981 0.616017
vt 0.812566 0.607950
vt 0.820060 0.617158
vt 0.834714 0.637911
vt 0.824194 0.643412
vt 0.821321 0.650309
vt 0.809918 0.653594
vt 0.828131 0.605835
vt 0.839533 0.609120
vt 0.818247 0.605835
vt 0.821321 0.616502
vt 0.768564 0.958346
vt 0.768564 0.946523
vt 0.779665 0.946523
vt 0.779665 0.958346
vt 0.280142 0.962302
vt 0.280142 0.950478
vt 0.284770 0.950473
vt 0.284770 0.962297
vt 0.446432 0.944565
vt 0.435016 0.944186
vt 0.434382 0.939406
vt 0.445798 0.939784
vt 0.434311 0.933755
vt 0.445727 0.934133
vt 0.435016 0.915216
vt 0.446432 0.915595
vt 0.278749 0.962302
vt 0.278749 0.950479
vt 0.528892 0.894481
vt 0.517660 0.896780
vt 0.516777 0.887604
vt 0.528238 0.888792
vt 0.029077 0.889296
vt 0.017624 0.890438
vt 0.018506 0.881254
vt 0.029731 0.883603
vt -0.000000 0.955852
vt 0.000000 0.943986
vt 0.011823 0.943986
vt 0.011823 0.955852
vt 0.035251 0.899632
vt 0.032276 0.910328
vt 0.026778 0.908307
vt 0.034031 0.898998
vt 0.529749 0.883399
vt 0.519560 0.877706
vt 0.525937 0.869795
vt 0.533195 0.879122
vt 0.030587 0.894702
vt 0.020405 0.900360
vt 0.534416 0.912195
vt 0.523373 0.915243
vt 0.024216 0.862793
vt 0.035251 0.865891
vt 0.531439 0.867799
vt 0.534416 0.878494
vt 0.902645 0.500986
vt 0.902645 0.489563
vt 0.913745 0.489526
vt 0.913745 0.500948
vt 0.957119 0.562557
vt 0.957119 0.550734
vt 0.961748 0.550729
vt 0.961748 0.562553
vt 0.946880 0.569797
vt 0.936659 0.569134
vt 0.935434 0.564292
vt 0.945656 0.564955
vt 0.935296 0.558627
vt 0.945518 0.559290
vt 0.936659 0.540124
vt 0.946880 0.540787
vt 0.955726 0.562558
vt 0.955726 0.550734
vt 0.312649 0.911048
vt 0.302506 0.912735
vt 0.301709 0.903582
vt 0.312058 0.905367
vt 0.726237 0.894608
vt 0.715902 0.896303
vt 0.716698 0.887137
vt 0.726827 0.888920
vt 0.492625 0.955009
vt 0.492625 0.943143
vt 0.504448 0.943143
vt 0.504448 0.955009
vt 0.731808 0.904575
vt 0.729124 0.915346
vt 0.724163 0.913608
vt 0.730708 0.904004
vt 0.313423 0.900095
vt 0.304222 0.893906
vt 0.309981 0.886393
vt 0.316534 0.896034
vt 0.727600 0.899905
vt 0.718412 0.906025
vt 0.317637 0.928919
vt 0.307665 0.931359
vt 0.721850 0.868515
vt 0.731808 0.871052
vt 0.314949 0.884704
vt 0.317637 0.895475
vt 0.933479 0.128032
vt 0.943722 0.128106
vt 0.943722 0.139207
vt 0.933479 0.139133
vt 0.156034 0.961332
vt 0.156034 0.949509
vt 0.160665 0.949505
vt 0.160665 0.961328
vt 0.932723 0.490118
vt 0.941035 0.489089
vt 0.939477 0.494081
vt 0.931165 0.495110
vt 0.939477 0.499772
vt 0.931165 0.500800
vt 0.420806 0.938712
vt 0.429180 0.938835
vt 0.429180 0.957388
vt 0.420806 0.957265
vt 0.154641 0.961332
vt 0.154641 0.949509
vt 0.855128 0.914126
vt 0.863479 0.913106
vt 0.864135 0.922253
vt 0.855615 0.919809
vt 0.178342 0.923749
vt 0.169825 0.926225
vt 0.170481 0.917081
vt 0.178828 0.918068
vt 0.940848 0.955642
vt 0.940848 0.943776
vt 0.952671 0.943776
vt 0.952671 0.955642
vt 0.182934 0.933194
vt 0.180721 0.944072
vt 0.176633 0.942732
vt 0.182026 0.932713
vt 0.854491 0.924960
vt 0.862066 0.931706
vt 0.857325 0.938799
vt 0.851929 0.928794
vt 0.179465 0.928892
vt 0.171893 0.935663
vt 0.851022 0.896042
vt 0.859231 0.894263
vt 0.174727 0.898236
vt 0.182934 0.899982
vt 0.853235 0.940156
vt 0.851022 0.929278
vt 0.842136 0.949196
vt 0.850511 0.949131
vt 0.850511 0.960232
vt 0.842136 0.960298
vt 0.781058 0.958349
vt 0.781058 0.946526
vt 0.785689 0.946523
vt 0.785689 0.958346
vt 0.936655 0.570431
vt 0.946886 0.569797
vt 0.945664 0.574651
vt 0.935434 0.575285
vt 0.945527 0.580320
vt 0.935297 0.580954
vt 0.946886 0.598821
vt 0.936656 0.599456
vt 0.779665 0.958349
vt 0.779665 0.946526
vt 0.874983 0.628877
vt 0.885113 0.627071
vt 0.885909 0.636240
vt 0.875573 0.634567
vt 0.296124 0.910670
vt 0.285761 0.912476
vt 0.286560 0.903328
vt 0.296715 0.904993
vt 0.877855 0.954053
vt 0.877855 0.942187
vt 0.889678 0.942187
vt 0.889678 0.954053
vt 0.301709 0.920545
vt 0.299018 0.931314
vt 0.294044 0.929636
vt 0.300606 0.919988
vt 0.874210 0.639870
vt 0.883399 0.645972
vt 0.877648 0.653572
vt 0.871103 0.643978
vt 0.297490 0.915936
vt 0.288277 0.922140
vt 0.870002 0.611011
vt 0.879961 0.608451
vt 0.291725 0.884704
vt 0.301709 0.887122
vt 0.872686 0.655322
vt 0.870002 0.644551
vt 0.342519 0.948922
vt 0.352769 0.948876
vt 0.352769 0.959977
vt 0.342519 0.960023
vt 0.744665 0.960207
vt 0.744665 0.948384
vt 0.749297 0.948382
vt 0.749297 0.960206
vt 0.628476 0.915511
vt 0.639896 0.915149
vt 0.639265 0.919943
vt 0.627845 0.920306
vt 0.639194 0.925599
vt 0.627774 0.925961
vt 0.639896 0.944136
vt 0.628476 0.944498
vt 0.743272 0.960207
vt 0.743272 0.948384
vt 0.886644 0.461654
vt 0.897869 0.459293
vt 0.898751 0.468477
vt 0.887298 0.467348
vt 0.481082 0.894231
vt 0.469614 0.895428
vt 0.470497 0.886254
vt 0.481737 0.888543
vt 0.854947 0.500557
vt 0.854947 0.488691
vt 0.866771 0.488691
vt 0.866771 0.500557
vt 0.487264 0.904520
vt 0.484285 0.915213
vt 0.478780 0.913223
vt 0.486042 0.903892
vt 0.885788 0.472756
vt 0.895970 0.478404
vt 0.889597 0.486360
vt 0.882344 0.477056
vt 0.482594 0.899621
vt 0.472399 0.905321
vt 0.881124 0.443943
vt 0.892160 0.440833
vt 0.476214 0.867793
vt 0.487264 0.870831
vt 0.884099 0.488387
vt 0.881124 0.477692
vt 0.312810 0.958813
vt 0.312810 0.947387
vt 0.323911 0.947411
vt 0.323911 0.958836
vt 0.682312 0.656288
vt 0.697165 0.656288
vt 0.697577 0.660473
vt 0.681900 0.660473
vt 0.010933 0.550678
vt 0.005084 0.564800
vt 0.003063 0.564187
vt 0.009071 0.549682
vt 0.667745 0.653391
vt 0.666525 0.657414
vt 0.614339 0.588315
vt 0.617237 0.602882
vt 0.613213 0.604102
vt 0.610154 0.588727
vt 0.285220 0.130077
vt 0.284476 0.000015
vt 0.301090 0.000000
vt 0.301090 0.130063
vt 0.654024 0.647707
vt 0.652041 0.651415
vt 0.614339 0.573462
vt 0.610154 0.573050
vt 0.269960 0.130119
vt 0.268500 0.000059
vt 0.641674 0.639455
vt 0.639007 0.642706
vt 0.617236 0.558895
vt 0.613213 0.557675
vt 0.057066 0.512817
vt 0.042944 0.518667
vt 0.041949 0.516805
vt 0.056453 0.510797
vt 0.631172 0.628953
vt 0.627922 0.631620
vt 0.622920 0.545173
vt 0.619212 0.543191
vt 0.255897 0.130187
vt 0.253777 0.000130
vt 0.622920 0.616604
vt 0.619212 0.618586
vt 0.631172 0.532824
vt 0.627921 0.530156
vt 0.105421 0.130247
vt 0.107542 0.000184
vt 0.120436 0.000319
vt 0.117737 0.130377
vt 0.641674 0.522322
vt 0.639007 0.519071
vt 0.091366 0.130151
vt 0.092828 0.000083
vt 0.654023 0.514070
vt 0.652041 0.510362
vt 0.116458 0.518667
vt 0.102336 0.512817
vt 0.102949 0.510797
vt 0.117454 0.516805
vt 0.667745 0.508386
vt 0.666525 0.504362
vt 0.076111 0.130092
vt 0.076857 0.000021
vt 0.682312 0.505489
vt 0.681900 0.501304
vt 0.044371 0.130092
vt 0.043629 0.000021
vt 0.060245 0.000000
vt 0.060243 0.130072
vt 0.697165 0.505489
vt 0.697577 0.501304
vt 0.029106 0.130151
vt 0.027648 0.000083
vt 0.711732 0.508386
vt 0.712952 0.504362
vt 0.406157 0.081021
vt 0.405589 0.184086
vt 0.390368 0.184048
vt 0.399052 0.081004
vt 0.725454 0.514070
vt 0.727436 0.510362
vt 0.015034 0.130247
vt 0.012916 0.000184
vt 0.148469 0.624192
vt 0.154319 0.610070
vt 0.156339 0.610683
vt 0.150331 0.625188
vt 0.157301 0.595078
vt 0.159402 0.595285
vt 0.157301 0.579792
vt 0.159402 0.579585
vt 0.154319 0.564800
vt 0.156339 0.564187
vt 0.148469 0.550678
vt 0.139977 0.537968
vt 0.141609 0.536629
vt 0.150332 0.549682
vt 0.421491 0.081033
vt 0.421487 0.184098
vt 0.129168 0.527159
vt 0.130508 0.525527
vt 0.087344 0.509835
vt 0.087551 0.507734
vt 0.002697 0.130377
vt 0.000000 0.000319
vt 0.376318 0.183989
vt 0.379321 0.000074
vt 0.392439 0.000130
vt 0.030234 0.527159
vt 0.028895 0.525527
vt 0.072058 0.509835
vt 0.071851 0.507734
vt 0.002101 0.579792
vt 0.000000 0.579585
vt 0.243570 0.130278
vt 0.240872 0.000225
vt 0.019426 0.537968
vt 0.017793 0.536628
vt 0.010933 0.624192
vt 0.019425 0.636902
vt 0.017793 0.638241
vt 0.009071 0.625188
vt 0.317704 0.000015
vt 0.316960 0.130077
vt 0.030234 0.647711
vt 0.028895 0.649343
vt 0.042944 0.656203
vt 0.057066 0.662053
vt 0.056453 0.664073
vt 0.041948 0.658065
vt 0.238174 0.183918
vt 0.240872 0.313976
vt 0.227974 0.314109
vt 0.225853 0.184046
vt 0.072058 0.665035
vt 0.087344 0.665035
vt 0.087551 0.667136
vt 0.071851 0.667136
vt 0.196537 0.184199
vt 0.197282 0.314269
vt 0.180669 0.314290
vt 0.180668 0.184218
vt 0.102336 0.662053
vt 0.116458 0.656203
vt 0.117454 0.658065
vt 0.102949 0.664073
vt 0.164797 0.184199
vt 0.164054 0.314269
vt 0.148076 0.314208
vt 0.149534 0.184140
vt 0.129168 0.647711
vt 0.139977 0.636902
vt 0.141609 0.638242
vt 0.130508 0.649343
vt 0.135466 0.184046
vt 0.133347 0.314109
vt 0.120436 0.313976
vt 0.123133 0.183918
vt 0.937365 0.341065
vt 0.933794 0.341065
vt 0.933782 0.325461
vt 0.937353 0.325438
vt 0.933747 0.310451
vt 0.937317 0.310407
vt 0.933688 0.296613
vt 0.937259 0.296548
vt 0.933610 0.284477
vt 0.937181 0.284394
vt 0.516482 0.913083
vt 0.512910 0.913000
vt 0.513036 0.900876
vt 0.516607 0.900941
vt 0.513129 0.887046
vt 0.516700 0.887091
vt 0.513186 0.872041
vt 0.516757 0.872064
vt 0.513205 0.856439
vt 0.516777 0.856439
vt 0.513186 0.840839
vt 0.516757 0.840816
vt 0.513129 0.825840
vt 0.516700 0.825795
vt 0.513036 0.812019
vt 0.516607 0.811953
vt 0.512910 0.799906
vt 0.516482 0.799823
vt 0.936770 0.252536
vt 0.933199 0.252453
vt 0.933289 0.240335
vt 0.936860 0.240400
vt 0.933355 0.226509
vt 0.936926 0.226554
vt 0.933397 0.211507
vt 0.936968 0.211530
vt 0.933410 0.195906
vt 0.936981 0.195906
vt 0.933397 0.180305
vt 0.936968 0.180282
vt 0.933355 0.165303
vt 0.936926 0.165258
vt 0.933289 0.151477
vt 0.936860 0.151412
vt 0.933199 0.139359
vt 0.936770 0.139276
vt 0.825008 0.765022
vt 0.828579 0.765105
vt 0.828452 0.777212
vt 0.824880 0.777147
vt 0.828357 0.791030
vt 0.824786 0.790985
vt 0.828299 0.806027
vt 0.824727 0.806004
vt 0.828279 0.821626
vt 0.824708 0.821626
vt 0.828299 0.837229
vt 0.824727 0.837252
vt 0.828357 0.852236
vt 0.824786 0.852281
vt 0.828452 0.866069
vt 0.824880 0.866135
vt 0.828579 0.878198
vt 0.825008 0.878281
vt 0.937181 0.397654
vt 0.933610 0.397571
vt 0.933688 0.385470
vt 0.937259 0.385535
vt 0.933747 0.371657
vt 0.937317 0.371702
vt 0.933782 0.356663
vt 0.937353 0.356687
vt 0.005083 0.610070
vt 0.003063 0.610683
vt 0.711732 0.653390
vt 0.712953 0.657414
vt 0.002101 0.595078
vt -0.000000 0.595285
vt 0.725454 0.647707
vt 0.727436 0.651415
vt 0.333680 0.000059
vt 0.332220 0.130119
vt 0.737803 0.639455
vt 0.740471 0.642706
vt 0.748305 0.628953
vt 0.751556 0.631620
vt 0.211794 0.184140
vt 0.213255 0.314208
vt 0.756557 0.616604
vt 0.760265 0.618586
vt 0.762241 0.602882
vt 0.766265 0.604102
vt 0.765138 0.588315
vt 0.769323 0.588727
vt 0.765138 0.573462
vt 0.769323 0.573050
vt 0.348403 0.000130
vt 0.346284 0.130187
vt 0.762241 0.558895
vt 0.766265 0.557674
vt 0.756557 0.545173
vt 0.760265 0.543191
vt 0.361308 0.000225
vt 0.358610 0.130278
vt 0.748305 0.532824
vt 0.751556 0.530156
vt 0.737803 0.522322
vt 0.740471 0.519071
vt 0.949362 0.303840
vt 0.949373 0.288630
vt 0.951480 0.288630
vt 0.951468 0.303841
vt 0.773655 0.414433
vt 0.767805 0.428556
vt 0.766013 0.427599
vt 0.771711 0.413843
vt 0.949327 0.318459
vt 0.951433 0.318462
vt 0.776637 0.399440
vt 0.774615 0.399241
vt 0.949270 0.331928
vt 0.951376 0.331931
vt 0.776637 0.384152
vt 0.774616 0.384352
vt 0.949194 0.343727
vt 0.951300 0.343731
vt 0.773655 0.369159
vt 0.771711 0.369749
vt 0.240445 0.870045
vt 0.240569 0.881871
vt 0.238463 0.881876
vt 0.238339 0.870048
vt 0.767805 0.355036
vt 0.766013 0.355993
vt 0.240353 0.856556
vt 0.238247 0.856559
vt 0.759311 0.342325
vt 0.757741 0.343614
vt 0.240296 0.841924
vt 0.238190 0.841925
vt 0.748502 0.331515
vt 0.747213 0.333086
vt 0.240277 0.826710
vt 0.238171 0.826710
vt 0.735791 0.323022
vt 0.734834 0.324814
vt 0.240296 0.811499
vt 0.238190 0.811498
vt 0.721668 0.317172
vt 0.721078 0.319116
vt 0.240353 0.796876
vt 0.238247 0.796874
vt 0.706674 0.314190
vt 0.706475 0.316211
vt 0.240445 0.783403
vt 0.238339 0.783400
vt 0.691387 0.314190
vt 0.691586 0.316211
vt 0.240569 0.771598
vt 0.238463 0.771593
vt 0.676394 0.317172
vt 0.676984 0.319116
vt 0.125444 0.806626
vt 0.125357 0.794810
vt 0.127463 0.794806
vt 0.127551 0.806623
vt 0.662271 0.323022
vt 0.663228 0.324814
vt 0.125509 0.820107
vt 0.127616 0.820105
vt 0.649560 0.331516
vt 0.650848 0.333086
vt 0.125549 0.834735
vt 0.127656 0.834734
vt 0.638750 0.342325
vt 0.640320 0.343614
vt 0.125563 0.849947
vt 0.127669 0.849947
vt 0.630257 0.355036
vt 0.632049 0.355993
vt 0.125549 0.865159
vt 0.127656 0.865160
vt 0.624407 0.369159
vt 0.626351 0.369749
vt 0.125509 0.879787
vt 0.127616 0.879789
vt 0.621425 0.384153
vt 0.623446 0.384352
vt 0.125444 0.893268
vt 0.127551 0.893271
vt 0.621425 0.399440
vt 0.623446 0.399241
vt 0.125357 0.905084
vt 0.127463 0.905088
vt 0.624407 0.414433
vt 0.626351 0.413843
vt 0.949052 0.386552
vt 0.948930 0.374742
vt 0.951037 0.374738
vt 0.951159 0.386549
vt 0.630257 0.428557
vt 0.632049 0.427599
vt 0.949143 0.400029
vt 0.951249 0.400027
vt 0.638750 0.441267
vt 0.640320 0.439979
vt 0.949199 0.414654
vt 0.951305 0.414653
vt 0.649560 0.452077
vt 0.650848 0.450507
vt 0.949218 0.429865
vt 0.951324 0.429865
vt 0.662271 0.460570
vt 0.663228 0.458779
vt 0.949199 0.445078
vt 0.951305 0.445080
vt 0.676394 0.466420
vt 0.676984 0.464476
vt 0.949143 0.459709
vt 0.951249 0.459711
vt 0.691387 0.469402
vt 0.691586 0.467381
vt 0.949052 0.473194
vt 0.951159 0.473197
vt 0.706674 0.469402
vt 0.706475 0.467381
vt 0.948930 0.485016
vt 0.951037 0.485020
vt 0.721668 0.466420
vt 0.721078 0.464476
vt 0.949270 0.245286
vt 0.949194 0.233453
vt 0.951300 0.233449
vt 0.951376 0.245283
vt 0.735791 0.460570
vt 0.734834 0.458778
vt 0.949327 0.258780
vt 0.951433 0.258777
vt 0.748502 0.452077
vt 0.747213 0.450507
vt 0.949362 0.273415
vt 0.951468 0.273414
vt 0.759311 0.441267
vt 0.757741 0.439979
vt 0.466705 0.183989
vt 0.468820 0.314044
vt 0.454083 0.314106
vt 0.452628 0.184048
vt 0.421494 0.009156
vt 0.406622 0.009144
vt 0.406680 0.000164
vt 0.421494 0.000175
vt 0.217949 0.878840
vt 0.220972 0.878740
vt 0.220972 0.950634
vt 0.217849 0.950737
vt 0.436371 0.009144
vt 0.436314 0.000164
vt 0.399056 0.009126
vt 0.450569 0.000130
vt 0.443945 0.009126
vt 0.476402 0.956430
vt 0.478099 0.956430
vt 0.478099 0.974948
vt 0.476402 0.974948
vt 0.476402 0.974948
vt 0.474705 0.974948
vt 0.474705 0.956430
vt 0.476402 0.956430
vt 0.265000 0.877304
vt 0.265000 0.873710
vt 0.283517 0.873710
vt 0.285761 0.877303
vt 0.240872 0.877305
vt 0.243117 0.873711
vt 0.261634 0.873711
vt 0.261634 0.877304
vt 0.495651 0.976234
vt 0.497348 0.976234
vt 0.497348 0.979600
vt 0.495651 0.979600
vt 0.261634 0.809021
vt 0.261634 0.805427
vt 0.243117 0.809022
vt 0.240872 0.805428
vt 0.022053 0.989073
vt 0.022053 0.976262
vt 0.023750 0.976234
vt 0.023750 0.989045
vt 0.201572 0.925390
vt 0.214380 0.925390
vt 0.214380 0.943908
vt 0.201572 0.943907
vt 0.025447 0.989073
vt 0.025447 0.976262
vt 0.027144 0.976234
vt 0.027144 0.989045
vt 0.823274 0.136790
vt 0.823274 0.118273
vt 0.837764 0.118274
vt 0.837764 0.136791
vt 0.261634 0.855856
vt 0.261634 0.859221
vt 0.243117 0.859221
vt 0.243117 0.855857
vt 0.018658 0.989045
vt 0.018658 0.976234
vt 0.020355 0.976262
vt 0.020355 0.989073
vt 0.028841 0.989045
vt 0.028841 0.976234
vt 0.030538 0.976262
vt 0.030538 0.989073
vt 0.575091 0.971863
vt 0.575091 0.957369
vt 0.576788 0.957397
vt 0.576788 0.971891
vt 0.495651 0.976234
vt 0.495651 0.979600
vt 0.493954 0.979628
vt 0.493954 0.976262
vt 0.473008 0.974948
vt 0.471311 0.974948
vt 0.471311 0.956430
vt 0.473008 0.956430
vt 0.283517 0.839682
vt 0.283517 0.843047
vt 0.265000 0.843048
vt 0.265000 0.839683
vt 0.261634 0.839683
vt 0.261634 0.843048
vt 0.243117 0.843049
vt 0.243117 0.839684
vt 0.602705 0.957347
vt 0.602705 0.971840
vt 0.601008 0.971812
vt 0.601008 0.957319
vt 0.488863 0.979600
vt 0.487166 0.979628
vt 0.487166 0.976262
vt 0.488863 0.976234
vt 0.032235 0.976262
vt 0.032235 0.989073
vt 0.030538 0.989045
vt 0.030538 0.976234
vt 0.473008 0.956430
vt 0.474705 0.974948
vt 0.580182 0.971863
vt 0.580182 0.957369
vt 0.581879 0.957397
vt 0.581879 0.971891
vt 0.965956 0.971873
vt 0.965956 0.957380
vt 0.967653 0.957408
vt 0.967653 0.971901
vt 0.215598 0.491442
vt 0.198378 0.484634
vt 0.199615 0.481505
vt 0.216836 0.488313
vt 0.219966 0.489550
vt 0.237186 0.496358
vt 0.235949 0.499487
vt 0.218728 0.492679
vt 0.434311 0.974948
vt 0.434311 0.956431
vt 0.436008 0.956431
vt 0.655734 0.956384
vt 0.657432 0.956384
vt 0.657432 0.974901
vt 0.655734 0.974901
vt 0.488863 0.979628
vt 0.488863 0.976262
vt 0.490560 0.976234
vt 0.490560 0.979600
vt 0.490560 0.976262
vt 0.492257 0.976234
vt 0.492257 0.979600
vt 0.490560 0.979628
vt 0.469614 0.956430
vt 0.471311 0.956430
vt 0.471311 0.974948
vt 0.469614 0.974948
vt 0.578485 0.971891
vt 0.578485 0.957397
vt 0.580182 0.957369
vt 0.580182 0.971863
vt 0.576788 0.971890
vt 0.576788 0.957397
vt 0.578485 0.957369
vt 0.578485 0.971862
vt 0.492257 0.976262
vt 0.493954 0.976234
vt 0.493954 0.979600
vt 0.492257 0.979628
vt 0.953177 0.328285
vt 0.953177 0.342778
vt 0.951480 0.342806
vt 0.951480 0.328312
vt 0.028841 0.989045
vt 0.027144 0.989073
vt 0.027144 0.976262
vt 0.028841 0.976234
vt 0.652340 0.956384
vt 0.654037 0.956384
vt 0.654037 0.974901
vt 0.652340 0.974901
vt 0.439402 0.956431
vt 0.441099 0.956431
vt 0.441099 0.974948
vt 0.439402 0.974948
vt 0.227491 0.461362
vt 0.210271 0.454555
vt 0.211508 0.451426
vt 0.228728 0.458234
vt 0.221545 0.476402
vt 0.204324 0.469594
vt 0.205561 0.466465
vt 0.222782 0.473273
vt 0.261634 0.823511
vt 0.261634 0.826876
vt 0.243117 0.826876
vt 0.243117 0.823512
vt 0.589740 0.955762
vt 0.591437 0.955762
vt 0.591437 0.974279
vt 0.589740 0.974279
vt 0.603622 0.957347
vt 0.605319 0.957319
vt 0.605319 0.971812
vt 0.603622 0.971840
vt 0.020355 0.989073
vt 0.020355 0.976262
vt 0.022053 0.976234
vt 0.022053 0.989045
vt 0.283517 0.823510
vt 0.283517 0.826875
vt 0.265000 0.826875
vt 0.265000 0.823511
vt 0.903313 0.656937
vt 0.899950 0.656937
vt 0.899950 0.638419
vt 0.903313 0.638419
vt 0.441099 0.956431
vt 0.442796 0.956431
vt 0.442796 0.974948
vt 0.441099 0.974948
vt 0.655735 0.974901
vt 0.654037 0.974901
vt 0.654037 0.956384
vt 0.655735 0.956384
vt 0.828071 0.896799
vt 0.824708 0.896799
vt 0.824708 0.878281
vt 0.828071 0.878281
vt 0.025447 0.976262
vt 0.025447 0.989073
vt 0.023750 0.989045
vt 0.023750 0.976234
vt 0.265000 0.859220
vt 0.265000 0.855856
vt 0.283517 0.855855
vt 0.283517 0.859220
vt 0.437705 0.956431
vt 0.439402 0.956431
vt 0.437705 0.974948
vt 0.762238 0.949010
vt 0.749430 0.949010
vt 0.749430 0.930492
vt 0.762238 0.930493
vt 0.852254 0.136790
vt 0.852254 0.118273
vt 0.866744 0.118274
vt 0.866744 0.136791
vt 0.837764 0.136790
vt 0.837764 0.118273
vt 0.852254 0.118274
vt 0.852254 0.136791
vt 0.744979 0.929865
vt 0.744979 0.948382
vt 0.732171 0.948382
vt 0.732171 0.929864
vt 0.899950 0.638420
vt 0.899950 0.656937
vt 0.887142 0.656937
vt 0.887142 0.638419
vt 0.828634 0.500556
vt 0.828634 0.482039
vt 0.843124 0.482039
vt 0.843124 0.500557
vt 0.436829 0.081021
vt 0.437391 0.184086
vt 0.395448 0.581881
vt 0.390602 0.565906
vt 0.395873 0.563722
vt 0.401044 0.580768
vt 0.264610 0.527687
vt 0.251705 0.538278
vt 0.247670 0.534243
vt 0.261440 0.522942
vt 0.359236 0.527687
vt 0.344513 0.519817
vt 0.346696 0.514545
vt 0.362406 0.522942
vt 0.295309 0.514971
vt 0.279333 0.519817
vt 0.277150 0.514545
vt 0.294196 0.509375
vt 0.372141 0.658714
vt 0.382732 0.645809
vt 0.387476 0.648979
vt 0.376176 0.662748
vt 0.397084 0.598496
vt 0.402790 0.598496
vt 0.344513 0.677174
vt 0.359236 0.669304
vt 0.362406 0.674049
vt 0.346696 0.682446
vt 0.372141 0.538278
vt 0.376176 0.534243
vt 0.390602 0.631085
vt 0.395448 0.615110
vt 0.401044 0.616223
vt 0.395873 0.633269
vt 0.311923 0.513334
vt 0.311923 0.507629
vt 0.382732 0.551183
vt 0.387476 0.548013
vt 0.240872 0.542526
vt 0.248218 0.542526
vt 0.251705 0.658714
vt 0.264610 0.669305
vt 0.261440 0.674049
vt 0.247670 0.662748
vt 0.328537 0.514971
vt 0.329650 0.509375
vt 0.279333 0.677174
vt 0.295309 0.682020
vt 0.294196 0.687617
vt 0.277150 0.682446
vt 0.311923 0.683657
vt 0.328537 0.682020
vt 0.329650 0.687617
vt 0.311923 0.689363
vt 0.665871 0.249290
vt 0.665894 0.267020
vt 0.648920 0.267020
vt 0.648897 0.249291
vt 0.902823 0.343669
vt 0.902747 0.327960
vt 0.919721 0.327960
vt 0.919797 0.343669
vt 0.867169 0.915621
vt 0.867311 0.901845
vt 0.884285 0.901845
vt 0.884143 0.915621
vt 0.665960 0.214525
vt 0.665894 0.231565
vt 0.648920 0.231565
vt 0.648986 0.214525
vt 0.867417 0.886130
vt 0.867482 0.869081
vt 0.884456 0.869081
vt 0.884391 0.886130
vt 0.665960 0.284071
vt 0.666067 0.299790
vt 0.649093 0.299790
vt 0.648986 0.284071
vt 0.867504 0.851352
vt 0.867482 0.833626
vt 0.884456 0.833626
vt 0.884478 0.851352
vt 0.867311 0.800879
vt 0.867169 0.787116
vt 0.884143 0.787116
vt 0.884285 0.800879
vt 0.902869 0.396170
vt 0.902885 0.378443
vt 0.919860 0.378443
vt 0.919844 0.396170
vt 0.867417 0.816583
vt 0.884391 0.816583
vt 0.902645 0.314190
vt 0.919619 0.314190
vt 0.902747 0.428926
vt 0.902823 0.413216
vt 0.919797 0.413216
vt 0.919721 0.428926
vt 0.902869 0.360715
vt 0.919844 0.360715
vt 0.666212 0.313572
vt 0.649238 0.313572
vt 0.666067 0.198824
vt 0.649093 0.198824
vt 0.902645 0.442695
vt 0.919619 0.442695
vt 0.666212 0.185066
vt 0.649238 0.185067
vt 0.513199 0.689126
vt 0.530927 0.687380
vt 0.532114 0.693351
vt 0.513199 0.695214
vt 0.462716 0.673812
vt 0.478426 0.682209
vt 0.476096 0.687834
vt 0.459334 0.678874
vt 0.563682 0.673812
vt 0.577452 0.662512
vt 0.581757 0.666817
vt 0.567065 0.678874
vt 0.495472 0.687380
vt 0.494284 0.693351
vt 0.602320 0.615986
vt 0.604066 0.598259
vt 0.610155 0.598259
vt 0.608292 0.617174
vt 0.547973 0.682209
vt 0.550303 0.687834
vt 0.588753 0.547776
vt 0.577452 0.534006
vt 0.581757 0.529701
vt 0.593815 0.544394
vt 0.588753 0.648742
vt 0.597150 0.633032
vt 0.602774 0.635362
vt 0.593815 0.652124
vt 0.530927 0.509138
vt 0.513199 0.507392
vt 0.513199 0.501304
vt 0.532115 0.503167
vt 0.602320 0.580532
vt 0.597150 0.563486
vt 0.602774 0.561156
vt 0.608292 0.579344
vt 0.462716 0.522706
vt 0.448947 0.534006
vt 0.444642 0.529701
vt 0.459334 0.517644
vt 0.563682 0.522706
vt 0.547973 0.514309
vt 0.550303 0.508684
vt 0.567065 0.517644
vt 0.495472 0.509138
vt 0.478426 0.514309
vt 0.476096 0.508684
vt 0.494284 0.503167
vt 0.442149 0.542290
vt 0.434311 0.542290
vt 0.448947 0.662512
vt 0.444642 0.666817
vt 0.902407 0.170730
vt 0.902326 0.153968
vt 0.919301 0.153968
vt 0.919382 0.170730
vt 0.889841 0.797588
vt 0.889993 0.782888
vt 0.906967 0.782888
vt 0.906816 0.797588
vt 0.904211 0.532736
vt 0.904140 0.550918
vt 0.887166 0.550918
vt 0.887237 0.532736
vt 0.890106 0.766121
vt 0.890176 0.747929
vt 0.907150 0.747929
vt 0.907080 0.766121
vt 0.904211 0.606942
vt 0.904325 0.623714
vt 0.887351 0.623714
vt 0.887237 0.606942
vt 0.890199 0.729013
vt 0.890176 0.710099
vt 0.907150 0.710099
vt 0.907173 0.729013
vt 0.889993 0.675158
vt 0.889841 0.660473
vt 0.906816 0.660473
vt 0.906967 0.675158
vt 0.902457 0.226749
vt 0.902474 0.207833
vt 0.919449 0.207833
vt 0.919432 0.226749
vt 0.890106 0.691914
vt 0.907080 0.691915
vt 0.902217 0.139276
vt 0.919192 0.139276
vt 0.902326 0.261699
vt 0.902407 0.244937
vt 0.919382 0.244937
vt 0.919301 0.261699
vt 0.904116 0.569831
vt 0.887142 0.569831
vt 0.902457 0.188919
vt 0.919432 0.188919
vt 0.904480 0.638419
vt 0.887505 0.638419
vt 0.904325 0.515983
vt 0.887351 0.515983
vt 0.904140 0.588748
vt 0.887166 0.588748
vt 0.902217 0.276391
vt 0.919192 0.276391
vt 0.904480 0.501304
vt 0.887505 0.501304
vt 0.299474 0.976234
vt 0.299557 0.986816
vt 0.298719 0.987575
vt 0.298719 0.976309
vt 0.910713 0.971882
vt 0.911668 0.961343
vt 0.912591 0.961344
vt 0.911455 0.972884
vt 0.973462 0.605029
vt 0.973462 0.569800
vt 0.974559 0.569797
vt 0.974559 0.605867
vt 0.970324 0.228394
vt 0.970324 0.193164
vt 0.971534 0.192320
vt 0.971534 0.228391
vt 0.087742 0.986907
vt 0.087742 0.977158
vt 0.088579 0.976399
vt 0.088579 0.987665
vt 0.086905 0.987830
vt 0.086905 0.976234
vt 0.135537 0.997985
vt 0.135528 0.987446
vt 0.136377 0.987446
vt 0.136387 0.998658
vt 0.335476 0.987805
vt 0.334703 0.977293
vt 0.335476 0.976234
vt 0.037867 0.959086
vt 0.038467 0.970612
vt 0.036943 0.959117
vt 0.092766 0.986906
vt 0.092766 0.977158
vt 0.093604 0.976399
vt 0.093604 0.987665
vt 0.091929 0.987830
vt 0.091929 0.976234
vt 0.977202 0.906466
vt 0.977202 0.941695
vt 0.976295 0.942528
vt 0.976295 0.906458
vt 0.975315 0.520906
vt 0.975315 0.485676
vt 0.976315 0.485682
vt 0.976315 0.521754
vt 0.347468 0.986331
vt 0.347468 0.976234
vt 0.348316 0.976524
vt 0.312397 0.976993
vt 0.311558 0.987501
vt 0.311558 0.976234
vt 0.910713 0.950804
vt 0.911455 0.949803
vt 0.072669 0.986907
vt 0.072669 0.977158
vt 0.073506 0.976399
vt 0.073506 0.987665
vt 0.071832 0.987830
vt 0.071832 0.976234
vt 0.976297 0.139276
vt 0.976297 0.174506
vt 0.975327 0.175352
vt 0.975327 0.139280
vt 0.974246 0.520913
vt 0.974246 0.485684
vt 0.975315 0.485676
vt 0.975315 0.521746
vt 0.340973 0.976234
vt 0.341757 0.986787
vt 0.340973 0.987600
vt 0.326622 0.987336
vt 0.326622 0.976234
vt 0.327446 0.986984
vt 0.591732 0.960812
vt 0.592688 0.950273
vt 0.593612 0.950274
vt 0.592476 0.961814
vt 0.976498 0.647034
vt 0.976498 0.682264
vt 0.975528 0.682259
vt 0.975528 0.646188
vt 0.974895 0.269526
vt 0.974895 0.304755
vt 0.973825 0.305588
vt 0.973825 0.269518
vt 0.079368 0.986907
vt 0.079368 0.977158
vt 0.080206 0.976399
vt 0.080205 0.987666
vt 0.078531 0.987831
vt 0.078531 0.976234
vt 0.297871 0.987444
vt 0.297870 0.976906
vt 0.298718 0.976234
vt 0.298718 0.987444
vt 0.974014 0.023612
vt 0.974615 0.013047
vt 0.975537 0.013016
vt 0.212511 0.986774
vt 0.213360 0.976234
vt 0.213360 0.987775
vt 0.975929 0.068173
vt 0.975929 0.032945
vt 0.976838 0.032936
vt 0.976838 0.069006
vt 0.975294 0.942536
vt 0.975294 0.907306
vt 0.976295 0.942529
vt 0.064295 0.986906
vt 0.064295 0.977158
vt 0.065132 0.976399
vt 0.065132 0.987665
vt 0.063458 0.987830
vt 0.063458 0.976234
vt 0.307092 0.976993
vt 0.307010 0.987575
vt 0.306256 0.987500
vt 0.306256 0.976234
vt 0.591732 0.939735
vt 0.592476 0.938733
vt 0.089417 0.986906
vt 0.089417 0.977158
vt 0.090254 0.976399
vt 0.090254 0.987665
vt 0.088579 0.987830
vt 0.088580 0.976234
vt 0.974895 0.750924
vt 0.974895 0.786152
vt 0.973799 0.786990
vt 0.973799 0.750920
vt 0.971581 0.068166
vt 0.971581 0.032936
vt 0.972790 0.032938
vt 0.972790 0.069010
vt 0.307175 0.987575
vt 0.307092 0.976993
vt 0.307929 0.976234
vt 0.307929 0.987500
vt 0.389723 0.939714
vt 0.388768 0.950252
vt 0.387843 0.950253
vt 0.388980 0.938712
vt 0.973536 0.731782
vt 0.973536 0.696553
vt 0.974632 0.696550
vt 0.974632 0.732620
vt 0.969115 0.192320
vt 0.969115 0.227550
vt 0.967904 0.228394
vt 0.967904 0.192322
vt 0.084392 0.977158
vt 0.084393 0.986907
vt 0.083555 0.987665
vt 0.083555 0.976399
vt 0.085230 0.976234
vt 0.085230 0.987830
vt 0.334703 0.987805
vt 0.333930 0.977295
vt 0.334703 0.976234
vt 0.974014 0.001520
vt 0.104490 0.977158
vt 0.104490 0.986906
vt 0.103653 0.987665
vt 0.103653 0.976399
vt 0.105327 0.976234
vt 0.105327 0.987830
vt 0.864135 0.941004
vt 0.864135 0.976234
vt 0.863133 0.976228
vt 0.863133 0.940156
vt 0.346620 0.986337
vt 0.346620 0.976234
vt 0.347468 0.976522
vt 0.317421 0.986741
vt 0.318258 0.976234
vt 0.318258 0.987500
vt 0.389723 0.960791
vt 0.388980 0.961793
vt 0.081043 0.977158
vt 0.081043 0.986907
vt 0.080206 0.987665
vt 0.080206 0.976399
vt 0.081880 0.976234
vt 0.081880 0.987830
vt 0.975529 0.644069
vt 0.975529 0.608839
vt 0.976498 0.607992
vt 0.976498 0.644064
vt 0.973825 0.268685
vt 0.973825 0.233456
vt 0.974895 0.233448
vt 0.974895 0.269518
vt 0.972630 0.349718
vt 0.971675 0.360257
vt 0.970751 0.360257
vt 0.971888 0.348717
vt 0.975316 0.434758
vt 0.975316 0.469986
vt 0.974247 0.470819
vt 0.974247 0.434749
vt 0.069319 0.977158
vt 0.069319 0.986907
vt 0.068482 0.987665
vt 0.068482 0.976399
vt 0.070157 0.976234
vt 0.070157 0.987830
vt 0.135537 0.976908
vt 0.136387 0.976234
vt 0.038467 0.948521
vt 0.213360 0.986770
vt 0.214208 0.976234
vt 0.214208 0.987773
vt 0.976295 0.409975
vt 0.976295 0.374746
vt 0.977203 0.374738
vt 0.977203 0.410808
vt 0.975898 0.750920
vt 0.975898 0.786151
vt 0.974895 0.786998
vt 0.974895 0.750926
vt 0.124587 0.977158
vt 0.124587 0.986906
vt 0.123750 0.987665
vt 0.123750 0.976399
vt 0.125425 0.976234
vt 0.125425 0.987830
vt 0.972630 0.370796
vt 0.971888 0.371798
vt 0.132961 0.977158
vt 0.132961 0.986906
vt 0.132124 0.987665
vt 0.132124 0.976399
vt 0.133798 0.976234
vt 0.133798 0.987830
vt 0.974559 0.533730
vt 0.974559 0.568959
vt 0.973462 0.569797
vt 0.973462 0.533727
vt 0.970751 0.336568
vt 0.970751 0.371798
vt 0.969542 0.371795
vt 0.969542 0.335723
vt 0.525561 0.952800
vt 0.526516 0.963339
vt 0.525758 0.963339
vt 0.524654 0.952127
vt 0.965694 0.550441
vt 0.964738 0.539902
vt 0.965482 0.538901
vt 0.966618 0.550441
vt 0.117888 0.986907
vt 0.117888 0.977158
vt 0.118726 0.976399
vt 0.118726 0.987666
vt 0.117051 0.987830
vt 0.117051 0.976234
vt 0.974247 0.434749
vt 0.974247 0.469978
vt 0.973129 0.470821
vt 0.973129 0.434751
vt 0.941276 0.824864
vt 0.941276 0.789634
vt 0.942510 0.789633
vt 0.942510 0.825704
vt 0.304500 0.976234
vt 0.304582 0.986816
vt 0.303745 0.987576
vt 0.303745 0.976309
vt 0.966513 0.023599
vt 0.967468 0.013060
vt 0.968392 0.013061
vt 0.967256 0.024601
vt 0.974558 0.647026
vt 0.974558 0.682257
vt 0.973462 0.682259
vt 0.973462 0.646188
vt 0.971925 0.804608
vt 0.971925 0.839837
vt 0.970716 0.840682
vt 0.970716 0.804612
vt 0.973012 0.966402
vt 0.972056 0.955863
vt 0.972815 0.955863
vt 0.973919 0.967075
vt 0.786613 0.958063
vt 0.787568 0.968602
vt 0.786826 0.969603
vt 0.785689 0.958063
vt 0.050505 0.962410
vt 0.051461 0.951871
vt 0.052369 0.951199
vt 0.051265 0.962411
vt 0.972256 0.539902
vt 0.971301 0.550441
vt 0.970377 0.550441
vt 0.971514 0.538901
vt 0.973209 0.123582
vt 0.973209 0.088352
vt 0.974327 0.088353
vt 0.974327 0.124425
vt 0.967904 0.192322
vt 0.967904 0.227551
vt 0.966671 0.228390
vt 0.966671 0.192320
vt 0.099466 0.977158
vt 0.099466 0.986907
vt 0.098628 0.987666
vt 0.098628 0.976399
vt 0.100303 0.976234
vt 0.100303 0.987830
vt 0.346620 0.976234
vt 0.346620 0.986333
vt 0.345768 0.986045
vt 0.316584 0.976992
vt 0.315747 0.987500
vt 0.315747 0.976234
vt 0.966513 0.002521
vt 0.967255 0.001520
vt 0.973012 0.945324
vt 0.973919 0.944651
vt 0.787568 0.947524
vt 0.786826 0.946523
vt 0.976298 0.088352
vt 0.976298 0.123580
vt 0.975328 0.124429
vt 0.975328 0.088359
vt 0.973812 0.227555
vt 0.973813 0.192325
vt 0.974883 0.192320
vt 0.974883 0.228392
vt 0.051461 0.972949
vt 0.052369 0.973623
vt 0.972256 0.560980
vt 0.971514 0.561982
vt 0.119563 0.977158
vt 0.119563 0.986906
vt 0.118726 0.987665
vt 0.118726 0.976399
vt 0.120400 0.976234
vt 0.120400 0.987830
vt 0.974307 0.855533
vt 0.974307 0.890762
vt 0.973190 0.891605
vt 0.973190 0.855535
vt 0.967099 0.336563
vt 0.967099 0.371793
vt 0.965865 0.371795
vt 0.965865 0.335723
vt 0.301315 0.987574
vt 0.301233 0.976993
vt 0.302071 0.976234
vt 0.302071 0.987501
vt 0.184817 0.950162
vt 0.183861 0.960701
vt 0.182938 0.960701
vt 0.184074 0.949161
vt 0.876369 0.973529
vt 0.876369 0.938299
vt 0.877465 0.938296
vt 0.877465 0.974368
vt 0.969542 0.335723
vt 0.969542 0.370952
vt 0.968332 0.371797
vt 0.968332 0.335727
vt 0.107840 0.977158
vt 0.107840 0.986906
vt 0.107002 0.987665
vt 0.107002 0.976399
vt 0.108677 0.976234
vt 0.108677 0.987830
vt 0.525561 0.973878
vt 0.524654 0.974551
vt 0.964738 0.560979
vt 0.965482 0.561981
vt 0.974257 0.375581
vt 0.974257 0.410811
vt 0.973139 0.410809
vt 0.973139 0.374738
vt 0.965865 0.335726
vt 0.965865 0.370954
vt 0.964632 0.371793
vt 0.964632 0.335723
vt 0.111189 0.986907
vt 0.111189 0.977158
vt 0.112026 0.976399
vt 0.112026 0.987665
vt 0.110352 0.987830
vt 0.110352 0.976234
vt 0.344917 0.986338
vt 0.344917 0.976234
vt 0.345768 0.976521
vt 0.313234 0.986741
vt 0.314072 0.976234
vt 0.314072 0.987500
vt 0.184817 0.971239
vt 0.184074 0.972242
vt 0.094441 0.977158
vt 0.094441 0.986907
vt 0.093604 0.987666
vt 0.093604 0.976399
vt 0.095279 0.976234
vt 0.095279 0.987831
vt 0.976528 0.569797
vt 0.976528 0.605026
vt 0.975559 0.605874
vt 0.975559 0.569804
vt 0.974894 0.310682
vt 0.974894 0.345912
vt 0.973825 0.345918
vt 0.973825 0.309847
vt 0.134651 0.976908
vt 0.134664 0.987448
vt 0.133813 0.987448
vt 0.133798 0.976234
vt 0.332316 0.987805
vt 0.331540 0.977295
vt 0.332316 0.976234
vt 0.974520 0.956177
vt 0.973920 0.944651
vt 0.975444 0.956147
vt 0.522790 0.963339
vt 0.523746 0.952801
vt 0.524653 0.952127
vt 0.523549 0.963339
vt 0.971127 0.674471
vt 0.970171 0.685009
vt 0.969248 0.685009
vt 0.970384 0.673469
vt 0.977216 0.855538
vt 0.977216 0.890769
vt 0.976310 0.891605
vt 0.976310 0.855533
vt 0.974928 0.068165
vt 0.974927 0.032936
vt 0.975929 0.032945
vt 0.975929 0.069015
vt 0.337047 0.976234
vt 0.337833 0.986787
vt 0.337047 0.987601
vt 0.325795 0.976234
vt 0.325795 0.987338
vt 0.324968 0.976585
vt 0.970271 0.023599
vt 0.971227 0.013060
vt 0.972151 0.013061
vt 0.971014 0.024601
vt 0.975560 0.568948
vt 0.975559 0.533720
vt 0.976528 0.533727
vt 0.976528 0.569797
vt 0.973858 0.069002
vt 0.973858 0.033772
vt 0.974928 0.032936
vt 0.974928 0.069007
vt 0.973106 0.023271
vt 0.972151 0.012732
vt 0.972910 0.012732
vt 0.974014 0.023944
vt 0.969316 0.013061
vt 0.970272 0.023600
vt 0.969529 0.024601
vt 0.968392 0.013061
vt 0.134664 0.987447
vt 0.134676 0.976908
vt 0.135528 0.976234
vt 0.135515 0.987447
vt 0.064636 0.948569
vt 0.064036 0.959134
vt 0.063113 0.959166
vt 0.212511 0.977236
vt 0.211659 0.987773
vt 0.211659 0.976234
vt 0.920755 0.974233
vt 0.920755 0.939003
vt 0.921664 0.938997
vt 0.921664 0.975069
vt 0.975901 0.804608
vt 0.975901 0.839837
vt 0.974899 0.840688
vt 0.974899 0.804618
vt 0.129612 0.977158
vt 0.129612 0.986906
vt 0.128774 0.987665
vt 0.128774 0.976399
vt 0.130449 0.976234
vt 0.130449 0.987830
vt 0.302908 0.976992
vt 0.302826 0.987574
vt 0.302070 0.987500
vt 0.302070 0.976234
vt 0.970271 0.002521
vt 0.971014 0.001520
vt 0.973106 0.002194
vt 0.974014 0.001520
vt 0.970272 0.002522
vt 0.969529 0.001520
vt 0.974899 0.804611
vt 0.974899 0.839841
vt 0.973803 0.840680
vt 0.973803 0.804608
vt 0.969115 0.227548
vt 0.969115 0.192320
vt 0.970324 0.192324
vt 0.970324 0.228394
vt 0.134676 0.997986
vt 0.135528 0.998658
vt 0.330764 0.976234
vt 0.331540 0.986745
vt 0.330764 0.987805
vt 0.064636 0.970661
vt 0.086067 0.977158
vt 0.086067 0.986906
vt 0.085230 0.987665
vt 0.085230 0.976399
vt 0.086905 0.976234
vt 0.086905 0.987830
vt 0.976298 0.124417
vt 0.976298 0.089187
vt 0.977206 0.088352
vt 0.977206 0.124423
vt 0.975316 0.469978
vt 0.975316 0.434749
vt 0.976316 0.434759
vt 0.976316 0.470829
vt 0.340188 0.987599
vt 0.339403 0.977046
vt 0.340188 0.976234
vt 0.325795 0.987334
vt 0.325795 0.976234
vt 0.326622 0.986982
vt 0.968498 0.539902
vt 0.967542 0.550440
vt 0.966618 0.550441
vt 0.967755 0.538901
vt 0.975326 0.409966
vt 0.975326 0.374738
vt 0.976295 0.374745
vt 0.976295 0.410815
vt 0.975326 0.374743
vt 0.975326 0.409973
vt 0.974257 0.410810
vt 0.974257 0.374738
vt 0.096116 0.977158
vt 0.096116 0.986907
vt 0.095279 0.987666
vt 0.095279 0.976399
vt 0.096953 0.976234
vt 0.096953 0.987831
vt 0.134651 0.997986
vt 0.133798 0.998658
vt 0.973920 0.966742
vt 0.210807 0.986775
vt 0.211659 0.976234
vt 0.211659 0.987775
vt 0.977205 0.140111
vt 0.977205 0.175341
vt 0.976297 0.175347
vt 0.976297 0.139276
vt 0.976310 0.855533
vt 0.976310 0.890762
vt 0.975309 0.891612
vt 0.975309 0.855542
vt 0.523746 0.973878
vt 0.524653 0.974551
vt 0.971127 0.695548
vt 0.970384 0.696550
vt 0.302908 0.986816
vt 0.302990 0.976234
vt 0.303745 0.976309
vt 0.303745 0.987576
vt 0.968498 0.560979
vt 0.967755 0.561982
vt 0.091092 0.977158
vt 0.091092 0.986907
vt 0.090254 0.987665
vt 0.090254 0.976399
vt 0.091929 0.976234
vt 0.091929 0.987830
vt 0.973462 0.644061
vt 0.973462 0.608831
vt 0.974558 0.607992
vt 0.974558 0.644064
vt 0.971534 0.227548
vt 0.971534 0.192320
vt 0.972743 0.192324
vt 0.972743 0.228394
vt 0.608281 0.951518
vt 0.609237 0.962057
vt 0.608477 0.962057
vt 0.607373 0.950845
vt 0.139334 0.961045
vt 0.138379 0.950506
vt 0.139121 0.949505
vt 0.140258 0.961045
vt 0.112864 0.986907
vt 0.112864 0.977158
vt 0.113701 0.976399
vt 0.113701 0.987665
vt 0.112026 0.987830
vt 0.112026 0.976234
vt 0.467154 0.937912
vt 0.467154 0.973142
vt 0.466036 0.973985
vt 0.466036 0.937913
vt 0.300476 0.966545
vt 0.300476 0.931316
vt 0.301709 0.931314
vt 0.301709 0.967384
vt 0.526516 0.963339
vt 0.527472 0.952800
vt 0.528379 0.952127
vt 0.527275 0.963339
vt 0.965488 0.674470
vt 0.964533 0.685009
vt 0.963608 0.685010
vt 0.964745 0.673469
vt 0.973128 0.520905
vt 0.973128 0.485676
vt 0.974246 0.485678
vt 0.974246 0.521748
vt 0.968332 0.335725
vt 0.968332 0.370955
vt 0.967099 0.371795
vt 0.967099 0.335723
vt 0.106165 0.977158
vt 0.106165 0.986907
vt 0.105327 0.987666
vt 0.105327 0.976399
vt 0.107002 0.976234
vt 0.107002 0.987830
vt 0.527472 0.973878
vt 0.528379 0.974551
vt 0.965488 0.695548
vt 0.964745 0.696550
vt 0.101140 0.977158
vt 0.101140 0.986907
vt 0.100303 0.987666
vt 0.100303 0.976399
vt 0.101978 0.976234
vt 0.101978 0.987830
vt 0.973174 0.942531
vt 0.973174 0.907301
vt 0.974292 0.906458
vt 0.974292 0.942529
vt 0.964204 0.227551
vt 0.964204 0.192322
vt 0.965438 0.192320
vt 0.965438 0.228390
vt 0.608282 0.972595
vt 0.607373 0.973269
vt 0.138379 0.971583
vt 0.139121 0.972586
vt 0.973208 0.174504
vt 0.973208 0.139276
vt 0.974326 0.139278
vt 0.974326 0.175348
vt 0.965438 0.228390
vt 0.965438 0.193160
vt 0.966671 0.192320
vt 0.966671 0.228391
vt 0.116213 0.986907
vt 0.116213 0.977158
vt 0.117051 0.976399
vt 0.117051 0.987666
vt 0.115376 0.987830
vt 0.115376 0.976234
vt 0.097791 0.977158
vt 0.097791 0.986906
vt 0.096953 0.987665
vt 0.096953 0.976399
vt 0.098628 0.976234
vt 0.098628 0.987830
vt 0.322837 0.922056
vt 0.322837 0.884704
vt 0.324070 0.884706
vt 0.324070 0.922899
vt 0.408980 0.937787
vt 0.408025 0.927248
vt 0.408785 0.927249
vt 0.409889 0.938461
vt 0.972844 0.762460
vt 0.973799 0.772998
vt 0.973057 0.774001
vt 0.971921 0.762461
vt 0.121238 0.986906
vt 0.121238 0.977158
vt 0.122075 0.976399
vt 0.122075 0.987665
vt 0.120400 0.987830
vt 0.120400 0.976234
vt 0.613879 0.963347
vt 0.612923 0.973885
vt 0.612017 0.974560
vt 0.613121 0.963348
vt 0.882357 0.937699
vt 0.883313 0.927161
vt 0.884238 0.927162
vt 0.883101 0.938702
vt 0.972010 0.523029
vt 0.972010 0.485678
vt 0.973128 0.485676
vt 0.973128 0.523869
vt 0.063222 0.900987
vt 0.063222 0.863637
vt 0.064456 0.862793
vt 0.064456 0.900985
vt 0.114539 0.986907
vt 0.114539 0.977158
vt 0.115376 0.976399
vt 0.115376 0.987665
vt 0.113701 0.987830
vt 0.113701 0.976234
vt 0.481735 0.968537
vt 0.481735 0.931186
vt 0.482853 0.930347
vt 0.482853 0.968539
vt 0.887142 0.609294
vt 0.887142 0.646646
vt 0.885909 0.646645
vt 0.885909 0.608451
vt 0.612923 0.952808
vt 0.612017 0.952136
vt 0.882357 0.916622
vt 0.883101 0.915621
vt 0.122912 0.977158
vt 0.122912 0.986906
vt 0.122075 0.987665
vt 0.122075 0.976399
vt 0.123750 0.976234
vt 0.123750 0.987830
vt 0.408980 0.916709
vt 0.409889 0.916037
vt 0.973799 0.751921
vt 0.973057 0.750920
vt 0.953792 0.915660
vt 0.953792 0.953012
vt 0.952674 0.953013
vt 0.952674 0.914820
vt 0.942701 0.128032
vt 0.942701 0.090682
vt 0.943935 0.089838
vt 0.943935 0.128030
vt 0.052571 0.986907
vt 0.052571 0.977158
vt 0.053409 0.976399
vt 0.053409 0.987665
vt 0.051734 0.987830
vt 0.051734 0.976234
vt 0.305337 0.976234
vt 0.305419 0.986816
vt 0.304582 0.987576
vt 0.304582 0.976310
vt 0.965488 0.695547
vt 0.966444 0.685008
vt 0.967368 0.685010
vt 0.966231 0.696550
vt 0.972366 0.607149
vt 0.972366 0.569797
vt 0.973462 0.569799
vt 0.973462 0.607992
vt 0.962995 0.228386
vt 0.962995 0.191036
vt 0.964204 0.190198
vt 0.964204 0.228390
vt 0.974493 0.359929
vt 0.973538 0.370468
vt 0.972630 0.371141
vt 0.973734 0.359929
vt 0.967368 0.695548
vt 0.968324 0.685010
vt 0.969248 0.685010
vt 0.968111 0.696550
vt 0.976771 0.309847
vt 0.976771 0.347198
vt 0.975864 0.348046
vt 0.975864 0.309853
vt 0.975327 0.140108
vt 0.975327 0.177458
vt 0.974326 0.177468
vt 0.974326 0.139276
vt 0.160436 0.997989
vt 0.159682 0.987478
vt 0.160511 0.987417
vt 0.314910 0.986740
vt 0.315747 0.976234
vt 0.315747 0.987501
vt 0.353693 0.960415
vt 0.354648 0.970953
vt 0.353906 0.971956
vt 0.352769 0.960416
vt 0.059271 0.986907
vt 0.059271 0.977158
vt 0.060108 0.976399
vt 0.060108 0.987665
vt 0.058433 0.987830
vt 0.058433 0.976234
vt 0.974632 0.734734
vt 0.974632 0.697384
vt 0.975602 0.696550
vt 0.975602 0.734742
vt 0.973858 0.033782
vt 0.973858 0.071134
vt 0.972790 0.071129
vt 0.972790 0.032936
vt 0.359301 0.976234
vt 0.359301 0.986335
vt 0.358469 0.986040
vt 0.317421 0.976992
vt 0.316584 0.987500
vt 0.316584 0.976234
vt 0.965488 0.674469
vt 0.966231 0.673469
vt 0.076019 0.986906
vt 0.076019 0.977158
vt 0.076856 0.976399
vt 0.076856 0.987665
vt 0.075181 0.987830
vt 0.075181 0.976234
vt 0.338618 0.976234
vt 0.339403 0.986787
vt 0.338618 0.987601
vt 0.159682 0.986747
vt 0.159682 0.997987
vt 0.158852 0.986807
vt 0.354648 0.970953
vt 0.355604 0.960415
vt 0.356528 0.960416
vt 0.355391 0.971956
vt 0.975864 0.270800
vt 0.975864 0.233448
vt 0.976772 0.233454
vt 0.976772 0.271647
vt 0.974559 0.607979
vt 0.974559 0.570629
vt 0.975559 0.569797
vt 0.975559 0.607988
vt 0.464902 0.952335
vt 0.465857 0.962874
vt 0.465098 0.962874
vt 0.463994 0.951662
vt 0.969453 0.550441
vt 0.968498 0.539902
vt 0.969241 0.538901
vt 0.970377 0.550441
vt 0.300477 0.987574
vt 0.300395 0.976992
vt 0.301233 0.976234
vt 0.301233 0.987500
vt 0.127189 0.950505
vt 0.126233 0.961044
vt 0.125310 0.961045
vt 0.126447 0.949505
vt 0.973536 0.697393
vt 0.973536 0.734745
vt 0.972440 0.734743
vt 0.972440 0.696550
vt 0.949396 0.659936
vt 0.949396 0.622586
vt 0.950606 0.621748
vt 0.950606 0.659940
vt 0.074344 0.986907
vt 0.074344 0.977158
vt 0.075181 0.976399
vt 0.075181 0.987665
vt 0.073506 0.987830
vt 0.073506 0.976234
vt 0.975602 0.734749
vt 0.975602 0.697397
vt 0.976511 0.696550
vt 0.976511 0.734743
vt 0.953177 0.474881
vt 0.953177 0.512232
vt 0.952174 0.512241
vt 0.952174 0.474049
vt 0.158927 0.976234
vt 0.314909 0.976992
vt 0.314072 0.976234
vt 0.354648 0.949876
vt 0.355391 0.948876
vt 0.464902 0.973412
vt 0.463994 0.974086
vt 0.968498 0.560980
vt 0.969240 0.561982
vt 0.974895 0.309824
vt 0.974895 0.272474
vt 0.975864 0.271640
vt 0.975864 0.309831
vt 0.972756 0.270800
vt 0.972756 0.233448
vt 0.973825 0.233454
vt 0.973825 0.271647
vt 0.357638 0.986340
vt 0.357638 0.976234
vt 0.358469 0.976527
vt 0.312397 0.986740
vt 0.313234 0.976234
vt 0.313234 0.987501
vt 0.127189 0.971583
vt 0.126447 0.972586
vt 0.973538 0.349390
vt 0.972630 0.348717
vt 0.967368 0.674471
vt 0.968111 0.673469
vt 0.338618 0.987599
vt 0.337833 0.977046
vt 0.338618 0.976234
vt 0.159682 0.976234
vt 0.354648 0.949876
vt 0.353906 0.948876
vt 0.976771 0.272494
vt 0.976771 0.309846
vt 0.975864 0.309841
vt 0.975864 0.271647
vt 0.974292 0.944640
vt 0.974292 0.907290
vt 0.975294 0.906458
vt 0.975294 0.944649
vt 0.057596 0.986907
vt 0.057596 0.977158
vt 0.058433 0.976399
vt 0.058433 0.987666
vt 0.056758 0.987831
vt 0.056758 0.976234
vt 0.336262 0.976234
vt 0.337047 0.986787
vt 0.336262 0.987601
vt 0.333123 0.976234
vt 0.333123 0.987342
vt 0.332316 0.976589
vt 0.136030 0.971583
vt 0.136985 0.961044
vt 0.137909 0.961045
vt 0.136772 0.972586
vt 0.975864 0.234282
vt 0.975864 0.271632
vt 0.974895 0.271640
vt 0.974896 0.233448
vt 0.973813 0.192320
vt 0.973813 0.229672
vt 0.972743 0.230519
vt 0.972743 0.192326
vt 0.054246 0.977158
vt 0.054246 0.986906
vt 0.053409 0.987665
vt 0.053409 0.976399
vt 0.055084 0.976234
vt 0.055084 0.987830
vt 0.973129 0.434751
vt 0.973129 0.472102
vt 0.972011 0.472942
vt 0.972011 0.434749
vt 0.919785 0.443539
vt 0.919785 0.480889
vt 0.918551 0.480887
vt 0.918551 0.442695
vt 0.611110 0.973886
vt 0.610154 0.963347
vt 0.610912 0.963348
vt 0.407069 0.950251
vt 0.408025 0.960790
vt 0.407281 0.961792
vt 0.406145 0.950252
vt 0.055921 0.986906
vt 0.055921 0.977158
vt 0.056758 0.976399
vt 0.056758 0.987665
vt 0.055084 0.987830
vt 0.055084 0.976234
vt 0.972093 0.893728
vt 0.972093 0.856376
vt 0.973189 0.855533
vt 0.973189 0.893726
vt 0.948594 0.237797
vt 0.948594 0.275147
vt 0.947384 0.275151
vt 0.947384 0.236959
vt 0.300395 0.976992
vt 0.300313 0.987574
vt 0.299557 0.987501
vt 0.299557 0.976234
vt 0.136030 0.950505
vt 0.136772 0.949505
vt 0.067645 0.986907
vt 0.067645 0.977158
vt 0.068482 0.976399
vt 0.068482 0.987666
vt 0.066807 0.987831
vt 0.066807 0.976234
vt 0.219714 0.961948
vt 0.218758 0.972487
vt 0.217849 0.973161
vt 0.218954 0.961949
vt 0.167946 0.972743
vt 0.168902 0.962204
vt 0.169825 0.962205
vt 0.168688 0.973745
vt 0.973139 0.375577
vt 0.973139 0.412927
vt 0.972022 0.412929
vt 0.972022 0.374738
vt 0.356887 0.888892
vt 0.356887 0.926244
vt 0.355654 0.927087
vt 0.355654 0.888894
vt 0.972833 0.828362
vt 0.973788 0.838901
vt 0.973029 0.838901
vt 0.971925 0.827689
vt 0.606449 0.957036
vt 0.605494 0.946497
vt 0.606236 0.945495
vt 0.607373 0.957036
vt 0.340973 0.987599
vt 0.340188 0.977046
vt 0.340973 0.976234
vt 0.333123 0.987338
vt 0.333930 0.986982
vt 0.966512 0.002521
vt 0.965557 0.013059
vt 0.964632 0.013061
vt 0.965769 0.001520
vt 0.975528 0.647022
vt 0.975528 0.684372
vt 0.974558 0.684379
vt 0.974558 0.646188
vt 0.515706 0.951282
vt 0.515706 0.913930
vt 0.516777 0.913083
vt 0.516777 0.951277
vt 0.127937 0.986906
vt 0.127937 0.977158
vt 0.128774 0.976399
vt 0.128774 0.987665
vt 0.127099 0.987830
vt 0.127099 0.976234
vt 0.972056 0.944650
vt 0.972056 0.907298
vt 0.973174 0.906458
vt 0.973174 0.944651
vt 0.749349 0.908814
vt 0.749349 0.946164
vt 0.748116 0.946162
vt 0.748116 0.907970
vt 0.218758 0.951409
vt 0.217849 0.950737
vt 0.167946 0.951665
vt 0.168688 0.950665
vt 0.972833 0.849440
vt 0.971925 0.850113
vt 0.605494 0.967574
vt 0.606237 0.968576
vt 0.973462 0.531601
vt 0.973462 0.568953
vt 0.972366 0.531604
vt 0.217742 0.926228
vt 0.217742 0.963578
vt 0.216532 0.963582
vt 0.216532 0.925390
vt 0.305419 0.986816
vt 0.305501 0.976234
vt 0.306256 0.976310
vt 0.306256 0.987576
vt 0.966512 0.023598
vt 0.965769 0.024601
vt 0.109514 0.977158
vt 0.109514 0.986907
vt 0.108677 0.987666
vt 0.108677 0.976399
vt 0.110352 0.976234
vt 0.110352 0.987830
vt 0.611110 0.952808
vt 0.612017 0.952136
vt 0.408025 0.939712
vt 0.407281 0.938712
vt 0.658670 0.931141
vt 0.658670 0.968491
vt 0.657552 0.968493
vt 0.657552 0.930301
vt 0.849987 0.644029
vt 0.849987 0.606677
vt 0.851221 0.605835
vt 0.851221 0.644028
vt 0.215045 0.977158
vt 0.215045 0.986907
vt 0.214208 0.987831
vt 0.214208 0.976234
vt 0.971921 0.796080
vt 0.972876 0.785541
vt 0.973799 0.785541
vt 0.972662 0.797082
vt 0.973208 0.140121
vt 0.973208 0.177471
vt 0.972112 0.177467
vt 0.972112 0.139276
vt 0.953761 0.672673
vt 0.953761 0.710025
vt 0.952551 0.710864
vt 0.952551 0.672671
vt 0.126262 0.986906
vt 0.126262 0.977158
vt 0.127099 0.976399
vt 0.127099 0.987665
vt 0.125425 0.987830
vt 0.125425 0.976234
vt 0.975898 0.789120
vt 0.975898 0.751770
vt 0.976805 0.750920
vt 0.976805 0.789112
vt 0.945353 0.706832
vt 0.945353 0.744184
vt 0.944350 0.744189
vt 0.944350 0.705996
vt 0.158088 0.976234
vt 0.158852 0.986745
vt 0.158020 0.986806
vt 0.319930 0.976993
vt 0.319094 0.987501
vt 0.319094 0.976234
vt 0.239644 0.893416
vt 0.238688 0.882877
vt 0.239433 0.881876
vt 0.240569 0.893416
vt 0.215883 0.977158
vt 0.215883 0.986907
vt 0.215045 0.987830
vt 0.215045 0.976234
vt 0.973825 0.310696
vt 0.973825 0.348046
vt 0.972756 0.348038
vt 0.972756 0.309847
vt 0.971921 0.775002
vt 0.972662 0.774001
vt 0.065970 0.986907
vt 0.065970 0.977158
vt 0.066807 0.976399
vt 0.066807 0.987666
vt 0.065132 0.987831
vt 0.065132 0.976234
vt 0.342541 0.976234
vt 0.343325 0.986787
vt 0.342541 0.987600
vt 0.330764 0.976234
vt 0.330764 0.987340
vt 0.329954 0.976589
vt 0.907971 0.903131
vt 0.908926 0.892592
vt 0.909852 0.892593
vt 0.908715 0.904133
vt 0.974894 0.347204
vt 0.974894 0.309852
vt 0.975864 0.309847
vt 0.975864 0.348040
vt 0.731090 0.953546
vt 0.731090 0.916196
vt 0.732160 0.915346
vt 0.732160 0.953538
vt 0.102815 0.986906
vt 0.102815 0.977158
vt 0.103653 0.976399
vt 0.103653 0.987665
vt 0.101978 0.987830
vt 0.101978 0.976234
vt 0.322837 0.944990
vt 0.323438 0.934426
vt 0.324360 0.934395
vt 0.323611 0.945967
vt 0.975309 0.855540
vt 0.975309 0.892891
vt 0.974307 0.893726
vt 0.974307 0.855533
vt 0.077693 0.986907
vt 0.077693 0.977158
vt 0.078531 0.976399
vt 0.078531 0.987665
vt 0.076856 0.987830
vt 0.076856 0.976234
vt 0.972366 0.646188
vt 0.972366 0.608837
vt 0.973462 0.607992
vt 0.973462 0.646184
vt 0.038467 0.911167
vt 0.038467 0.948519
vt 0.037257 0.948521
vt 0.037257 0.910328
vt 0.308765 0.976993
vt 0.308683 0.987574
vt 0.307929 0.987501
vt 0.307929 0.976234
vt 0.907971 0.882054
vt 0.908715 0.881053
vt 0.050897 0.977158
vt 0.050897 0.986906
vt 0.050059 0.987665
vt 0.050059 0.976399
vt 0.051734 0.976234
vt 0.051734 0.987830
vt 0.308847 0.987574
vt 0.308765 0.976993
vt 0.309602 0.976234
vt 0.309602 0.987500
vt 0.127238 0.906090
vt 0.126282 0.916628
vt 0.125357 0.916629
vt 0.126493 0.905089
vt 0.973462 0.647032
vt 0.973462 0.684383
vt 0.972366 0.684379
vt 0.972366 0.646188
vt 0.963423 0.373914
vt 0.963423 0.336562
vt 0.964632 0.335723
vt 0.964632 0.373917
vt 0.060945 0.977158
vt 0.060946 0.986907
vt 0.060108 0.987665
vt 0.060108 0.976399
vt 0.061783 0.976234
vt 0.061783 0.987830
vt 0.975852 0.230520
vt 0.975853 0.193170
vt 0.976761 0.192320
vt 0.976761 0.230511
vt 0.974327 0.125710
vt 0.974327 0.088358
vt 0.975328 0.088352
vt 0.975328 0.126545
vt 0.343325 0.976234
vt 0.344157 0.986738
vt 0.343325 0.986806
vt 0.310720 0.986741
vt 0.311558 0.976234
vt 0.311558 0.987500
vt 0.344158 0.976234
vt 0.344917 0.986746
vt 0.344158 0.987805
vt 0.322837 0.922899
vt 0.082718 0.977158
vt 0.082718 0.986907
vt 0.081880 0.987665
vt 0.081880 0.976399
vt 0.083555 0.976234
vt 0.083555 0.987830
vt 0.975852 0.192325
vt 0.975852 0.229677
vt 0.974883 0.230513
vt 0.974883 0.192320
vt 0.270591 0.924968
vt 0.270591 0.962319
vt 0.269521 0.962310
vt 0.269521 0.924119
vt 0.356804 0.986337
vt 0.356804 0.976234
vt 0.357638 0.976527
vt 0.318258 0.986741
vt 0.319094 0.976234
vt 0.319094 0.987501
vt 0.127238 0.927167
vt 0.126493 0.928169
vt 0.070994 0.977158
vt 0.070994 0.986907
vt 0.070157 0.987666
vt 0.070157 0.976399
vt 0.071832 0.976234
vt 0.071832 0.987831
vt 0.336262 0.987600
vt 0.335476 0.977047
vt 0.336262 0.976234
vt 0.329954 0.976234
vt 0.329954 0.987335
vt 0.329143 0.976590
vt 0.973803 0.805609
vt 0.972848 0.816148
vt 0.971925 0.816149
vt 0.973062 0.804608
vt 0.975529 0.608829
vt 0.975529 0.646181
vt 0.974558 0.646186
vt 0.974558 0.607992
vt 0.972756 0.309847
vt 0.972756 0.272496
vt 0.973825 0.271647
vt 0.973825 0.309839
vt 0.062620 0.977158
vt 0.062620 0.986907
vt 0.061783 0.987666
vt 0.061783 0.976399
vt 0.063458 0.976234
vt 0.063458 0.987830
vt 0.342541 0.987600
vt 0.341757 0.977047
vt 0.342541 0.976234
vt 0.158852 0.997988
vt 0.238688 0.903955
vt 0.239433 0.904956
vt 0.976808 0.805458
vt 0.976808 0.842808
vt 0.975901 0.842800
vt 0.975901 0.804608
vt 0.974559 0.569791
vt 0.974559 0.532439
vt 0.975559 0.531603
vt 0.975559 0.569797
vt 0.131286 0.977158
vt 0.131286 0.986907
vt 0.130449 0.987666
vt 0.130449 0.976399
vt 0.132124 0.976234
vt 0.132124 0.987830
vt 0.972112 0.126547
vt 0.972112 0.089197
vt 0.973209 0.088352
vt 0.973209 0.126543
vt 0.939417 0.962018
vt 0.939417 0.924666
vt 0.940627 0.924663
vt 0.940627 0.962857
vt 0.297032 0.986816
vt 0.297114 0.976234
vt 0.297870 0.976309
vt 0.297870 0.987576
vt 0.973803 0.826687
vt 0.973062 0.827689
vt 0.219278 0.986769
vt 0.219278 0.977076
vt 0.220127 0.976234
vt 0.220127 0.987610
vt 0.237107 0.986768
vt 0.237107 0.977074
vt 0.237955 0.976234
vt 0.237955 0.987610
vt 0.433939 0.977083
vt 0.433939 0.983181
vt 0.433097 0.984014
vt 0.433097 0.976234
vt 0.404467 0.977069
vt 0.404467 0.983166
vt 0.403624 0.984015
vt 0.403624 0.976234
vt 0.609313 0.869777
vt 0.609313 0.861997
vt 0.610155 0.861989
vt 0.610155 0.869769
vt 0.432597 0.909423
vt 0.432597 0.901643
vt 0.433440 0.901632
vt 0.433440 0.909412
vt 0.279391 0.977076
vt 0.279391 0.986769
vt 0.278551 0.987610
vt 0.278551 0.976234
vt 0.274325 0.986769
vt 0.274325 0.977076
vt 0.275168 0.976234
vt 0.275168 0.987610
vt 0.435621 0.983181
vt 0.435621 0.977083
vt 0.436463 0.976234
vt 0.436463 0.984014
vt 0.410365 0.983184
vt 0.410365 0.977086
vt 0.411207 0.976234
vt 0.411207 0.984014
vt 0.434281 0.963880
vt 0.434281 0.971661
vt 0.433440 0.971653
vt 0.433440 0.963873
vt 0.910713 0.881053
vt 0.910713 0.888833
vt 0.909870 0.888840
vt 0.909870 0.881059
vt 0.452450 0.976242
vt 0.452450 0.983181
vt 0.451609 0.984014
vt 0.451609 0.976234
vt 0.406152 0.977069
vt 0.406152 0.984008
vt 0.405310 0.984014
vt 0.405310 0.976234
vt 0.609313 0.807536
vt 0.609313 0.799756
vt 0.610155 0.807529
vt 0.432597 0.971661
vt 0.432597 0.963881
vt 0.433440 0.963871
vt 0.433440 0.971650
vt 0.281911 0.977076
vt 0.281911 0.986769
vt 0.281071 0.987610
vt 0.281071 0.976234
vt 0.258311 0.986769
vt 0.258311 0.977076
vt 0.259154 0.976234
vt 0.259154 0.987610
vt 0.436463 0.983181
vt 0.436463 0.976242
vt 0.437304 0.976234
vt 0.437304 0.984014
vt 0.389295 0.984025
vt 0.389295 0.977086
vt 0.390137 0.976234
vt 0.390137 0.984014
vt 0.434281 0.901640
vt 0.434281 0.909420
vt 0.433440 0.909412
vt 0.433440 0.901632
vt 0.910713 0.943294
vt 0.910713 0.951074
vt 0.909870 0.951081
vt 0.909870 0.943301
vt 0.229467 0.986769
vt 0.229467 0.977076
vt 0.230316 0.976234
vt 0.230316 0.987611
vt 0.250676 0.986767
vt 0.250676 0.977074
vt 0.251524 0.976234
vt 0.251524 0.987610
vt 0.434780 0.977083
vt 0.434780 0.983181
vt 0.433939 0.984014
vt 0.433939 0.976234
vt 0.391823 0.977069
vt 0.391823 0.983167
vt 0.390980 0.984015
vt 0.390980 0.976234
vt 0.609313 0.815316
vt 0.610155 0.815309
vt 0.432597 0.956101
vt 0.433440 0.956091
vt 0.280231 0.977076
vt 0.280231 0.986769
vt 0.279391 0.987610
vt 0.279391 0.976234
vt 0.275168 0.986769
vt 0.275168 0.977076
vt 0.276010 0.976234
vt 0.276010 0.987610
vt 0.455816 0.983181
vt 0.455816 0.977083
vt 0.456657 0.976234
vt 0.456657 0.984014
vt 0.419631 0.983183
vt 0.419631 0.977086
vt 0.420473 0.976234
vt 0.420473 0.984014
vt 0.434281 0.917200
vt 0.433440 0.917192
vt 0.910713 0.935514
vt 0.909870 0.935521
vt 0.220127 0.986769
vt 0.220127 0.977076
vt 0.220976 0.976234
vt 0.220976 0.987610
vt 0.239651 0.986768
vt 0.239651 0.977074
vt 0.240499 0.976234
vt 0.240499 0.987611
vt 0.423842 0.977083
vt 0.423842 0.983181
vt 0.423000 0.984014
vt 0.423000 0.976234
vt 0.395195 0.977069
vt 0.395195 0.983166
vt 0.394352 0.984014
vt 0.394352 0.976234
vt 0.609313 0.823097
vt 0.610155 0.823089
vt 0.432597 0.948322
vt 0.433440 0.948311
vt 0.282751 0.977076
vt 0.282751 0.986769
vt 0.281911 0.987610
vt 0.281911 0.976234
vt 0.259154 0.986769
vt 0.259154 0.977076
vt 0.259996 0.976234
vt 0.259996 0.987610
vt 0.429731 0.983181
vt 0.429731 0.977083
vt 0.430573 0.976234
vt 0.430573 0.984014
vt 0.411207 0.983183
vt 0.411207 0.977086
vt 0.412050 0.976234
vt 0.412050 0.984014
vt 0.434281 0.924980
vt 0.433440 0.924972
vt 0.910713 0.927734
vt 0.909870 0.927740
vt 0.217580 0.986769
vt 0.217580 0.977076
vt 0.218429 0.976234
vt 0.218429 0.987610
vt 0.236259 0.986768
vt 0.236259 0.977074
vt 0.237107 0.976234
vt 0.237107 0.987611
vt 0.453291 0.977083
vt 0.453291 0.983181
vt 0.452450 0.984014
vt 0.452450 0.976234
vt 0.400252 0.977069
vt 0.400252 0.983166
vt 0.399409 0.984014
vt 0.399409 0.976234
vt 0.609313 0.830876
vt 0.610155 0.830869
vt 0.432597 0.940542
vt 0.433440 0.940531
vt 0.283591 0.977076
vt 0.283591 0.986769
vt 0.282751 0.987610
vt 0.282751 0.976234
vt 0.259996 0.986769
vt 0.259996 0.977076
vt 0.260839 0.976234
vt 0.260839 0.987610
vt 0.430573 0.983181
vt 0.430573 0.977083
vt 0.431414 0.976234
vt 0.431414 0.984014
vt 0.408680 0.983183
vt 0.408680 0.977086
vt 0.409523 0.976234
vt 0.409523 0.984014
vt 0.434281 0.932760
vt 0.433440 0.932753
vt 0.910713 0.919953
vt 0.909870 0.919960
vt 0.218429 0.986769
vt 0.218429 0.977076
vt 0.219278 0.976234
vt 0.219278 0.987610
vt 0.237955 0.986768
vt 0.237955 0.977074
vt 0.238803 0.976234
vt 0.238803 0.987611
vt 0.424683 0.977083
vt 0.424683 0.983181
vt 0.423842 0.984014
vt 0.423842 0.976234
vt 0.392666 0.977069
vt 0.392666 0.983166
vt 0.391823 0.984014
vt 0.391823 0.976234
vt 0.609313 0.838657
vt 0.610155 0.838649
vt 0.432597 0.932762
vt 0.433440 0.932751
vt 0.284431 0.977076
vt 0.284431 0.986769
vt 0.283591 0.987610
vt 0.283591 0.976234
vt 0.260839 0.986769
vt 0.260839 0.977076
vt 0.261682 0.976234
vt 0.261682 0.987610
vt 0.454974 0.983180
vt 0.454974 0.977083
vt 0.455816 0.976234
vt 0.455816 0.984014
vt 0.420473 0.983183
vt 0.420473 0.977086
vt 0.421315 0.976234
vt 0.421315 0.984014
vt 0.434281 0.940540
vt 0.433440 0.940533
vt 0.910713 0.912173
vt 0.909870 0.912180
vt 0.230316 0.986769
vt 0.230316 0.977076
vt 0.231165 0.976234
vt 0.231165 0.987610
vt 0.242195 0.986767
vt 0.242195 0.977074
vt 0.243043 0.976234
vt 0.243043 0.987610
vt 0.425524 0.977083
vt 0.425524 0.983181
vt 0.424683 0.984014
vt 0.424683 0.976234
vt 0.399409 0.977069
vt 0.399409 0.983167
vt 0.398566 0.984015
vt 0.398566 0.976234
vt 0.609313 0.846437
vt 0.610155 0.846429
vt 0.432597 0.924982
vt 0.433440 0.924972
vt 0.285271 0.977076
vt 0.285271 0.986769
vt 0.284431 0.987610
vt 0.284431 0.976234
vt 0.261682 0.986769
vt 0.261682 0.977076
vt 0.262525 0.976234
vt 0.262525 0.987610
vt 0.428890 0.983181
vt 0.428890 0.977083
vt 0.429731 0.976234
vt 0.429731 0.984014
vt 0.412050 0.983184
vt 0.412050 0.977086
vt 0.412892 0.976234
vt 0.412892 0.984014
vt 0.434281 0.948320
vt 0.433440 0.948313
vt 0.910713 0.904393
vt 0.909870 0.904400
vt 0.227769 0.986769
vt 0.227769 0.977076
vt 0.228618 0.976234
vt 0.228618 0.987611
vt 0.246436 0.986768
vt 0.246436 0.977074
vt 0.247284 0.976234
vt 0.247284 0.987611
vt 0.454974 0.977083
vt 0.454974 0.983181
vt 0.454133 0.984014
vt 0.454133 0.976234
vt 0.401095 0.977069
vt 0.401095 0.983167
vt 0.400252 0.984015
vt 0.400252 0.976234
vt 0.609313 0.854217
vt 0.610155 0.854209
vt 0.432597 0.917203
vt 0.433440 0.917192
vt 0.286111 0.977076
vt 0.286111 0.986769
vt 0.285271 0.987610
vt 0.285271 0.976234
vt 0.262525 0.986769
vt 0.262525 0.977076
vt 0.263368 0.976234
vt 0.263368 0.987610
vt 0.437304 0.983181
vt 0.437304 0.977083
vt 0.438146 0.976234
vt 0.438146 0.984014
vt 0.415419 0.983183
vt 0.415419 0.977086
vt 0.416261 0.976234
vt 0.416261 0.984014
vt 0.434281 0.956100
vt 0.433440 0.956093
vt 0.910713 0.896613
vt 0.909870 0.896620
vt 0.228618 0.986769
vt 0.228618 0.977076
vt 0.229467 0.976234
vt 0.229467 0.987610
vt 0.248980 0.986768
vt 0.248980 0.977074
vt 0.249828 0.976234
vt 0.249828 0.987611
vt 0.428890 0.977083
vt 0.428890 0.983181
vt 0.428049 0.984014
vt 0.428049 0.976234
vt 0.390980 0.977069
vt 0.390980 0.983166
vt 0.390137 0.984015
vt 0.390137 0.976234
vt 0.286951 0.977076
vt 0.286951 0.986769
vt 0.286111 0.987610
vt 0.286111 0.976234
vt 0.263368 0.986769
vt 0.263368 0.977076
vt 0.264211 0.976234
vt 0.264211 0.987610
vt 0.449926 0.983180
vt 0.449926 0.977083
vt 0.450767 0.976234
vt 0.450767 0.984014
vt 0.422158 0.983184
vt 0.422158 0.977086
vt 0.423000 0.976234
vt 0.423000 0.984014
vt 0.233712 0.986769
vt 0.233712 0.977076
vt 0.234561 0.976234
vt 0.234561 0.987611
vt 0.252372 0.986768
vt 0.252372 0.977074
vt 0.253220 0.976234
vt 0.253220 0.987610
vt 0.388453 0.977083
vt 0.388453 0.984081
vt 0.387612 0.984073
vt 0.387612 0.976234
vt 0.386769 0.976234
vt 0.386769 0.983232
vt 0.385926 0.984080
vt 0.385926 0.976241
vt 0.971914 0.341670
vt 0.971914 0.333831
vt 0.972756 0.333823
vt 0.972756 0.341662
vt 0.428641 0.810522
vt 0.428641 0.802684
vt 0.429484 0.802673
vt 0.429484 0.810511
vt 0.388453 0.984081
vt 0.388453 0.977083
vt 0.389295 0.976234
vt 0.389295 0.984073
vt 0.386769 0.983242
vt 0.386769 0.976245
vt 0.387612 0.976234
vt 0.387612 0.984073
vt 0.972366 0.670180
vt 0.972366 0.678018
vt 0.971524 0.678011
vt 0.971524 0.670172
vt 0.748959 0.799749
vt 0.748959 0.807588
vt 0.748116 0.807594
vt 0.748116 0.799755
vt 0.235410 0.986769
vt 0.235410 0.977076
vt 0.236259 0.976234
vt 0.236259 0.987611
vt 0.254068 0.986768
vt 0.254068 0.977074
vt 0.254916 0.976234
vt 0.254916 0.987610
vt 0.444877 0.977083
vt 0.444877 0.983181
vt 0.444036 0.984014
vt 0.444036 0.976234
vt 0.402781 0.977069
vt 0.402781 0.983167
vt 0.401938 0.984015
vt 0.401938 0.976234
vt 0.971914 0.279370
vt 0.971914 0.271590
vt 0.972756 0.271582
vt 0.972756 0.279362
vt 0.428641 0.872760
vt 0.428641 0.864981
vt 0.429484 0.864970
vt 0.429484 0.872750
vt 0.281071 0.977076
vt 0.281071 0.986769
vt 0.280231 0.987610
vt 0.280231 0.976234
vt 0.276010 0.986769
vt 0.276010 0.977076
vt 0.276853 0.976234
vt 0.276853 0.987610
vt 0.446560 0.983180
vt 0.446560 0.977083
vt 0.447401 0.976234
vt 0.447401 0.984014
vt 0.417104 0.983183
vt 0.417104 0.977086
vt 0.417946 0.976234
vt 0.417946 0.984014
vt 0.972366 0.607939
vt 0.972366 0.615719
vt 0.971524 0.615711
vt 0.971524 0.607931
vt 0.748959 0.862049
vt 0.748959 0.869829
vt 0.748116 0.869836
vt 0.748116 0.862055
vt 0.231165 0.986769
vt 0.231165 0.977076
vt 0.232014 0.976234
vt 0.232014 0.987610
vt 0.251524 0.986768
vt 0.251524 0.977074
vt 0.252372 0.976234
vt 0.252372 0.987610
vt 0.446560 0.977083
vt 0.446560 0.983181
vt 0.445719 0.984014
vt 0.445719 0.976234
vt 0.405310 0.977069
vt 0.405310 0.983166
vt 0.404467 0.984014
vt 0.404467 0.976234
vt 0.971914 0.287150
vt 0.972756 0.287143
vt 0.428641 0.857201
vt 0.429484 0.857190
vt 0.287791 0.977076
vt 0.287791 0.986769
vt 0.286951 0.987610
vt 0.286951 0.976234
vt 0.264211 0.986769
vt 0.264211 0.977076
vt 0.265054 0.976234
vt 0.265054 0.987610
vt 0.438146 0.983181
vt 0.438146 0.977083
vt 0.438987 0.976234
vt 0.438987 0.984014
vt 0.412892 0.983183
vt 0.412892 0.977086
vt 0.413734 0.976234
vt 0.413734 0.984014
vt 0.972366 0.623499
vt 0.971524 0.623491
vt 0.748959 0.854269
vt 0.748116 0.854275
vt 0.232014 0.986769
vt 0.232014 0.977076
vt 0.232863 0.976234
vt 0.232863 0.987611
vt 0.243891 0.986768
vt 0.243891 0.977074
vt 0.244739 0.976234
vt 0.244739 0.987611
vt 0.426366 0.977083
vt 0.426366 0.983181
vt 0.425524 0.984014
vt 0.425524 0.976234
vt 0.396037 0.977069
vt 0.396037 0.983166
vt 0.395194 0.984014
vt 0.395194 0.976234
vt 0.971914 0.294930
vt 0.972756 0.294923
vt 0.428641 0.849421
vt 0.429484 0.849410
vt 0.288631 0.977076
vt 0.288631 0.986769
vt 0.287791 0.987610
vt 0.287791 0.976234
vt 0.265054 0.986769
vt 0.265054 0.977076
vt 0.265896 0.976234
vt 0.265896 0.987610
vt 0.441511 0.983181
vt 0.441511 0.977083
vt 0.442353 0.976234
vt 0.442353 0.984014
vt 0.418788 0.983183
vt 0.418788 0.977086
vt 0.419631 0.976234
vt 0.419631 0.984014
vt 0.972366 0.631279
vt 0.971524 0.631271
vt 0.748959 0.846489
vt 0.748116 0.846495
vt 0.220976 0.986769
vt 0.220976 0.977076
vt 0.221825 0.976234
vt 0.221825 0.987611
vt 0.243043 0.986768
vt 0.243043 0.977074
vt 0.243891 0.976234
vt 0.243891 0.987611
vt 0.445719 0.977083
vt 0.445719 0.983181
vt 0.444877 0.984014
vt 0.444877 0.976234
vt 0.397723 0.977069
vt 0.397723 0.983167
vt 0.396880 0.984015
vt 0.396880 0.976234
vt 0.971914 0.302710
vt 0.972756 0.302703
vt 0.428641 0.841641
vt 0.429484 0.841630
vt 0.289471 0.977076
vt 0.289471 0.986769
vt 0.288631 0.987610
vt 0.288631 0.976234
vt 0.265896 0.986769
vt 0.265896 0.977076
vt 0.266739 0.976234
vt 0.266739 0.987610
vt 0.438987 0.983181
vt 0.438987 0.977083
vt 0.439829 0.976234
vt 0.439829 0.984014
vt 0.413734 0.983183
vt 0.413734 0.977086
vt 0.414577 0.976234
vt 0.414577 0.984014
vt 0.972366 0.639059
vt 0.971524 0.639052
vt 0.748959 0.838708
vt 0.748116 0.838715
vt 0.221826 0.986769
vt 0.221825 0.977076
vt 0.222674 0.976234
vt 0.222674 0.987611
vt 0.244739 0.986768
vt 0.244739 0.977074
vt 0.245587 0.976234
vt 0.245587 0.987610
vt 0.454133 0.977083
vt 0.454133 0.983180
vt 0.453291 0.984014
vt 0.453291 0.976234
vt 0.406995 0.977069
vt 0.406995 0.983166
vt 0.406152 0.984014
vt 0.406152 0.976234
vt 0.971914 0.310490
vt 0.972756 0.310483
vt 0.428641 0.833862
vt 0.429484 0.833851
vt 0.290311 0.977076
vt 0.290311 0.986769
vt 0.289471 0.987610
vt 0.289471 0.976234
vt 0.266739 0.986769
vt 0.266739 0.977076
vt 0.267582 0.976234
vt 0.267582 0.987610
vt 0.447401 0.983181
vt 0.447401 0.977083
vt 0.448243 0.976234
vt 0.448243 0.984014
vt 0.417946 0.983183
vt 0.417946 0.977086
vt 0.418788 0.976234
vt 0.418788 0.984014
vt 0.972366 0.646839
vt 0.971524 0.646832
vt 0.748959 0.830928
vt 0.748116 0.830935
vt 0.222674 0.986769
vt 0.222674 0.977076
vt 0.223524 0.976234
vt 0.223524 0.987610
vt 0.247284 0.986767
vt 0.247284 0.977074
vt 0.248132 0.976234
vt 0.248132 0.987610
vt 0.427207 0.977083
vt 0.427207 0.983181
vt 0.426366 0.984014
vt 0.426366 0.976234
vt 0.396880 0.977069
vt 0.396880 0.983166
vt 0.396037 0.984014
vt 0.396037 0.976234
vt 0.971914 0.318270
vt 0.972756 0.318263
vt 0.428641 0.826082
vt 0.429484 0.826071
vt 0.291152 0.977076
vt 0.291152 0.986769
vt 0.290311 0.987610
vt 0.290311 0.976234
vt 0.267582 0.986769
vt 0.267582 0.977076
vt 0.268425 0.976234
vt 0.268425 0.987610
vt 0.450767 0.983181
vt 0.450767 0.977083
vt 0.451609 0.976234
vt 0.451609 0.984014
vt 0.421315 0.983183
vt 0.421315 0.977086
vt 0.422158 0.976234
vt 0.422158 0.984014
vt 0.972366 0.654619
vt 0.971524 0.654612
vt 0.748959 0.823148
vt 0.748116 0.823155
vt 0.223524 0.986769
vt 0.223524 0.977076
vt 0.224373 0.976234
vt 0.224373 0.987610
vt 0.240499 0.986768
vt 0.240499 0.977074
vt 0.241347 0.976234
vt 0.241347 0.987610
vt 0.428049 0.977083
vt 0.428049 0.983181
vt 0.427207 0.984014
vt 0.427207 0.976234
vt 0.393509 0.977069
vt 0.393509 0.983166
vt 0.392666 0.984014
vt 0.392666 0.976234
vt 0.971914 0.326051
vt 0.972756 0.326043
vt 0.428641 0.818302
vt 0.429484 0.818291
vt 0.291992 0.977076
vt 0.291992 0.986769
vt 0.291152 0.987610
vt 0.291152 0.976234
vt 0.268425 0.986769
vt 0.268425 0.977076
vt 0.269268 0.976234
vt 0.269268 0.987610
vt 0.431414 0.983181
vt 0.431414 0.977083
vt 0.432256 0.976234
vt 0.432256 0.984014
vt 0.406996 0.983184
vt 0.406996 0.977087
vt 0.407838 0.976234
vt 0.407838 0.984014
vt 0.972366 0.662399
vt 0.971524 0.662392
vt 0.748959 0.815368
vt 0.748116 0.815374
vt 0.232863 0.986769
vt 0.232863 0.977076
vt 0.233712 0.976234
vt 0.233712 0.987611
vt 0.245588 0.986768
vt 0.245588 0.977074
vt 0.246436 0.976234
vt 0.246436 0.987611
vt 0.449926 0.977083
vt 0.449926 0.983181
vt 0.449084 0.984014
vt 0.449084 0.976234
vt 0.401938 0.977069
vt 0.401938 0.983166
vt 0.401095 0.984014
vt 0.401095 0.976234
vt 0.292832 0.977076
vt 0.292832 0.986769
vt 0.291992 0.987610
vt 0.291992 0.976234
vt 0.269268 0.986769
vt 0.269268 0.977076
vt 0.270111 0.976234
vt 0.270111 0.987610
vt 0.432256 0.983181
vt 0.432256 0.977083
vt 0.433097 0.976234
vt 0.433097 0.984014
vt 0.407838 0.983183
vt 0.407838 0.977086
vt 0.408680 0.976234
vt 0.408680 0.984014
vt 0.293672 0.977076
vt 0.293672 0.986769
vt 0.292832 0.987610
vt 0.292832 0.976234
vt 0.270111 0.986769
vt 0.270111 0.977076
vt 0.270953 0.976234
vt 0.270953 0.987610
vt 0.439829 0.983180
vt 0.439829 0.977083
vt 0.440670 0.976234
vt 0.440670 0.984014
vt 0.414577 0.983183
vt 0.414577 0.977086
vt 0.415419 0.976234
vt 0.415419 0.984014
vt 0.972366 0.600159
vt 0.971524 0.600151
vt 0.748959 0.877609
vt 0.748116 0.877616
vt 0.224373 0.986769
vt 0.224373 0.977076
vt 0.225222 0.976234
vt 0.225222 0.987610
vt 0.249828 0.986767
vt 0.249828 0.977074
vt 0.250676 0.976234
vt 0.250676 0.987610
vt 0.435621 0.977083
vt 0.435621 0.983180
vt 0.434780 0.984014
vt 0.434780 0.976234
vt 0.398566 0.977069
vt 0.398566 0.983166
vt 0.397723 0.984014
vt 0.397723 0.976234
vt 0.971914 0.263810
vt 0.972756 0.263802
vt 0.428641 0.880540
vt 0.429484 0.880529
vt 0.294512 0.977076
vt 0.294512 0.986769
vt 0.293672 0.987611
vt 0.293672 0.976234
vt 0.270953 0.986769
vt 0.270953 0.977076
vt 0.271796 0.976234
vt 0.271796 0.987610
vt 0.448243 0.983180
vt 0.448243 0.977083
vt 0.449084 0.976234
vt 0.416261 0.983183
vt 0.416261 0.977086
vt 0.417104 0.976234
vt 0.417104 0.984014
vt 0.972366 0.592379
vt 0.971524 0.592371
vt 0.748959 0.885389
vt 0.748116 0.885396
vt 0.225222 0.986769
vt 0.225222 0.977076
vt 0.226071 0.976234
vt 0.226071 0.987610
vt 0.241347 0.986768
vt 0.241347 0.977074
vt 0.242195 0.976234
vt 0.242195 0.987610
vt 0.444036 0.977083
vt 0.444036 0.983180
vt 0.443194 0.984014
vt 0.443194 0.976234
vt 0.403624 0.977069
vt 0.403624 0.983166
vt 0.402781 0.984014
vt 0.402781 0.976234
vt 0.971914 0.256030
vt 0.972756 0.256022
vt 0.428641 0.888320
vt 0.429484 0.888309
vt 0.295352 0.977076
vt 0.295352 0.986769
vt 0.294512 0.987611
vt 0.294512 0.976234
vt 0.271796 0.986769
vt 0.271796 0.977076
vt 0.272639 0.976234
vt 0.272639 0.987611
vt 0.442353 0.983181
vt 0.442353 0.977083
vt 0.443194 0.984014
vt 0.409523 0.983183
vt 0.409523 0.977086
vt 0.410365 0.976234
vt 0.410365 0.984014
vt 0.972366 0.584599
vt 0.971524 0.584591
vt 0.748959 0.893169
vt 0.748116 0.893176
vt 0.226071 0.986769
vt 0.226071 0.977076
vt 0.226920 0.976234
vt 0.226920 0.987610
vt 0.238803 0.986767
vt 0.238803 0.977074
vt 0.239651 0.976234
vt 0.239651 0.987610
vt 0.441511 0.977083
vt 0.441511 0.983181
vt 0.440670 0.984014
vt 0.440670 0.976234
vt 0.394352 0.977069
vt 0.394352 0.983166
vt 0.393509 0.984014
vt 0.393509 0.976234
vt 0.971914 0.248250
vt 0.972756 0.248242
vt 0.428641 0.896100
vt 0.429484 0.896089
vt 0.296192 0.977076
vt 0.296192 0.986769
vt 0.295352 0.987611
vt 0.295352 0.976234
vt 0.272639 0.986769
vt 0.272639 0.977076
vt 0.273482 0.976234
vt 0.273482 0.987611
vt 0.188435 0.983256
vt 0.188435 0.976242
vt 0.189276 0.976234
vt 0.189276 0.983248
vt 0.186751 0.984025
vt 0.186751 0.977086
vt 0.187594 0.976234
vt 0.187594 0.984014
vt 0.972366 0.576819
vt 0.971524 0.576811
vt 0.748959 0.900950
vt 0.748959 0.907964
vt 0.748116 0.907970
vt 0.748116 0.900956
vt 0.188435 0.983256
vt 0.188435 0.990195
vt 0.187594 0.991028
vt 0.187594 0.983248
vt 0.186751 0.984008
vt 0.186751 0.991022
vt 0.185908 0.991028
vt 0.185908 0.984014
vt 0.971914 0.240470
vt 0.971914 0.233456
vt 0.972756 0.233448
vt 0.972756 0.240462
vt 0.428641 0.903879
vt 0.429484 0.903869
vt 0.481234 0.977456
vt 0.481233 0.983439
vt 0.480390 0.983445
vt 0.480391 0.977593
vt 0.360210 0.976234
vt 0.360290 0.982220
vt 0.359301 0.982411
vt 0.503871 0.976234
vt 0.503086 0.982414
vt 0.503030 0.976234
vt 0.508048 0.982250
vt 0.508048 0.976234
vt 0.508888 0.976405
vt 0.510552 0.976234
vt 0.510552 0.982157
vt 0.509720 0.976365
vt 0.503871 0.982258
vt 0.503871 0.976242
vt 0.504713 0.976234
vt 0.504713 0.982415
vt 0.137228 0.986769
vt 0.137228 0.977076
vt 0.138070 0.976234
vt 0.138070 0.987610
vt 0.136387 0.987610
vt 0.136387 0.976234
vt 0.017817 0.989293
vt 0.017817 0.976234
vt 0.018658 0.977076
vt 0.018658 0.988452
vt 0.016975 0.988452
vt 0.016975 0.977076
vt 0.481234 0.983438
vt 0.481234 0.977456
vt 0.482074 0.977593
vt 0.511385 0.976234
vt 0.511385 0.982157
vt 0.510552 0.976365
vt 0.509720 0.982286
vt 0.508888 0.976359
vt 0.509720 0.976234
vt 0.309713 0.982292
vt 0.309602 0.976234
vt 0.310720 0.982312
vt 0.506395 0.976234
vt 0.506395 0.982250
vt 0.505553 0.982257
vt 0.505553 0.976405
vt 0.503030 0.976242
vt 0.503030 0.982258
vt 0.502188 0.982415
vt 0.502188 0.976234
vt 0.226920 0.986769
vt 0.226920 0.977076
vt 0.227769 0.976234
vt 0.227769 0.987611
vt 0.248132 0.986768
vt 0.248132 0.977074
vt 0.248980 0.976234
vt 0.248980 0.987611
vt 0.512226 0.977083
vt 0.512226 0.981416
vt 0.511385 0.982086
vt 0.511385 0.976234
vt 0.501354 0.977233
vt 0.501354 0.981566
vt 0.500512 0.982415
vt 0.500512 0.976234
vt 0.609313 0.875793
vt 0.610155 0.875621
vt 0.508048 0.982465
vt 0.507237 0.976504
vt 0.508048 0.976234
vt 0.502188 0.976234
vt 0.502188 0.982478
vt 0.501354 0.976354
vt 0.320754 0.977076
vt 0.320754 0.986769
vt 0.319930 0.987610
vt 0.319930 0.976234
vt 0.201993 0.977074
vt 0.201993 0.986767
vt 0.200993 0.987610
vt 0.200993 0.976234
vt 0.540194 0.981463
vt 0.539495 0.977187
vt 0.540194 0.976234
vt 0.513068 0.976234
vt 0.513068 0.982086
vt 0.504713 0.981567
vt 0.504713 0.977233
vt 0.505553 0.976234
vt 0.505553 0.982415
vt 0.507237 0.976242
vt 0.507237 0.982258
vt 0.506396 0.982086
vt 0.506396 0.976234
vt 0.500511 0.976392
vt 0.500511 0.982408
vt 0.499669 0.982415
vt 0.499669 0.976234
vt 0.201993 0.986769
vt 0.201993 0.977076
vt 0.202939 0.976234
vt 0.202939 0.987610
vt 0.174591 0.986769
vt 0.174591 0.977076
vt 0.175739 0.976234
vt 0.175739 0.987610
vt 0.603251 0.977076
vt 0.602468 0.977076
vt 0.602839 0.976234
vt 0.575933 0.977379
vt 0.576060 0.976234
vt 0.576991 0.977379
vt 0.601274 0.976234
vt 0.601680 0.976918
vt 0.601274 0.977884
vt 0.498509 0.978472
vt 0.498509 0.980786
vt 0.497348 0.978629
vt 0.571543 0.976234
vt 0.571543 0.978197
vt 0.570727 0.978003
vt 0.586732 0.978366
vt 0.586732 0.976234
vt 0.587268 0.977482
vt 0.369519 0.980371
vt 0.370225 0.978540
vt 0.371075 0.978533
vt 0.370227 0.980831
vt 0.594653 0.976234
vt 0.595259 0.977099
vt 0.594653 0.977966
vt 0.587268 0.978157
vt 0.587268 0.976234
vt 0.587863 0.977456
vt 0.498594 0.979614
vt 0.498509 0.978562
vt 0.499669 0.978392
vt 0.499148 0.980786
vt 0.569911 0.978197
vt 0.569911 0.976234
vt 0.570691 0.976528
vt 0.570727 0.978003
vt 0.371924 0.978540
vt 0.372631 0.980371
vt 0.371924 0.980831
vt 0.371075 0.978533
vt 0.595860 0.977977
vt 0.595258 0.977110
vt 0.595860 0.976234
vt 0.585061 0.978158
vt 0.585061 0.976234
vt 0.585657 0.977460
vt 0.498424 0.977420
vt 0.497868 0.976234
vt 0.574809 0.976234
vt 0.574809 0.978197
vt 0.574035 0.977890
vt 0.573999 0.976415
vt 0.369519 0.976709
vt 0.370227 0.976234
vt 0.203881 0.977076
vt 0.203881 0.986769
vt 0.202939 0.987610
vt 0.202939 0.976234
vt 0.174591 0.977077
vt 0.174591 0.986770
vt 0.173439 0.987611
vt 0.173439 0.976234
vt 0.602468 0.977076
vt 0.601680 0.977076
vt 0.602048 0.976234
vt 0.577806 0.976915
vt 0.576991 0.977710
vt 0.576991 0.976234
vt 0.596498 0.977742
vt 0.595860 0.977276
vt 0.595860 0.976234
vt 0.498509 0.976234
vt 0.573999 0.978192
vt 0.573186 0.976406
vt 0.573999 0.976234
vt 0.585657 0.978366
vt 0.585657 0.976234
vt 0.586195 0.977486
vt 0.372631 0.976709
vt 0.371923 0.976234
vt 0.597531 0.977966
vt 0.597014 0.977001
vt 0.597531 0.976234
vt 0.552077 0.977468
vt 0.552918 0.976234
vt 0.552918 0.977599
vt 0.513953 0.977395
vt 0.514064 0.978484
vt 0.513068 0.978682
vt 0.513169 0.976234
vt 0.572763 0.976234
vt 0.573186 0.978151
vt 0.572355 0.978151
vt 0.565473 0.976234
vt 0.566587 0.978051
vt 0.565473 0.977264
vt 0.374186 0.980355
vt 0.374893 0.978524
vt 0.375741 0.978533
vt 0.374893 0.980831
vt 0.204798 0.986769
vt 0.204798 0.977076
vt 0.205714 0.976234
vt 0.205714 0.987611
vt 0.172069 0.977076
vt 0.172069 0.986769
vt 0.170697 0.987610
vt 0.170697 0.976234
vt 0.553760 0.976418
vt 0.553760 0.977468
vt 0.575357 0.978738
vt 0.574809 0.977844
vt 0.574809 0.976234
vt 0.536798 0.978655
vt 0.536798 0.976234
vt 0.537797 0.978471
vt 0.571543 0.978197
vt 0.571543 0.976234
vt 0.572319 0.976542
vt 0.572355 0.978017
vt 0.373479 0.978525
vt 0.374186 0.980356
vt 0.373479 0.980831
vt 0.372631 0.978533
vt 0.203881 0.986769
vt 0.203881 0.977076
vt 0.204798 0.976234
vt 0.204798 0.987610
vt 0.173439 0.977076
vt 0.173439 0.986769
vt 0.172069 0.987611
vt 0.172069 0.976234
vt 0.481233 0.976409
vt 0.480390 0.976234
vt 0.597531 0.976234
vt 0.597876 0.977228
vt 0.597531 0.978798
vt 0.360290 0.984652
vt 0.569088 0.976234
vt 0.569088 0.978197
vt 0.568306 0.977904
vt 0.568270 0.976429
vt 0.374186 0.976694
vt 0.374893 0.976234
vt 0.596498 0.976234
vt 0.597014 0.977199
vt 0.596498 0.977982
vt 0.482073 0.976234
vt 0.309602 0.983381
vt 0.310126 0.984689
vt 0.569088 0.976234
vt 0.569911 0.978016
vt 0.569088 0.978182
vt 0.586732 0.976234
vt 0.586732 0.978366
vt 0.586195 0.977118
vt 0.374186 0.976694
vt 0.373479 0.976234
vt 0.324149 0.986769
vt 0.324149 0.977076
vt 0.324968 0.976234
vt 0.324968 0.987610
vt 0.199989 0.986769
vt 0.199989 0.977076
vt 0.200993 0.976234
vt 0.200993 0.987611
vt 0.552077 0.978885
vt 0.552918 0.979560
vt 0.577806 0.976234
vt 0.578271 0.977572
vt 0.577806 0.978798
vt 0.514064 0.981104
vt 0.567429 0.976234
vt 0.567429 0.978524
vt 0.566587 0.978359
vt 0.566587 0.976397
vt 0.562948 0.978689
vt 0.562948 0.976399
vt 0.563790 0.976234
vt 0.563790 0.978853
vt 0.575357 0.976234
vt 0.575933 0.977539
vt 0.575357 0.978429
vt 0.536942 0.980073
vt 0.564631 0.977848
vt 0.565473 0.976234
vt 0.565473 0.978853
vt 0.567429 0.978524
vt 0.567429 0.976234
vt 0.568270 0.976397
vt 0.568270 0.978359
vt 0.564631 0.976399
vt 0.564631 0.978689
vt 0.234561 0.986769
vt 0.234561 0.977076
vt 0.235410 0.976234
vt 0.235410 0.987610
vt 0.253220 0.986767
vt 0.253220 0.977074
vt 0.254068 0.976234
vt 0.254068 0.987610
vt 0.297032 0.977076
vt 0.297032 0.986769
vt 0.296192 0.987611
vt 0.296192 0.976234
vt 0.273482 0.986769
vt 0.273482 0.977076
vt 0.274325 0.976234
vt 0.274325 0.987611
vt 0.972366 0.569805
vt 0.971524 0.569797
vt 0.186751 0.991038
vt 0.187594 0.991028
vt 0.188435 0.990195
vt 0.189276 0.991028
vt 0.428641 0.910893
vt 0.429484 0.910882
vt 0.186751 0.977069
vt 0.185908 0.976234
vt 0.188435 0.976242
vt 0.187594 0.976234
vt 0.884478 0.886075
vt 0.889678 0.886075
vt 0.884478 0.942187
vt 0.945407 0.716584
vt 0.945407 0.660473
vt 0.950606 0.660473
vt 0.950606 0.716584
vt 0.599243 0.751326
vt 0.599243 0.695214
vt 0.609758 0.695214
vt 0.609758 0.751326
vt 0.894937 0.246423
vt 0.900135 0.246423
vt 0.900135 0.256938
vt 0.894937 0.256768
vt 0.913745 0.489526
vt 0.918944 0.489526
vt 0.918944 0.499871
vt 0.913745 0.500041
vt 0.317637 0.884704
vt 0.322837 0.884704
vt 0.322837 0.940816
vt 0.317637 0.940816
vt 0.944521 0.101686
vt 0.944521 0.045575
vt 0.949720 0.045575
vt 0.949720 0.101686
vt 0.922252 0.596235
vt 0.922252 0.540124
vt 0.935297 0.540124
vt 0.935297 0.596235
vt 0.429035 0.619633
vt 0.434233 0.619633
vt 0.434233 0.632678
vt 0.429035 0.632507
vt 0.429035 0.606588
vt 0.434233 0.606588
vt 0.434233 0.619462
vt 0.429035 0.619633
vt 0.272728 0.877305
vt 0.285602 0.877305
vt 0.285602 0.933417
vt 0.272728 0.933417
vt 0.063222 0.862793
vt 0.063222 0.918905
vt 0.052877 0.918905
vt 0.052877 0.862793
vt 0.463712 0.000074
vt 0.364009 0.183909
vt 0.367828 0.000000
vt 0.222854 0.000119
vt 0.209727 0.000207
vt 0.343286 0.314105
vt 0.354795 0.314190
vt 0.330155 0.314041
vt 0.151597 0.000207
vt 0.138462 0.000119
vt 0.180666 0.000280
vt 0.165848 0.000262
vt 0.475238 0.000000
vt 0.479049 0.183909
vt 0.195482 0.000262
vt 0.315907 0.314002
vt 0.126947 0.000000
vt 0.234358 -0.000000
vt 0.301090 0.313989
vt 0.247385 0.314190
vt 0.258894 0.314105
vt 0.060239 0.314011
vt 0.075055 0.314029
vt 0.388904 0.314106
vt 0.374195 0.314044
vt 0.006510 0.314295
vt 0.018030 0.314175
vt 0.031168 0.314085
vt 0.045420 0.314029
vt 0.089298 0.314085
vt 0.102421 0.314175
vt 0.113920 0.314295
vt 0.272025 0.314041
vt 0.286273 0.314002
vt 0.443942 0.081004
vt 0.688821 0.313572
vt 0.688821 0.274088
vt 0.700160 0.274088
vt 0.700160 0.313572
vt 0.434311 0.654228
vt 0.442149 0.654228
vt 0.711465 0.281926
vt 0.722769 0.281926
vt 0.722769 0.313572
vt 0.711465 0.313572
vt 0.666212 0.281926
vt 0.677516 0.281926
vt 0.677516 0.313572
vt 0.666212 0.313572
vt 0.248218 0.654465
vt 0.240872 0.654465
vt 0.921094 0.000000
vt 0.932400 -0.000000
vt 0.932400 0.088262
vt 0.921094 0.088262
vt 0.785402 0.313572
vt 0.785402 0.274088
vt 0.796740 0.274088
vt 0.796740 0.313572
vt 0.648897 0.185067
vt 0.648897 0.297005
vt 0.609414 0.297005
vt 0.609414 0.185067
vt 0.410451 0.584993
vt 0.408629 0.578323
vt 0.429035 0.578322
vt 0.429035 0.584993
vt 0.426277 0.635332
vt 0.426073 0.625917
vt 0.429035 0.625917
vt 0.429035 0.635332
vt 0.420371 0.604141
vt 0.416971 0.597751
vt 0.429035 0.597751
vt 0.429035 0.604141
vt 0.423179 0.610413
vt 0.429035 0.610413
vt 0.425127 0.618121
vt 0.429035 0.618121
vt 0.413354 0.591374
vt 0.429035 0.591374
vt 0.228153 0.564743
vt 0.159402 0.564743
vt 0.159402 0.558073
vt 0.228153 0.558073
vt 0.674948 0.868515
vt 0.674948 0.799765
vt 0.684362 0.799764
vt 0.684362 0.868515
vt 0.228153 0.517148
vt 0.159402 0.517148
vt 0.159402 0.507734
vt 0.228153 0.507734
vt 0.712528 0.868507
vt 0.712528 0.799756
vt 0.718906 0.799753
vt 0.718906 0.868504
vt 0.725286 0.868501
vt 0.725286 0.799750
vt 0.731957 0.799749
vt 0.731957 0.868499
vt 0.228153 0.551692
vt 0.159402 0.551692
vt 0.159402 0.545314
vt 0.228153 0.545314
vt 0.706138 0.868510
vt 0.706138 0.799759
vt 0.159402 0.538924
vt 0.228153 0.538924
vt 0.692159 0.799764
vt 0.692159 0.868514
vt 0.228153 0.524945
vt 0.159402 0.524945
vt 0.699866 0.799762
vt 0.699866 0.868512
vt 0.228153 0.532652
vt 0.159402 0.532652
vt 0.949720 0.101686
vt 0.949720 0.032936
vt 0.952478 0.032936
vt 0.952478 0.101686
vt 0.228153 0.571586
vt 0.159402 0.571586
vt 0.872774 0.059136
vt 0.806086 0.059136
vt 0.806086 0.000000
vt 0.872774 0.000000
vt 0.866971 0.198412
vt 0.866971 0.257549
vt 0.800283 0.257549
vt 0.800283 0.198412
vt 0.433889 0.743536
vt 0.433889 0.802673
vt 0.426250 0.802673
vt 0.426250 0.743536
vt 0.663080 0.934414
vt 0.663080 0.867726
vt 0.670718 0.867726
vt 0.670718 0.934414
vt 0.844700 0.314190
vt 0.844700 0.374701
vt 0.843325 0.374701
vt 0.843325 0.315565
vt 0.424998 0.749874
vt 0.424998 0.810386
vt 0.356935 0.810386
vt 0.356935 0.749874
vt 0.426250 0.744911
vt 0.426250 0.805423
vt 0.425333 0.805423
vt 0.425333 0.744911
vt 0.888907 0.855179
vt 0.888907 0.787116
vt 0.889824 0.787116
vt 0.889824 0.855179
vt 0.776637 0.314190
vt 0.776637 0.315565
vt 0.512371 0.943143
vt 0.512371 0.956893
vt 0.504448 0.956893
vt 0.504448 0.943143
vt 0.958703 0.203948
vt 0.958703 0.217699
vt 0.950781 0.217698
vt 0.950781 0.203948
vt 0.232795 0.958119
vt 0.232795 0.944369
vt 0.240717 0.944369
vt 0.240717 0.958119
vt 0.775729 0.487966
vt 0.775729 0.498967
vt 0.773420 0.500340
vt 0.773420 0.486590
vt 0.715171 0.941082
vt 0.715171 0.954832
vt 0.707248 0.941082
vt 0.084692 0.968878
vt 0.082412 0.970253
vt 0.082412 0.956503
vt 0.084692 0.957878
vt 0.091514 0.968879
vt 0.089240 0.970253
vt 0.089240 0.956503
vt 0.091514 0.957879
vt 0.536697 0.968803
vt 0.534416 0.970181
vt 0.534416 0.956430
vt 0.536697 0.957803
vt 0.069341 0.957950
vt 0.071615 0.956573
vt 0.071615 0.970323
vt 0.069341 0.968950
vt 0.052217 0.951199
vt 0.038467 0.951199
vt 0.038467 0.937449
vt 0.052217 0.937449
vt 0.631954 0.968740
vt 0.631954 0.957740
vt 0.634263 0.956364
vt 0.634263 0.970114
vt 0.636572 0.968739
vt 0.636572 0.957739
vt 0.638876 0.956364
vt 0.638876 0.970114
vt 0.650038 0.968757
vt 0.650038 0.957757
vt 0.652340 0.956384
vt 0.652340 0.970134
vt 0.479157 0.970181
vt 0.479157 0.956430
vt 0.481438 0.957803
vt 0.481438 0.968803
vt 0.084691 0.970253
vt 0.084691 0.956503
vt 0.086966 0.957879
vt 0.086966 0.968879
vt 0.067067 0.970323
vt 0.064793 0.968950
vt 0.064793 0.957950
vt 0.067067 0.956573
vt 0.538978 0.970181
vt 0.538978 0.956431
vt 0.541257 0.957806
vt 0.541257 0.968806
vt 0.920825 0.222740
vt 0.931825 0.222740
vt 0.933199 0.306204
vt 0.919449 0.306204
vt 0.343894 0.805426
vt 0.354894 0.805426
vt 0.356270 0.888892
vt 0.342519 0.888892
vt 0.908548 0.743939
vt 0.907173 0.660473
vt 0.919548 0.743939
vt 0.920346 0.881053
vt 0.909346 0.881053
vt 0.907971 0.797588
vt 0.921721 0.797588
vt 0.776306 0.471123
vt 0.776306 0.484873
vt 0.773420 0.469402
vt 0.810421 0.500161
vt 0.810421 0.482973
vt 0.827609 0.482973
vt 0.827609 0.500161
vt 0.166939 0.948947
vt 0.166939 0.935197
vt 0.169825 0.933477
vt 0.169825 0.950665
vt 0.622463 0.953397
vt 0.622463 0.939647
vt 0.625343 0.937928
vt 0.625343 0.955116
vt 0.727935 0.953489
vt 0.727935 0.939739
vt 0.730813 0.938023
vt 0.730813 0.955211
vt 0.958248 0.017188
vt 0.958248 -0.000000
vt 0.961099 0.001716
vt 0.961099 0.015466
vt 0.094236 0.961824
vt 0.094236 0.944637
vt 0.097078 0.946357
vt 0.097078 0.960107
vt 0.867160 0.962375
vt 0.864318 0.960658
vt 0.864318 0.946908
vt 0.867160 0.945188
vt 0.014672 0.961174
vt 0.014672 0.943986
vt 0.017521 0.945705
vt 0.017521 0.959455
vt 0.389531 0.938712
vt 0.375781 0.938712
vt 0.375062 0.916037
vt 0.390250 0.916037
vt 0.393557 0.916037
vt 0.407307 0.916037
vt 0.408025 0.938712
vt 0.392837 0.938712
vt 0.716621 0.915346
vt 0.730371 0.915346
vt 0.731090 0.938023
vt 0.715902 0.938023
vt 0.452684 0.937912
vt 0.451966 0.915234
vt 0.467154 0.915234
vt 0.466435 0.937912
vt 0.146316 0.976320
vt 0.149064 0.976234
vt 0.149064 0.983088
vt 0.146316 0.983174
vt 0.143567 0.983176
vt 0.140818 0.983089
vt 0.140818 0.976234
vt 0.143567 0.976322
vt 0.945444 0.443490
vt 0.945444 0.512240
vt 0.944340 0.512241
vt 0.944340 0.443491
vt 0.946309 0.750922
vt 0.946309 0.819672
vt 0.945352 0.819672
vt 0.945352 0.750921
vt 0.944022 0.750921
vt 0.944022 0.819671
vt 0.942609 0.819671
vt 0.942609 0.750920
vt 0.240376 0.644944
vt 0.240376 0.771593
vt 0.232126 0.771593
vt 0.232126 0.644944
vt 0.749430 0.891665
vt 0.749430 0.765022
vt 0.807375 0.765022
vt 0.807375 0.891664
vt 0.921721 0.938997
vt 0.913471 0.938997
vt 0.913471 0.881053
vt 0.921721 0.881053
vt 0.185614 0.771594
vt 0.185614 0.898236
vt 0.127669 0.898235
vt 0.127669 0.771593
vt 0.779323 0.484281
vt 0.777869 0.484277
vt 0.777869 0.469158
vt 0.779323 0.469161
vt 0.810421 0.484281
vt 0.810421 0.435213
vt 0.372315 0.918374
vt 0.372315 0.952569
vt 0.368518 0.952575
vt 0.368518 0.918380
vt 0.402790 0.635332
vt 0.433889 0.669280
vt 0.433889 0.684400
vt 0.402790 0.684399
vt 0.787371 0.945615
vt 0.786138 0.945622
vt 0.786138 0.930501
vt 0.787371 0.930495
vt 0.776637 0.484267
vt 0.776637 0.469147
vt 0.784684 0.945624
vt 0.784684 0.930504
vt 0.783232 0.945622
vt 0.782001 0.945615
vt 0.782001 0.930495
vt 0.783232 0.930501
vt 0.662922 0.930287
vt 0.661689 0.930298
vt 0.661689 0.915178
vt 0.662922 0.915168
vt 0.660236 0.930301
vt 0.658783 0.930298
vt 0.658783 0.915178
vt 0.660236 0.915182
vt 0.657552 0.930287
vt 0.657552 0.915168
vt 0.620735 0.952138
vt 0.622188 0.952136
vt 0.622188 0.967256
vt 0.620735 0.967259
vt 0.619503 0.952146
vt 0.619503 0.967266
vt 0.734366 0.799749
vt 0.734366 0.868499
vt 0.404769 0.574539
vt 0.403823 0.573688
vt 0.403823 0.571480
vt 0.404769 0.571480
vt 0.946221 0.443490
vt 0.946221 0.512240
vt 0.947265 0.750923
vt 0.947265 0.819673
vt 0.405719 0.575074
vt 0.405719 0.571480
vt 0.408451 0.575914
vt 0.407044 0.575544
vt 0.407044 0.571480
vt 0.408121 0.571480
vt 0.403050 0.572584
vt 0.403050 0.571480
vt 0.402828 0.571807
vt 0.402790 0.571480
vt 0.946548 0.443490
vt 0.946548 0.512240
vt 0.410451 0.557967
vt 0.429035 0.557967
vt 0.429035 0.564638
vt 0.408629 0.564638
vt 0.426277 0.507629
vt 0.429035 0.517043
vt 0.426073 0.517043
vt 0.420371 0.538819
vt 0.429035 0.538819
vt 0.429035 0.545209
vt 0.416971 0.545209
vt 0.423179 0.532547
vt 0.429035 0.532547
vt 0.429035 0.524839
vt 0.425127 0.524839
vt 0.429035 0.551587
vt 0.413354 0.551587
vt 0.228153 0.578428
vt 0.228153 0.585099
vt 0.159402 0.585099
vt 0.159402 0.578428
vt 0.124211 0.863572
vt 0.114797 0.863572
vt 0.114797 0.794821
vt 0.124211 0.794822
vt 0.228153 0.626023
vt 0.228153 0.635437
vt 0.159402 0.635437
vt 0.159402 0.626023
vt 0.086631 0.863564
vt 0.080253 0.863561
vt 0.080253 0.794810
vt 0.086631 0.794813
vt 0.073873 0.863558
vt 0.067202 0.863556
vt 0.067202 0.794806
vt 0.073873 0.794807
vt 0.228153 0.591479
vt 0.228153 0.597857
vt 0.159402 0.597857
vt 0.159402 0.591479
vt 0.093021 0.863567
vt 0.093021 0.794816
vt 0.228153 0.604247
vt 0.159402 0.604247
vt 0.107001 0.863571
vt 0.107001 0.794821
vt 0.228153 0.618226
vt 0.159402 0.618226
vt 0.099293 0.863569
vt 0.099293 0.794819
vt 0.228153 0.610519
vt 0.159402 0.610519
vt 0.913471 0.949803
vt 0.910713 0.949803
vt 0.910713 0.881053
vt 0.913471 0.881053
vt 0.872774 0.118273
vt 0.806086 0.118273
vt 0.800283 0.139276
vt 0.866971 0.139276
vt 0.426250 0.684400
vt 0.433889 0.684400
vt 0.125322 0.930260
vt 0.117683 0.930260
vt 0.117683 0.863572
vt 0.125322 0.863572
vt 0.844700 0.435213
vt 0.843325 0.433838
vt 0.356935 0.689363
vt 0.424998 0.689363
vt 0.425333 0.684400
vt 0.426250 0.684400
vt 0.125128 0.862869
vt 0.124212 0.862869
vt 0.124211 0.794806
vt 0.125128 0.794806
vt 0.776637 0.435213
vt 0.776637 0.433838
vt 0.909588 0.956780
vt 0.901665 0.956780
vt 0.901665 0.943030
vt 0.909588 0.943030
vt 0.950781 0.190198
vt 0.958703 0.190198
vt 0.958703 0.203948
vt 0.036648 0.959491
vt 0.028725 0.959491
vt 0.028725 0.945740
vt 0.036648 0.945741
vt 0.634263 0.957740
vt 0.636572 0.956364
vt 0.636572 0.970114
vt 0.634263 0.968740
vt 0.694694 0.954849
vt 0.686771 0.954849
vt 0.686771 0.941099
vt 0.694694 0.941099
vt 0.546239 0.957806
vt 0.546239 0.968806
vt 0.543960 0.970181
vt 0.543960 0.956430
vt 0.071615 0.968950
vt 0.071615 0.957950
vt 0.073889 0.956573
vt 0.073889 0.970323
vt 0.538978 0.957803
vt 0.538978 0.968803
vt 0.536697 0.970181
vt 0.536697 0.956431
vt 0.093788 0.957879
vt 0.093788 0.968879
vt 0.091514 0.970253
vt 0.091514 0.956503
vt 0.465716 0.937911
vt 0.465716 0.951662
vt 0.451966 0.937911
vt 0.734117 0.880892
vt 0.731808 0.882265
vt 0.731808 0.868515
vt 0.734117 0.869892
vt 0.645432 0.957759
vt 0.647736 0.956384
vt 0.647736 0.970134
vt 0.645432 0.968759
vt 0.647735 0.957757
vt 0.650038 0.956384
vt 0.650038 0.970134
vt 0.647735 0.968757
vt 0.443853 0.956431
vt 0.446134 0.957803
vt 0.446134 0.968803
vt 0.443853 0.970181
vt 0.069341 0.970323
vt 0.067067 0.968950
vt 0.067067 0.957950
vt 0.069341 0.956573
vt 0.086966 0.970253
vt 0.086966 0.956503
vt 0.089240 0.957879
vt 0.089240 0.968879
vt 0.541257 0.956431
vt 0.543536 0.957806
vt 0.543536 0.968806
vt 0.541257 0.970181
vt 0.932236 0.314190
vt 0.933610 0.397654
vt 0.919860 0.397654
vt 0.921236 0.314190
vt 0.735741 0.883215
vt 0.734366 0.799749
vt 0.748116 0.799749
vt 0.746741 0.883215
vt 0.908719 -0.000000
vt 0.919719 -0.000000
vt 0.921094 0.083466
vt 0.907344 0.083466
vt 0.920824 0.222740
vt 0.919449 0.139276
vt 0.933199 0.139276
vt 0.931824 0.222740
vt 0.744979 0.931584
vt 0.747865 0.929864
vt 0.747865 0.947052
vt 0.744979 0.945334
vt 0.823274 0.135461
vt 0.806086 0.135461
vt 0.806086 0.118273
vt 0.823274 0.118273
vt 0.117363 0.926593
vt 0.114477 0.928310
vt 0.114477 0.911122
vt 0.117363 0.912843
vt 0.528810 0.939639
vt 0.531690 0.937920
vt 0.531690 0.955108
vt 0.528810 0.953389
vt 0.109266 0.939958
vt 0.112144 0.938243
vt 0.112144 0.955430
vt 0.109266 0.953708
vt 0.112144 0.938243
vt 0.114995 0.939958
vt 0.114995 0.953708
vt 0.112144 0.955430
vt 0.963608 0.696550
vt 0.960766 0.694833
vt 0.960766 0.681083
vt 0.963608 0.679362
vt 0.097078 0.961824
vt 0.097078 0.944637
vt 0.099921 0.946357
vt 0.099921 0.960107
vt 0.011823 0.943986
vt 0.014672 0.945705
vt 0.014672 0.959455
vt 0.011823 0.961174
vt 0.867888 0.938297
vt 0.867169 0.915621
vt 0.882357 0.915621
vt 0.881638 0.938297
vt 0.425082 0.916037
vt 0.425800 0.938712
vt 0.410612 0.938712
vt 0.411332 0.916037
vt 0.517495 0.937920
vt 0.516777 0.915243
vt 0.531965 0.915243
vt 0.531246 0.937920
vt 0.610873 0.915251
vt 0.624623 0.915251
vt 0.625343 0.937928
vt 0.610154 0.937928
vt 0.146316 0.976319
vt 0.146316 0.983174
vt 0.143567 0.983089
vt 0.143567 0.976234
vt 0.138070 0.983178
vt 0.138070 0.976322
vt 0.140818 0.976234
vt 0.140818 0.983090
vt 0.947652 0.443490
vt 0.948756 0.443491
vt 0.948756 0.512241
vt 0.947652 0.512240
vt 0.945231 0.374739
vt 0.946188 0.374738
vt 0.946188 0.443489
vt 0.945231 0.443489
vt 0.947518 0.374738
vt 0.948930 0.374738
vt 0.948930 0.443488
vt 0.947518 0.443489
vt 0.228936 0.506154
vt 0.237186 0.506154
vt 0.237186 0.632803
vt 0.228936 0.632803
vt 0.902645 0.440833
vt 0.844700 0.440832
vt 0.844700 0.314190
vt 0.902645 0.314191
vt 0.933026 0.855533
vt 0.933026 0.797588
vt 0.941276 0.797588
vt 0.941276 0.855533
vt 0.831896 0.660473
vt 0.889841 0.660473
vt 0.889841 0.787115
vt 0.831896 0.787116
vt 0.800422 0.654903
vt 0.800422 0.639783
vt 0.801875 0.639780
vt 0.801875 0.654899
vt 0.769323 0.654902
vt 0.769323 0.605835
vt 0.953199 0.340543
vt 0.956996 0.340537
vt 0.956996 0.374732
vt 0.953199 0.374738
vt 0.831382 0.257549
vt 0.831382 0.306617
vt 0.800283 0.306617
vt 0.800283 0.291497
vt 0.845334 0.948223
vt 0.845334 0.933103
vt 0.846564 0.933109
vt 0.846564 0.948230
vt 0.803108 0.639769
vt 0.803108 0.654889
vt 0.848016 0.933112
vt 0.848016 0.948232
vt 0.849470 0.948230
vt 0.849470 0.933109
vt 0.850703 0.933103
vt 0.850703 0.948223
vt 0.481735 0.930333
vt 0.481735 0.915213
vt 0.482967 0.915224
vt 0.482967 0.930344
vt 0.484420 0.930347
vt 0.484420 0.915227
vt 0.485873 0.915224
vt 0.485873 0.930343
vt 0.487104 0.915213
vt 0.487104 0.930333
vt 0.617771 0.952138
vt 0.617771 0.967259
vt 0.616318 0.967256
vt 0.616318 0.952136
vt 0.619003 0.952146
vt 0.619003 0.967266
vt 0.064793 0.863556
vt 0.064793 0.794806
vt 0.404769 0.568422
vt 0.403823 0.569273
vt 0.946875 0.443490
vt 0.946875 0.512240
vt 0.944275 0.374739
vt 0.944274 0.443490
vt 0.405719 0.567887
vt 0.408451 0.567047
vt 0.407044 0.567417
vt 0.403050 0.570377
vt 0.402828 0.571154
vt 0.240872 0.367920
vt 0.238433 0.367920
vt 0.238433 0.365481
vt 0.240872 0.365481
vt 0.240872 0.395642
vt 0.238433 0.395642
vt 0.238433 0.383054
vt 0.240872 0.383054
vt 0.240872 0.444759
vt 0.238433 0.444758
vt 0.238433 0.410777
vt 0.240872 0.410777
vt 0.222405 0.367919
vt 0.222405 0.381356
vt 0.220708 0.381356
vt 0.220708 0.367919
vt 0.422503 0.970824
vt 0.422503 0.957388
vt 0.424201 0.957388
vt 0.424201 0.970824
vt 0.222405 0.365480
vt 0.220708 0.365480
vt 0.222405 0.383054
vt 0.222405 0.395642
vt 0.220708 0.395642
vt 0.220708 0.383054
vt 0.222405 0.397340
vt 0.222405 0.410777
vt 0.220708 0.410777
vt 0.220708 0.397340
vt 0.075587 0.956573
vt 0.075587 0.972601
vt 0.073889 0.972601
vt 0.073889 0.956573
vt 0.032235 0.988822
vt 0.032235 0.976234
vt 0.033933 0.976234
vt 0.033933 0.988822
vt 0.101764 0.956666
vt 0.101764 0.972694
vt 0.100067 0.972694
vt 0.100067 0.956666
vt 0.010185 0.976234
vt 0.010185 0.989671
vt 0.008488 0.989671
vt 0.008488 0.976234
vt 0.317585 0.947387
vt 0.315146 0.947387
vt 0.315146 0.931359
vt 0.317585 0.931359
vt 0.238433 0.397340
vt 0.240872 0.397340
vt 0.006790 0.989671
vt 0.006790 0.976234
vt 0.008488 0.976234
vt 0.008488 0.989671
vt 0.238433 0.381357
vt 0.204680 0.395642
vt 0.204680 0.397339
vt 0.204680 0.381356
vt 0.204680 0.383054
vt 0.240872 0.381357
vt 0.202241 0.395642
vt 0.202241 0.397339
vt 0.202241 0.381356
vt 0.202241 0.383054
vt 0.299199 0.947342
vt 0.285761 0.947342
vt 0.285761 0.931314
vt 0.299199 0.931314
vt 0.140258 0.949505
vt 0.127669 0.949505
vt 0.127669 0.933477
vt 0.140258 0.933477
vt 0.637880 0.313033
vt 0.624442 0.313033
vt 0.624442 0.297005
vt 0.637880 0.297005
vt 0.127669 0.949505
vt 0.115081 0.949505
vt 0.115081 0.933477
vt 0.127669 0.933477
vt 0.803511 0.500309
vt 0.790074 0.500309
vt 0.790074 0.484281
vt 0.803511 0.484281
vt 0.801133 0.946537
vt 0.787696 0.946537
vt 0.787696 0.930509
vt 0.801133 0.930509
vt 0.103462 0.956666
vt 0.103462 0.972694
vt 0.101764 0.972694
vt 0.101764 0.956666
vt 0.105159 0.956666
vt 0.105159 0.972694
vt 0.103462 0.972694
vt 0.103462 0.956666
vt 0.420806 0.970824
vt 0.420806 0.957388
vt 0.422503 0.957388
vt 0.422503 0.970824
vt 0.109266 0.956666
vt 0.109266 0.972694
vt 0.107569 0.972694
vt 0.107569 0.956666
vt 0.956835 0.957382
vt 0.956835 0.970818
vt 0.955138 0.970818
vt 0.955138 0.957382
vt 0.106857 0.956666
vt 0.106857 0.972694
vt 0.105159 0.972694
vt 0.105159 0.956666
vt 0.033933 0.976234
vt 0.035630 0.976234
vt 0.035630 0.988822
vt 0.868867 0.956720
vt 0.868867 0.972748
vt 0.867169 0.972748
vt 0.867169 0.956720
vt 0.429180 0.957388
vt 0.429180 0.970824
vt 0.427483 0.970824
vt 0.427483 0.957388
vt 0.037328 0.976234
vt 0.037328 0.988822
vt 0.035630 0.988822
vt 0.035630 0.976234
vt 0.870564 0.956720
vt 0.870564 0.972748
vt 0.868867 0.972748
vt 0.872262 0.956720
vt 0.872262 0.972748
vt 0.870564 0.972748
vt 0.873959 0.956720
vt 0.873959 0.972748
vt 0.872262 0.972748
vt 0.872262 0.956720
vt 0.427483 0.957388
vt 0.427483 0.970824
vt 0.425785 0.970824
vt 0.425785 0.957388
vt 0.001698 0.989671
vt 0.001698 0.976234
vt 0.003395 0.976234
vt 0.003395 0.989671
vt 0.039025 0.976234
vt 0.039025 0.988822
vt 0.037328 0.988822
vt 0.037328 0.976234
vt 0.875657 0.956720
vt 0.875657 0.972748
vt 0.873959 0.972748
vt 0.903362 0.956780
vt 0.903362 0.972808
vt 0.901665 0.972808
vt 0.901665 0.956780
vt 0.204680 0.367919
vt 0.204680 0.365480
vt 0.202241 0.367919
vt 0.202241 0.365480
vt 0.204680 0.410776
vt 0.202241 0.410776
vt 0.204680 0.444758
vt 0.202241 0.444758
vt 0.296862 0.947342
vt 0.300257 0.947342
vt 0.300257 0.960779
vt 0.296862 0.960779
vt 0.482074 0.979629
vt 0.482074 0.976234
vt 0.483771 0.976234
vt 0.483771 0.979629
vt 0.360290 0.979629
vt 0.360290 0.976234
vt 0.362728 0.976234
vt 0.362728 0.979629
vt 0.948756 0.485174
vt 0.952151 0.485174
vt 0.952151 0.497761
vt 0.948756 0.497761
vt 0.958248 0.017188
vt 0.961643 0.017188
vt 0.961643 0.030624
vt 0.958248 0.030624
vt 0.483771 0.979629
vt 0.483771 0.976234
vt 0.485469 0.976234
vt 0.485469 0.979629
vt 0.256092 0.923919
vt 0.256092 0.957899
vt 0.252697 0.957899
vt 0.324393 0.807865
vt 0.321954 0.807865
vt 0.321954 0.805426
vt 0.324393 0.805426
vt 0.324393 0.835588
vt 0.321954 0.835588
vt 0.321954 0.823000
vt 0.324393 0.823000
vt 0.324393 0.884704
vt 0.321954 0.884704
vt 0.321954 0.850723
vt 0.324393 0.850723
vt 0.305926 0.807865
vt 0.305926 0.821302
vt 0.304228 0.821302
vt 0.304228 0.807865
vt 0.953440 0.970818
vt 0.953440 0.957382
vt 0.955138 0.957382
vt 0.955138 0.970818
vt 0.305926 0.805426
vt 0.304228 0.805426
vt 0.305926 0.823000
vt 0.305926 0.835588
vt 0.304228 0.835588
vt 0.304228 0.823000
vt 0.305926 0.837285
vt 0.304228 0.837285
vt 0.905060 0.956780
vt 0.905060 0.972808
vt 0.903362 0.972808
vt 0.903362 0.956780
vt 0.039025 0.988822
vt 0.039025 0.976234
vt 0.040723 0.976234
vt 0.040723 0.988822
vt 0.509541 0.956893
vt 0.509541 0.972920
vt 0.507843 0.972920
vt 0.507843 0.956893
vt 0.015278 0.976234
vt 0.015278 0.989671
vt 0.013580 0.989671
vt 0.013580 0.976234
vt 0.321954 0.837286
vt 0.324393 0.837286
vt 0.011883 0.989671
vt 0.011883 0.976234
vt 0.013580 0.976234
vt 0.013580 0.989671
vt 0.321954 0.821302
vt 0.288201 0.835588
vt 0.288201 0.837285
vt 0.288201 0.821302
vt 0.288201 0.822999
vt 0.324393 0.821302
vt 0.285761 0.835588
vt 0.285761 0.837285
vt 0.285761 0.821302
vt 0.285761 0.822999
vt 0.845334 0.949131
vt 0.831896 0.949131
vt 0.831896 0.933103
vt 0.845334 0.933103
vt 0.152846 0.949505
vt 0.140258 0.949505
vt 0.140258 0.933477
vt 0.152846 0.933477
vt 0.790074 0.500309
vt 0.776637 0.500309
vt 0.776637 0.484281
vt 0.790074 0.484281
vt 0.165434 0.949505
vt 0.152846 0.949505
vt 0.152846 0.933477
vt 0.165434 0.933477
vt 0.782001 0.946523
vt 0.768564 0.946523
vt 0.768564 0.930495
vt 0.782001 0.930495
vt 0.315146 0.947387
vt 0.301709 0.947387
vt 0.301709 0.931360
vt 0.315146 0.931359
vt 0.512371 0.956893
vt 0.512371 0.972920
vt 0.510673 0.972920
vt 0.510673 0.956893
vt 0.906757 0.956780
vt 0.906757 0.972808
vt 0.000000 0.989671
vt 0.000000 0.976234
vt 0.001698 0.976234
vt 0.001698 0.989671
vt 0.908455 0.956780
vt 0.908455 0.972808
vt 0.906757 0.972808
vt 0.906757 0.956780
vt 0.016975 0.976234
vt 0.016975 0.989671
vt 0.015278 0.989671
vt 0.015278 0.976234
vt 0.910153 0.956780
vt 0.910153 0.972808
vt 0.908455 0.972808
vt 0.040723 0.988822
vt 0.040723 0.976234
vt 0.042420 0.976234
vt 0.042420 0.988822
vt 0.595915 0.957319
vt 0.595915 0.973347
vt 0.594218 0.973347
vt 0.005093 0.976234
vt 0.005093 0.989671
vt 0.003395 0.989671
vt 0.003395 0.976234
vt 0.044118 0.976234
vt 0.044118 0.988822
vt 0.042420 0.988822
vt 0.042420 0.976234
vt 0.506146 0.956893
vt 0.506146 0.972921
vt 0.504448 0.972921
vt 0.504448 0.956893
vt 0.597613 0.957319
vt 0.597613 0.973347
vt 0.595915 0.973347
vt 0.599310 0.957319
vt 0.599310 0.973346
vt 0.597613 0.973346
vt 0.597613 0.957319
vt 0.006790 0.976234
vt 0.006790 0.989671
vt 0.005093 0.989671
vt 0.005093 0.976234
vt 0.010185 0.989671
vt 0.010185 0.976234
vt 0.011883 0.976234
vt 0.011883 0.989671
vt 0.045815 0.976234
vt 0.045815 0.988822
vt 0.044118 0.988822
vt 0.044118 0.976234
vt 0.507843 0.972920
vt 0.506146 0.972920
vt 0.601008 0.957319
vt 0.601008 0.973347
vt 0.599310 0.973347
vt 0.599310 0.957319
vt 0.288201 0.807865
vt 0.288201 0.805426
vt 0.285761 0.807865
vt 0.285761 0.805426
vt 0.288201 0.850722
vt 0.285761 0.850722
vt 0.288201 0.884704
vt 0.285761 0.884704
vt 0.198378 0.365480
vt 0.198378 0.360602
vt 0.202241 0.360602
vt 0.149064 0.976234
vt 0.152927 0.976234
vt 0.152927 0.981112
vt 0.149064 0.981112
vt 0.947386 0.155151
vt 0.950781 0.155151
vt 0.950781 0.156849
vt 0.947386 0.156849
vt 0.950781 0.169436
vt 0.947386 0.169436
vt 0.947386 0.171134
vt 0.950781 0.171134
vt 0.950781 0.184570
vt 0.947386 0.184570
vt 0.831897 0.963266
vt 0.831048 0.963266
vt 0.831048 0.934164
vt 0.831897 0.934164
vt 0.889756 0.870560
vt 0.888907 0.870560
vt 0.888907 0.855179
vt 0.889756 0.855179
vt 0.889756 0.885942
vt 0.888907 0.885942
vt 0.694576 0.905769
vt 0.695425 0.905769
vt 0.695425 0.934871
vt 0.694576 0.934871
vt 0.902195 0.272931
vt 0.901346 0.272931
vt 0.901346 0.257549
vt 0.902195 0.257549
vt 0.950781 0.218550
vt 0.947386 0.218550
vt 0.947386 0.141715
vt 0.950781 0.141715
vt 0.947386 0.139276
vt 0.950781 0.139276
vt 0.671085 0.899585
vt 0.674948 0.899585
vt 0.674948 0.913022
vt 0.671085 0.913022
vt 0.671085 0.883602
vt 0.674948 0.883602
vt 0.674948 0.885300
vt 0.671085 0.885300
vt 0.674948 0.897888
vt 0.671085 0.897888
vt 0.674948 0.947004
vt 0.671085 0.947004
vt 0.671085 0.870165
vt 0.674948 0.870165
vt 0.671085 0.867726
vt 0.674948 0.867726
vt 0.198378 0.383054
vt 0.198378 0.381356
vt 0.198378 0.444758
vt 0.198378 0.410776
vt 0.198378 0.367919
vt 0.198378 0.397339
vt 0.198378 0.395642
vt 0.796740 0.274088
vt 0.800135 0.274088
vt 0.800135 0.276527
vt 0.796740 0.276527
vt 0.796740 0.310280
vt 0.800135 0.310280
vt 0.800135 0.312719
vt 0.796740 0.312719
vt 0.800135 0.292555
vt 0.796740 0.292555
vt 0.800135 0.294252
vt 0.796740 0.294252
vt 0.831896 0.915697
vt 0.827019 0.915697
vt 0.827019 0.913999
vt 0.831896 0.913999
vt 0.194154 0.981112
vt 0.194154 0.976234
vt 0.196593 0.976234
vt 0.196593 0.981112
vt 0.831896 0.931724
vt 0.827019 0.931724
vt 0.220708 0.360602
vt 0.222405 0.360602
vt 0.189276 0.981112
vt 0.189276 0.976234
vt 0.191715 0.976234
vt 0.191715 0.981112
vt 0.191716 0.981112
vt 0.191716 0.976234
vt 0.194154 0.981112
vt 0.831896 0.934163
vt 0.827019 0.934164
vt 0.827019 0.897971
vt 0.831896 0.897971
vt 0.204680 0.360602
vt 0.238433 0.360603
vt 0.320459 0.882265
vt 0.320459 0.853162
vt 0.289695 0.853161
vt 0.289695 0.882265
vt 0.236938 0.442319
vt 0.236938 0.413216
vt 0.206175 0.413215
vt 0.206175 0.442319
vt 0.305077 0.884704
vt 0.305077 0.882265
vt 0.902195 0.288312
vt 0.901346 0.288312
vt 0.715902 0.921132
vt 0.715053 0.921132
vt 0.715053 0.905751
vt 0.715902 0.905751
vt 0.648614 0.297005
vt 0.648614 0.313881
vt 0.646175 0.313881
vt 0.646175 0.298500
vt 0.952671 0.885717
vt 0.953520 0.885717
vt 0.953520 0.914820
vt 0.952671 0.914820
vt 0.221557 0.444758
vt 0.221557 0.442319
vt 0.715902 0.936514
vt 0.715053 0.936514
vt 0.232126 0.649521
vt 0.231277 0.649521
vt 0.231277 0.634139
vt 0.232126 0.634139
vt 0.571239 0.971664
vt 0.570390 0.971664
vt 0.570390 0.942562
vt 0.571239 0.942562
vt 0.232126 0.664902
vt 0.231277 0.664902
vt 0.221557 0.413216
vt 0.613879 0.968163
vt 0.613879 0.952136
vt 0.616318 0.953631
vt 0.616318 0.969012
vt 0.949194 0.343731
vt 0.953032 0.349566
vt 0.953032 0.366333
vt 0.949194 0.372835
vt 0.201291 0.954458
vt 0.197452 0.947956
vt 0.197452 0.931189
vt 0.201291 0.925355
vt 0.963243 0.538901
vt 0.964738 0.544735
vt 0.964738 0.561502
vt 0.963243 0.568004
vt 0.265683 0.924119
vt 0.269521 0.929953
vt 0.269521 0.946720
vt 0.265683 0.953222
vt 0.958248 0.029104
vt 0.954409 0.022601
vt 0.954409 0.005834
vt 0.958248 0.000000
vt 0.963243 0.568004
vt 0.961749 0.561502
vt 0.961749 0.544735
vt 0.963243 0.538901
vt 0.963138 0.001520
vt 0.964632 0.007355
vt 0.964632 0.024122
vt 0.963138 0.030624
vt 0.963137 0.030624
vt 0.961643 0.024122
vt 0.961643 0.007355
vt 0.963137 0.001520
vt 0.540831 0.993000
vt 0.540619 0.993000
vt 0.540619 0.976234
vt 0.540831 0.976234
vt 0.629566 0.978953
vt 0.629354 0.978953
vt 0.629354 0.976234
vt 0.629566 0.976234
vt 0.627869 0.978953
vt 0.627656 0.978953
vt 0.627656 0.976234
vt 0.627869 0.976234
vt 0.634234 0.976234
vt 0.634446 0.976234
vt 0.634446 0.978540
vt 0.634234 0.978539
vt 0.629566 0.976234
vt 0.629779 0.976234
vt 0.629779 0.978953
vt 0.629566 0.978953
vt 0.628718 0.976234
vt 0.628930 0.976234
vt 0.628930 0.978953
vt 0.628718 0.978953
vt 0.629779 0.976234
vt 0.629991 0.976234
vt 0.629991 0.978953
vt 0.629779 0.978953
vt 0.628930 0.976234
vt 0.629142 0.976234
vt 0.629142 0.978953
vt 0.628930 0.978953
vt 0.633810 0.976234
vt 0.634022 0.976234
vt 0.634022 0.978540
vt 0.633810 0.978539
vt 0.628081 0.978953
vt 0.627869 0.978953
vt 0.627869 0.976234
vt 0.628081 0.976234
vt 0.628081 0.976234
vt 0.628293 0.976234
vt 0.628293 0.978953
vt 0.628081 0.978953
vt 0.633810 0.978539
vt 0.633598 0.978540
vt 0.633598 0.976234
vt 0.633810 0.976234
vt 0.628293 0.976234
vt 0.628505 0.976234
vt 0.628505 0.978953
vt 0.628293 0.978953
vt 0.631900 0.976234
vt 0.632113 0.976234
vt 0.632113 0.978539
vt 0.631900 0.978539
vt 0.540406 0.993000
vt 0.540194 0.993000
vt 0.540194 0.976234
vt 0.540406 0.976234
vt 0.541043 0.993000
vt 0.540831 0.993000
vt 0.540831 0.976234
vt 0.541043 0.976234
vt 0.540619 0.993000
vt 0.540406 0.993000
vt 0.540406 0.976234
vt 0.631264 0.978539
vt 0.631052 0.978540
vt 0.631052 0.976234
vt 0.631264 0.976234
vt 0.541467 0.976234
vt 0.541679 0.976234
vt 0.541679 0.993000
vt 0.541467 0.993000
vt 0.632961 0.976234
vt 0.633174 0.976234
vt 0.633174 0.978539
vt 0.632961 0.978539
vt 0.541679 0.976234
vt 0.541892 0.976234
vt 0.541892 0.993000
vt 0.541679 0.993000
vt 0.630415 0.978953
vt 0.630203 0.978953
vt 0.630203 0.976234
vt 0.630415 0.976234
vt 0.629991 0.976234
vt 0.630203 0.976234
vt 0.632325 0.978539
vt 0.632113 0.978539
vt 0.632325 0.976234
vt 0.634022 0.978540
vt 0.630627 0.978953
vt 0.630415 0.978953
vt 0.630415 0.976234
vt 0.630627 0.976234
vt 0.630627 0.976234
vt 0.630839 0.976234
vt 0.630839 0.978953
vt 0.633386 0.978539
vt 0.633174 0.976234
vt 0.633386 0.976234
vt 0.541043 0.976234
vt 0.541255 0.976234
vt 0.541255 0.993000
vt 0.541043 0.993000
vt 0.632325 0.976234
vt 0.632537 0.976234
vt 0.632537 0.978539
vt 0.632325 0.978539
vt 0.630839 0.976234
vt 0.631051 0.976234
vt 0.631051 0.978953
vt 0.630839 0.978953
vt 0.631264 0.976234
vt 0.631476 0.976234
vt 0.631476 0.978540
vt 0.631264 0.978539
vt 0.541255 0.976234
vt 0.541467 0.993000
vt 0.541255 0.993000
vt 0.629142 0.978953
vt 0.629142 0.976234
vt 0.629354 0.976234
vt 0.631476 0.976234
vt 0.631688 0.976234
vt 0.631688 0.978540
vt 0.631476 0.978539
vt 0.631900 0.978539
vt 0.631688 0.978540
vt 0.631688 0.976234
vt 0.631900 0.976234
vt 0.628505 0.978953
vt 0.628505 0.976234
vt 0.632749 0.978539
vt 0.632537 0.978539
vt 0.632537 0.976234
vt 0.632749 0.976234
vt 0.632961 0.978539
vt 0.632749 0.978539
vt 0.632749 0.976234
vt 0.632961 0.976234
vt 0.589993 0.976234
vt 0.590419 0.976292
vt 0.590419 0.978434
vt 0.589993 0.978720
vt 0.590844 0.976234
vt 0.591270 0.976291
vt 0.591270 0.978434
vt 0.590844 0.978720
vt 0.594653 0.978664
vt 0.594230 0.978720
vt 0.594230 0.976234
vt 0.594653 0.976521
vt 0.593807 0.978664
vt 0.593385 0.978720
vt 0.593385 0.976234
vt 0.593807 0.976521
vt 0.590418 0.976234
vt 0.590844 0.976291
vt 0.590844 0.978434
vt 0.590418 0.978720
vt 0.589567 0.976234
vt 0.589993 0.976291
vt 0.589993 0.978434
vt 0.589567 0.978720
vt 0.593385 0.978664
vt 0.592962 0.978720
vt 0.592962 0.976234
vt 0.593385 0.976521
vt 0.594230 0.978664
vt 0.593807 0.978720
vt 0.593807 0.976234
vt 0.594230 0.976521
vt 0.578697 0.976234
vt 0.579123 0.976291
vt 0.579123 0.978922
vt 0.578697 0.978973
vt 0.579123 0.976234
vt 0.579549 0.976291
vt 0.579549 0.978922
vt 0.579123 0.978973
vt 0.581679 0.976291
vt 0.582102 0.976234
vt 0.582102 0.978973
vt 0.581679 0.978922
vt 0.582948 0.976291
vt 0.583370 0.976234
vt 0.583370 0.978973
vt 0.582948 0.978922
vt 0.578271 0.976234
vt 0.578697 0.976291
vt 0.578697 0.978922
vt 0.578271 0.978973
vt 0.579549 0.976234
vt 0.579975 0.976291
vt 0.579975 0.978922
vt 0.579549 0.978973
vt 0.582102 0.976291
vt 0.582525 0.976234
vt 0.582525 0.978973
vt 0.582102 0.978922
vt 0.582525 0.976291
vt 0.582948 0.976234
vt 0.582948 0.978973
vt 0.582525 0.978922
vt 0.376591 0.993001
vt 0.376166 0.992716
vt 0.376166 0.976522
vt 0.376591 0.976234
vt 0.379136 0.992716
vt 0.378712 0.993001
vt 0.378712 0.976234
vt 0.379136 0.976522
vt 0.377440 0.976234
vt 0.377864 0.976522
vt 0.377864 0.992716
vt 0.377440 0.993001
vt 0.377015 0.993001
vt 0.376591 0.992716
vt 0.376591 0.976522
vt 0.377015 0.976234
vt 0.581253 0.976234
vt 0.581679 0.976286
vt 0.581679 0.978917
vt 0.581253 0.978973
vt 0.579975 0.976234
vt 0.580401 0.976286
vt 0.580401 0.978917
vt 0.579975 0.978973
vt 0.583370 0.976285
vt 0.583793 0.976234
vt 0.583793 0.978973
vt 0.583370 0.978917
vt 0.584216 0.976285
vt 0.584638 0.976234
vt 0.584638 0.978973
vt 0.584216 0.978917
vt 0.376166 0.993001
vt 0.375741 0.992716
vt 0.375741 0.976522
vt 0.376166 0.976234
vt 0.378288 0.992716
vt 0.377864 0.993001
vt 0.377864 0.976234
vt 0.378288 0.976522
vt 0.378288 0.976234
vt 0.378712 0.976522
vt 0.378712 0.992716
vt 0.378288 0.993001
vt 0.377440 0.993001
vt 0.377015 0.992716
vt 0.377015 0.976523
vt 0.377440 0.976234
vt 0.580827 0.976234
vt 0.581253 0.976286
vt 0.581253 0.978917
vt 0.580827 0.978973
vt 0.580401 0.976234
vt 0.580827 0.976286
vt 0.580827 0.978917
vt 0.580401 0.978973
vt 0.584638 0.976285
vt 0.585061 0.978973
vt 0.584638 0.978917
vt 0.583793 0.976285
vt 0.584216 0.976234
vt 0.584216 0.978973
vt 0.583793 0.978917
vt 0.588715 0.978720
vt 0.588289 0.978433
vt 0.588289 0.976291
vt 0.588715 0.976234
vt 0.589141 0.978720
vt 0.588715 0.978433
vt 0.588715 0.976291
vt 0.589141 0.976234
vt 0.592116 0.976522
vt 0.592539 0.976234
vt 0.592539 0.978720
vt 0.592116 0.978664
vt 0.591270 0.976522
vt 0.591693 0.976234
vt 0.591693 0.978720
vt 0.591270 0.978664
vt 0.589567 0.978720
vt 0.589141 0.978434
vt 0.589141 0.976291
vt 0.589567 0.976234
vt 0.588289 0.978720
vt 0.587863 0.978433
vt 0.587863 0.976291
vt 0.588289 0.976234
vt 0.592539 0.976522
vt 0.592962 0.976234
vt 0.592962 0.978720
vt 0.592539 0.978664
vt 0.591693 0.976522
vt 0.592116 0.976234
vt 0.592116 0.978720
vt 0.591693 0.978664
vt 0.633386 0.976234
vt 0.633598 0.976234
vt 0.633598 0.978539
vt 0.633386 0.978539
vt 0.380834 0.984133
vt 0.379985 0.984132
vt 0.379985 0.976234
vt 0.380834 0.976235
vt 0.537797 0.976234
vt 0.538646 0.976234
vt 0.538646 0.980595
vt 0.537797 0.980595
vt 0.199989 0.990133
vt 0.199140 0.990133
vt 0.199140 0.976234
vt 0.199989 0.976234
vt 0.480390 0.983443
vt 0.479542 0.983443
vt 0.479542 0.976234
vt 0.480390 0.976235
vt 0.533403 0.976234
vt 0.534252 0.976234
vt 0.534252 0.980782
vt 0.533403 0.980782
vt 0.206563 0.988503
vt 0.205714 0.988503
vt 0.205714 0.976234
vt 0.206563 0.976234
vt 0.366124 0.985496
vt 0.365275 0.985496
vt 0.365275 0.976234
vt 0.366124 0.976234
vt 0.551228 0.976235
vt 0.552077 0.976234
vt 0.552077 0.979931
vt 0.551228 0.979932
vt 0.541892 0.976235
vt 0.542740 0.976234
vt 0.542740 0.980089
vt 0.541892 0.980090
vt 0.210807 0.987946
vt 0.209958 0.987946
vt 0.209958 0.976234
vt 0.210807 0.976235
vt 0.364426 0.985636
vt 0.363577 0.985636
vt 0.363577 0.976234
vt 0.364426 0.976235
vt 0.207412 0.988503
vt 0.206563 0.988503
vt 0.206563 0.976234
vt 0.207412 0.976234
vt 0.364426 0.976234
vt 0.365275 0.976234
vt 0.365275 0.985497
vt 0.364426 0.985497
vt 0.550379 0.979962
vt 0.549531 0.979962
vt 0.549531 0.976234
vt 0.550379 0.976235
vt 0.198291 0.976234
vt 0.199140 0.990133
vt 0.198291 0.990133
vt 0.362728 0.976234
vt 0.363577 0.976234
vt 0.363577 0.985636
vt 0.362728 0.985636
vt 0.545287 0.980057
vt 0.544438 0.980056
vt 0.544438 0.976234
vt 0.545287 0.976235
vt 0.209109 0.976235
vt 0.209958 0.976234
vt 0.209958 0.987947
vt 0.209109 0.987948
vt 0.515761 0.981457
vt 0.514913 0.981457
vt 0.514913 0.976234
vt 0.515761 0.976234
vt 0.379136 0.976235
vt 0.379985 0.976234
vt 0.379985 0.984133
vt 0.379136 0.984134
vt 0.209109 0.988049
vt 0.208260 0.988048
vt 0.208260 0.976234
vt 0.209109 0.976235
vt 0.478693 0.976235
vt 0.479542 0.976234
vt 0.479542 0.983444
vt 0.478693 0.983444
vt 0.536798 0.980770
vt 0.535949 0.980770
vt 0.535949 0.976234
vt 0.536798 0.976234
vt 0.045815 0.976234
vt 0.047513 0.976234
vt 0.047513 0.988503
vt 0.045815 0.988503
vt 0.167301 0.986182
vt 0.165604 0.985655
vt 0.165604 0.976234
vt 0.167302 0.977437
vt 0.165604 0.984979
vt 0.163906 0.986182
vt 0.163906 0.976762
vt 0.165604 0.976234
vt 0.170697 0.986182
vt 0.168999 0.985655
vt 0.168999 0.976234
vt 0.170697 0.977437
vt 0.168999 0.985844
vt 0.167302 0.986182
vt 0.167302 0.976762
vt 0.195108 0.501465
vt 0.193526 0.500764
vt 0.162209 0.976234
vt 0.163906 0.976762
vt 0.163906 0.986183
vt 0.162209 0.984980
vt 0.162209 0.984979
vt 0.160511 0.986182
vt 0.160511 0.976762
vt 0.162209 0.976234
vt 0.350014 0.980871
vt 0.348316 0.981209
vt 0.348316 0.976762
vt 0.350014 0.976234
vt 0.355106 0.981208
vt 0.353409 0.980681
vt 0.353409 0.976234
vt 0.355106 0.976572
vt 0.353409 0.980871
vt 0.351711 0.981208
vt 0.351711 0.976762
vt 0.353408 0.976234
vt 0.329143 0.981208
vt 0.327446 0.981546
vt 0.327446 0.976234
vt 0.329143 0.976572
vt 0.886347 0.308963
vt 0.888077 0.308963
vt 0.887041 0.314173
vt 0.885442 0.313510
vt 0.885442 0.304416
vt 0.887210 0.304602
vt 0.355106 0.976572
vt 0.356804 0.976234
vt 0.356804 0.980681
vt 0.355106 0.981208
vt 0.351711 0.981208
vt 0.350013 0.980681
vt 0.350013 0.976234
vt 0.351711 0.976572
vt 0.024933 0.939849
vt 0.025748 0.938360
vt 0.036510 0.944251
vt 0.035695 0.945740
vt 0.225369 0.325394
vt 0.226937 0.324744
vt 0.047513 0.976234
vt 0.049210 0.976234
vt 0.049210 0.988503
vt 0.047513 0.988503
vt 0.154625 0.976234
vt 0.156322 0.976234
vt 0.156322 0.987252
vt 0.154625 0.987252
vt 0.152927 0.976234
vt 0.154625 0.976234
vt 0.154625 0.987251
vt 0.152927 0.987251
vt 0.156322 0.976234
vt 0.158020 0.976234
vt 0.158020 0.987251
vt 0.156322 0.987252
vt 0.198291 0.990169
vt 0.197442 0.990169
vt 0.197442 0.976234
vt 0.198291 0.976234
vt 0.727935 0.952231
vt 0.715902 0.949837
vt 0.715902 0.940417
vt 0.727935 0.938023
vt 0.610154 0.940322
vt 0.622188 0.937928
vt 0.622188 0.952136
vt 0.610155 0.949742
vt 0.932229 0.735348
vt 0.944262 0.737741
vt 0.944262 0.747162
vt 0.932229 0.749555
vt 0.768415 0.949010
vt 0.766266 0.959816
vt 0.761819 0.959816
vt 0.759670 0.949010
vt 0.646806 0.469402
vt 0.658141 0.474097
vt 0.656304 0.483337
vt 0.644035 0.483337
vt 0.658141 0.492576
vt 0.646806 0.497271
vt 0.516777 0.937920
vt 0.528810 0.940314
vt 0.528810 0.949734
vt 0.516777 0.952127
vt 0.658685 0.946228
vt 0.658685 0.936807
vt 0.670718 0.934414
vt 0.670718 0.948622
vt 0.876581 0.246423
vt 0.874432 0.257229
vt 0.869120 0.257229
vt 0.866971 0.246423
vt 0.878731 0.246423
vt 0.884042 0.246423
vt 0.886192 0.257229
vt 0.876581 0.257229
vt 0.942355 0.273588
vt 0.940206 0.284394
vt 0.935759 0.284394
vt 0.933610 0.273588
vt 0.953357 0.873956
vt 0.951208 0.884762
vt 0.946761 0.884762
vt 0.944612 0.873956
vt 0.240871 0.634139
vt 0.238722 0.644944
vt 0.234276 0.644944
vt 0.232126 0.634139
vt 0.201858 0.655521
vt 0.199708 0.666326
vt 0.195262 0.666326
vt 0.193112 0.655521
vt 0.894937 0.246423
vt 0.892787 0.257229
vt 0.888341 0.257229
vt 0.886192 0.246423
vt 0.932400 0.074926
vt 0.944433 0.077319
vt 0.944433 0.086740
vt 0.932400 0.089134
vt 0.207412 0.976235
vt 0.208260 0.976234
vt 0.208260 0.988048
vt 0.207412 0.988048
vt 0.473201 0.976235
vt 0.474049 0.976234
vt 0.474049 0.983506
vt 0.473201 0.983507
vt 0.196593 0.976234
vt 0.197442 0.976234
vt 0.197442 0.990169
vt 0.196593 0.990169
vt 0.215883 0.976235
vt 0.216731 0.976234
vt 0.216731 0.987629
vt 0.215883 0.987629
vt 0.382531 0.976235
vt 0.383380 0.976234
vt 0.383380 0.984067
vt 0.382531 0.984068
vt 0.276853 0.976234
vt 0.277702 0.976234
vt 0.277702 0.987509
vt 0.276853 0.987510
vt 0.367821 0.976234
vt 0.368670 0.976234
vt 0.368670 0.984811
vt 0.367821 0.984812
vt 0.366972 0.976234
vt 0.366972 0.985474
vt 0.366124 0.985474
vt 0.278551 0.987509
vt 0.277702 0.987508
vt 0.277702 0.976234
vt 0.278551 0.976235
vt 0.321603 0.987252
vt 0.320754 0.987252
vt 0.320754 0.976234
vt 0.321603 0.976234
vt 0.217580 0.987628
vt 0.216731 0.987628
vt 0.216731 0.976234
vt 0.217580 0.976234
vt 0.535101 0.980782
vt 0.534252 0.980782
vt 0.534252 0.976234
vt 0.535101 0.976234
vt 0.322451 0.987252
vt 0.321603 0.987252
vt 0.321603 0.976234
vt 0.322451 0.976234
vt 0.539495 0.980595
vt 0.538646 0.980595
vt 0.538646 0.976234
vt 0.539495 0.976234
vt 0.254916 0.976235
vt 0.255764 0.976234
vt 0.255764 0.987570
vt 0.254916 0.987570
vt 0.543589 0.980090
vt 0.542740 0.980089
vt 0.542740 0.976234
vt 0.543589 0.976235
vt 0.256613 0.976234
vt 0.257462 0.976234
vt 0.257462 0.987569
vt 0.256613 0.987570
vt 0.550379 0.979931
vt 0.550379 0.976234
vt 0.384229 0.976236
vt 0.385078 0.976234
vt 0.385078 0.984025
vt 0.384229 0.984026
vt 0.382531 0.984123
vt 0.381682 0.984122
vt 0.381682 0.976234
vt 0.543589 0.976235
vt 0.544438 0.976234
vt 0.544438 0.980057
vt 0.543589 0.980057
vt 0.258311 0.987570
vt 0.257462 0.987569
vt 0.257462 0.976234
vt 0.258311 0.976234
vt 0.324149 0.987251
vt 0.323300 0.987251
vt 0.323300 0.976234
vt 0.324149 0.976234
vt 0.548682 0.976235
vt 0.549530 0.976234
vt 0.549530 0.979963
vt 0.548682 0.979963
vt 0.256613 0.987570
vt 0.255764 0.987570
vt 0.255764 0.976234
vt 0.256613 0.976235
vt 0.322451 0.976234
vt 0.323300 0.976234
vt 0.323300 0.987251
vt 0.322451 0.987251
vt 0.369519 0.984812
vt 0.368670 0.984811
vt 0.368670 0.976234
vt 0.369519 0.976234
vt 0.050059 1.000000
vt 0.049210 1.000000
vt 0.049210 0.988117
vt 0.050059 0.988117
vt 0.380834 0.976235
vt 0.381682 0.984124
vt 0.380834 0.984125
vt 0.535101 0.976234
vt 0.535949 0.976234
vt 0.535949 0.980770
vt 0.535101 0.980770
vt 0.367821 0.985474
vt 0.366972 0.985474
vt 0.366972 0.976234
vt 0.367821 0.976234
vt 0.049210 0.976234
vt 0.050059 0.976234
vt 0.385926 0.984026
vt 0.385078 0.976234
vt 0.385926 0.976236
vt 0.514064 0.976234
vt 0.514913 0.981457
vt 0.514064 0.981457
vt 0.474898 0.983507
vt 0.474049 0.983506
vt 0.474049 0.976234
vt 0.474898 0.976235
vt 0.384229 0.984068
vt 0.383380 0.984067
vt 0.383380 0.976234
vt 0.384229 0.976235
vt 0.914121 0.940566
vt 0.920755 0.940566
vt 0.920755 0.954500
vt 0.916892 0.954500
vt 0.913471 0.938997
vt 0.920755 0.938998
vt 0.919353 0.501094
vt 0.919353 0.485916
vt 0.931165 0.485916
vt 0.931165 0.493201
vt 0.205662 0.345100
vt 0.198378 0.345100
vt 0.198378 0.333287
vt 0.213556 0.333287
vt 0.028663 0.911526
vt 0.036510 0.912379
vt 0.034871 0.927468
vt 0.609697 0.765261
vt 0.599243 0.793820
vt 0.599243 0.751326
vt 0.606925 0.751326
vt 0.205013 0.346668
vt 0.198378 0.346668
vt 0.198378 0.325393
vt 0.198378 0.314290
vt 0.847215 0.648329
vt 0.839533 0.648329
vt 0.839533 0.605835
vt 0.849987 0.634394
vt 0.017624 0.910328
vt 0.950388 0.822917
vt 0.947265 0.822814
vt 0.947265 0.750920
vt 0.950289 0.751020
vt 0.293188 0.805426
vt 0.315831 0.803196
vt 0.304619 0.805426
vt 0.281976 0.803196
vt 0.326392 0.798821
vt 0.335897 0.792470
vt 0.271415 0.798821
vt 0.261911 0.792470
vt 0.343980 0.784387
vt 0.253828 0.784387
vt 0.350331 0.774882
vt 0.247477 0.774882
vt 0.354705 0.764321
vt 0.243102 0.764321
vt 0.356935 0.753110
vt 0.356935 0.741679
vt 0.240872 0.753110
vt 0.354705 0.730467
vt 0.240872 0.741679
vt 0.350330 0.719906
vt 0.243102 0.730467
vt 0.247477 0.719906
vt 0.343980 0.710401
vt 0.335897 0.702318
vt 0.253828 0.710401
vt 0.261911 0.702318
vt 0.326392 0.695967
vt 0.271415 0.695967
vt 0.315831 0.691593
vt 0.281976 0.691593
vt 0.304619 0.689363
vt 0.293188 0.689363
vt 0.629571 0.714876
vt 0.726077 0.705371
vt 0.627564 0.724967
vt 0.730014 0.714876
vt 0.627564 0.735255
vt 0.732021 0.724967
vt 0.629571 0.745345
vt 0.732021 0.735255
vt 0.633508 0.754850
vt 0.730014 0.745345
vt 0.017554 0.755710
vt 0.114059 0.746205
vt 0.013617 0.746205
vt 0.116067 0.736115
vt 0.011610 0.736115
vt 0.116067 0.725827
vt 0.011610 0.725827
vt 0.114059 0.715736
vt 0.013617 0.715736
vt 0.110122 0.706231
vt 0.164663 0.669143
vt 0.146604 0.678796
vt 0.155159 0.673080
vt 0.174754 0.667136
vt 0.139329 0.686071
vt 0.185042 0.667136
vt 0.133614 0.694625
vt 0.195132 0.669143
vt 0.129677 0.704130
vt 0.204637 0.673081
vt 0.127669 0.714221
vt 0.213192 0.678796
vt 0.127669 0.724509
vt 0.220466 0.686071
vt 0.129676 0.734599
vt 0.226182 0.694625
vt 0.133613 0.744104
vt 0.230119 0.704131
vt 0.139329 0.752658
vt 0.232126 0.714221
vt 0.146604 0.759933
vt 0.232126 0.724509
vt 0.155158 0.765649
vt 0.230119 0.734599
vt 0.164663 0.769586
vt 0.226182 0.744104
vt 0.174754 0.771593
vt 0.220466 0.752659
vt 0.185042 0.771593
vt 0.213191 0.759933
vt 0.195132 0.769586
vt 0.204637 0.765649
vt 0.477489 0.313988
vt 0.481744 0.313960
vt 0.365551 0.313988
vt 0.361308 0.313960
vt 0.213401 0.506154
vt 0.210271 0.504917
vt 0.224675 0.477639
vt 0.225912 0.474510
vt 0.230621 0.462600
vt 0.231858 0.459471
vt 0.234056 0.444758
vt 0.237186 0.445996
vt 0.272728 0.933417
vt 0.285299 0.950473
vt 0.272728 0.950392
vt 0.285299 0.939168
vt 0.285299 0.933498
vt 0.502725 0.943103
vt 0.512093 0.907812
vt 0.512093 0.943041
vt 0.502725 0.907874
vt 0.492625 0.943143
vt 0.492625 0.907914
vt 0.159286 0.933477
vt 0.169825 0.898236
vt 0.169825 0.933465
vt 0.159286 0.898248
vt 0.148747 0.933465
vt 0.148747 0.898236
vt 0.754386 0.311450
vt 0.764925 0.274088
vt 0.764925 0.311438
vt 0.754386 0.274100
vt 0.743847 0.311438
vt 0.743847 0.274088
vt 0.933333 0.127992
vt 0.942701 0.090580
vt 0.942701 0.127930
vt 0.933333 0.090642
vt 0.923233 0.128032
vt 0.923233 0.090682
vt 0.932505 0.788332
vt 0.942609 0.751022
vt 0.942609 0.788372
vt 0.932505 0.750982
vt 0.923131 0.788270
vt 0.923131 0.750920
vt 0.684322 0.941059
vt 0.694426 0.905870
vt 0.694426 0.941099
vt 0.684322 0.905830
vt 0.674948 0.940997
vt 0.674948 0.905769
vt 0.705531 0.905813
vt 0.695425 0.941082
vt 0.695425 0.905854
vt 0.705531 0.941042
vt 0.714907 0.905751
vt 0.714907 0.940979
vt 0.138207 0.898248
vt 0.127669 0.933465
vt 0.127669 0.898236
vt 0.138207 0.933477
vt 0.148747 0.898236
vt 0.148747 0.933465
vt 0.733307 0.274100
vt 0.722769 0.311438
vt 0.722769 0.274088
vt 0.733307 0.311450
vt 0.743847 0.311438
vt 0.743847 0.274088
vt 0.562170 0.905171
vt 0.552064 0.942561
vt 0.552064 0.905211
vt 0.562170 0.942521
vt 0.571546 0.942459
vt 0.571546 0.905108
vt 0.899207 0.905640
vt 0.889841 0.942927
vt 0.889841 0.905577
vt 0.899207 0.942990
vt 0.909306 0.943030
vt 0.909306 0.905680
vt 0.230337 0.909100
vt 0.220972 0.944265
vt 0.220972 0.909037
vt 0.230337 0.944328
vt 0.240436 0.909140
vt 0.240436 0.944369
vt 0.705795 0.281926
vt 0.700160 0.274088
vt 0.705795 0.274088
vt 0.700160 0.313572
vt 0.936317 0.653686
vt 0.948923 0.636630
vt 0.948923 0.653605
vt 0.936317 0.642380
vt 0.936317 0.636711
vt 0.683186 0.274088
vt 0.683186 0.281926
vt 0.637880 0.308397
vt 0.646175 0.313980
vt 0.637880 0.314033
vt 0.646175 0.297005
vt 0.637880 0.297058
vt 0.429035 0.571480
vt 0.869156 0.956406
vt 0.874381 0.956406
vt 0.871769 0.956720
vt 0.876369 0.955605
vt 0.867169 0.955605
vt 0.867169 0.939411
vt 0.876369 0.939411
vt 0.869156 0.938610
vt 0.874381 0.938610
vt 0.871769 0.938296
vt 0.484902 0.953840
vt 0.490127 0.953840
vt 0.487515 0.954153
vt 0.482915 0.953039
vt 0.492114 0.953039
vt 0.482915 0.936845
vt 0.492114 0.936845
vt 0.484902 0.936044
vt 0.490127 0.936044
vt 0.487515 0.935730
vt 0.102054 0.956352
vt 0.107279 0.956352
vt 0.104667 0.956666
vt 0.100067 0.955551
vt 0.109266 0.955551
vt 0.100067 0.939357
vt 0.109266 0.939357
vt 0.102054 0.938556
vt 0.107279 0.938556
vt 0.104667 0.938243
vt 0.946599 0.873643
vt 0.951824 0.873643
vt 0.949212 0.873956
vt 0.944612 0.872841
vt 0.953812 0.872842
vt 0.944612 0.856648
vt 0.953812 0.856648
vt 0.946599 0.855847
vt 0.951824 0.855847
vt 0.949212 0.855533
vt 0.937365 0.384250
vt 0.943868 0.372707
vt 0.943868 0.388088
vt 0.938295 0.381945
vt 0.938621 0.379226
vt 0.938295 0.376507
vt 0.937365 0.374202
vt 0.563887 0.956448
vt 0.570390 0.942562
vt 0.570390 0.957943
vt 0.564817 0.954143
vt 0.565143 0.951424
vt 0.564817 0.948705
vt 0.563887 0.946400
vt 0.803511 0.495824
vt 0.810014 0.484281
vt 0.810014 0.499663
vt 0.804440 0.493519
vt 0.804767 0.490800
vt 0.804440 0.488081
vt 0.803511 0.485776
vt 0.954263 0.695055
vt 0.960766 0.681168
vt 0.960766 0.696550
vt 0.955193 0.692750
vt 0.955519 0.690031
vt 0.955193 0.687312
vt 0.954263 0.685007
vt 0.762238 0.945874
vt 0.767143 0.939730
vt 0.768072 0.942036
vt 0.766817 0.937011
vt 0.767143 0.934292
vt 0.762238 0.930492
vt 0.768072 0.931987
vt 0.076133 0.960117
vt 0.081038 0.956317
vt 0.081967 0.958622
vt 0.080711 0.953598
vt 0.081038 0.950879
vt 0.076133 0.944735
vt 0.081967 0.948573
vt 0.866744 0.133655
vt 0.871649 0.127511
vt 0.872579 0.129816
vt 0.871323 0.124792
vt 0.871649 0.122073
vt 0.866744 0.118273
vt 0.872579 0.119768
vt 0.801133 0.945891
vt 0.806038 0.942091
vt 0.806967 0.944396
vt 0.805712 0.939372
vt 0.806038 0.936653
vt 0.801133 0.930509
vt 0.806967 0.934348
s 1
usemtl material.003
f 1/1/1 2/2/2 3/3/2
f 4/4/3 5/5/4 6/6/5
f 7/7/6 8/8/7 9/9/8
f 10/10/9 11/11/10 12/12/11
f 13/13/12 14/14/13 15/15/14
f 16/16/15 17/17/1 18/18/16
f 19/19/17 20/20/18 21/21/19
f 22/22/20 23/23/21 24/24/22
f 25/25/23 8/8/7 7/7/6
f 26/26/24 27/27/25 28/28/26
f 29/29/27 30/30/28 31/31/29
f 12/12/11 11/11/10 32/32/30
f 33/33/31 34/34/32 35/35/33
f 36/36/34 37/37/35 38/38/36
f 39/39/37 40/40/38 41/41/39
f 42/42/40 6/6/5 5/5/4
f 43/43/41 44/44/42 45/45/43
f 46/46/44 47/47/45 48/48/46
f 49/49/47 50/50/48 51/51/49
f 52/52/50 39/39/37 41/41/39
f 53/53/51 54/54/52 55/55/53
f 56/56/54 57/57/55 58/58/55
f 57/57/55 59/59/54 58/58/55
f 60/60/55 61/61/56 58/58/55
f 62/62/55 63/63/56 58/58/55
f 64/64/55 56/56/54 58/58/55
f 59/59/54 60/60/55 58/58/55
f 61/61/56 62/62/55 58/58/55
f 63/63/56 64/64/55 58/58/55
f 65/65/57 45/45/43 44/44/42
f 38/38/36 37/37/35 66/66/58
f 67/67/59 68/68/60 69/69/61
f 70/70/62 71/71/63 72/72/64
f 73/73/65 74/74/66 75/75/67
f 76/76/68 77/77/69 78/78/70
f 79/79/71 80/80/72 81/81/73
f 82/82/74 83/83/75 84/84/76
f 85/85/77 86/86/78 87/87/79
f 88/88/80 89/89/81 90/90/82
f 91/91/32 92/92/32 93/93/32
f 94/94/32 95/95/32 93/93/32
f 96/96/32 97/97/32 93/93/32
f 98/98/32 99/99/32 93/93/32
f 99/99/32 91/91/32 93/93/32
f 92/92/32 94/94/32 93/93/32
f 95/95/32 96/96/32 93/93/32
f 97/97/32 98/98/32 93/93/32
f 100/100/21 101/101/21 102/102/21
f 103/103/21 104/104/21 102/102/21
f 104/104/21 100/100/21 102/102/21
f 105/105/21 103/103/21 102/102/21
f 106/106/21 105/105/21 102/102/21
f 107/107/21 106/106/21 102/102/21
f 108/108/21 107/107/21 102/102/21
f 101/101/21 108/108/21 102/102/21
f 109/109/25 110/110/25 111/111/25
f 112/112/25 113/113/25 111/111/25
f 114/114/25 115/115/25 111/111/25
f 116/116/25 117/117/25 111/111/25
f 117/117/25 109/109/25 111/111/25
f 110/110/25 112/112/25 111/111/25
f 113/113/25 114/114/25 111/111/25
f 115/115/25 116/116/25 111/111/25
f 118/118/83 119/119/83 120/120/83
f 121/121/83 122/122/83 120/120/83
f 122/122/83 118/118/83 120/120/83
f 123/123/83 121/121/83 120/120/83
f 124/124/83 123/123/83 120/120/83
f 125/125/83 124/124/83 120/120/83
f 126/126/83 125/125/83 120/120/83
f 119/119/83 126/126/83 120/120/83
f 127/127/84 128/128/85 129/129/86
f 130/130/87 131/131/88 132/132/89
f 9/9/8 133/133/85 134/134/90
f 134/134/90 7/7/6 9/9/8
f 12/12/11 135/135/91 10/10/9
f 135/135/91 136/136/48 10/10/9
f 15/15/14 132/132/89 13/13/12
f 132/132/89 131/131/88 13/13/12
f 18/18/16 21/21/19 16/16/15
f 21/21/19 20/20/18 16/16/15
f 21/21/19 137/137/92 19/19/17
f 137/137/92 138/138/83 19/19/17
f 24/24/22 31/31/29 22/22/20
f 31/31/29 30/30/28 22/22/20
f 7/7/6 28/28/26 25/25/23
f 28/28/26 27/27/25 25/25/23
f 28/28/26 48/48/46 26/26/24
f 48/48/46 47/47/45 26/26/24
f 31/31/29 139/139/93 29/29/27
f 139/139/93 140/140/1 29/29/27
f 138/138/83 137/137/92 32/32/30
f 137/137/92 12/12/11 32/32/30
f 35/35/33 141/141/94 33/33/31
f 141/141/94 142/142/95 33/33/31
f 48/48/46 143/143/96 46/46/44
f 143/143/96 144/144/13 46/46/44
f 51/51/49 55/55/53 49/49/47
f 55/55/53 54/54/52 49/49/47
f 55/55/53 35/35/33 53/53/51
f 35/35/33 34/34/32 53/53/51
f 129/129/86 142/142/95 141/141/94
f 141/141/94 127/127/84 129/129/86
f 132/132/89 24/24/22 130/130/87
f 24/24/22 23/23/21 130/130/87
f 145/145/97 146/146/97 147/147/97
f 148/148/98 149/149/98 150/150/98
f 151/151/99 152/152/99 153/153/99
f 154/154/100 155/155/100 156/156/100
f 157/157/55 158/158/55 159/159/55
f 158/158/55 160/160/55 159/159/55
f 160/160/55 161/161/55 159/159/55
f 161/161/55 162/162/55 159/159/55
f 162/162/55 163/163/55 159/159/55
f 164/164/55 165/165/55 159/159/55
f 163/163/55 164/164/55 159/159/55
f 165/165/55 166/166/55 159/159/55
f 166/166/55 167/167/55 159/159/55
f 167/167/55 168/168/55 159/159/55
f 168/168/55 169/169/55 159/159/55
f 169/169/55 170/170/55 159/159/55
f 171/171/97 172/172/97 173/173/97
f 174/174/98 175/175/98 176/176/98
f 177/177/99 178/178/99 179/179/99
f 180/180/100 181/181/100 182/182/100
f 183/183/55 184/184/55 185/185/55
f 185/185/55 184/184/55 186/186/55
f 186/186/55 184/184/55 187/187/55
f 187/187/55 184/184/55 188/188/55
f 188/188/55 184/184/55 189/189/55
f 190/190/55 184/184/55 191/191/55
f 189/189/55 184/184/55 190/190/55
f 191/191/55 184/184/55 192/192/55
f 192/192/55 184/184/55 193/193/55
f 193/193/55 184/184/55 194/194/55
f 194/194/55 184/184/55 195/195/55
f 195/195/55 184/184/55 196/196/55
f 197/197/83 198/198/83 199/199/83
f 200/200/83 201/201/83 202/202/83
f 203/203/83 204/204/83 205/205/83
f 206/206/83 207/207/83 208/208/83
f 209/209/83 210/210/83 211/211/83
f 212/212/83 213/213/83 214/214/83
f 215/215/83 216/216/83 217/217/83
f 218/218/83 219/219/83 220/220/83
f 221/221/83 222/222/83 223/223/83
f 224/224/83 225/225/83 226/226/83
f 227/227/83 228/228/83 229/229/83
f 230/230/83 231/231/83 232/232/83
f 233/233/83 234/234/83 235/235/83
f 236/236/83 234/237/83 237/238/83
f 238/239/83 234/234/83 239/240/83
f 240/241/83 241/242/83 242/243/83
f 235/235/83 234/234/83 243/244/83
f 237/238/83 234/237/83 244/245/83
f 245/246/83 234/237/83 236/236/83
f 243/244/83 234/234/83 238/239/83
f 246/247/83 247/248/83 248/249/83
f 246/247/83 248/249/83 249/250/83
f 250/251/83 251/252/83 252/253/83
f 250/251/83 252/253/83 253/254/83
f 253/254/83 246/247/83 249/250/83
f 253/254/83 249/250/83 250/251/83
f 254/255/83 255/256/83 256/257/83
f 254/255/83 256/257/83 257/258/83
f 258/259/83 259/260/83 260/261/83
f 258/259/83 260/261/83 261/262/83
f 262/263/21 263/264/21 264/265/21
f 262/263/21 264/265/21 265/266/21
f 263/264/21 266/267/21 267/268/21
f 263/264/21 267/268/21 264/265/21
f 268/269/55 269/270/55 270/271/55
f 268/269/55 270/271/55 271/272/55
f 265/266/21 264/265/21 272/273/21
f 265/266/21 272/273/21 273/274/21
f 274/275/55 275/276/55 276/277/55
f 274/275/55 276/277/55 277/278/55
f 278/279/1 279/280/2 2/2/2
f 278/279/1 2/2/2 1/1/1
f 280/281/83 281/282/83 282/283/83
f 280/281/83 282/283/83 283/284/83
f 253/254/83 252/253/83 284/285/83
f 253/254/83 284/285/83 285/286/83
f 286/287/83 287/288/83 281/282/83
f 286/287/83 281/282/83 280/281/83
f 288/289/32 289/290/32 290/291/32
f 288/289/32 290/291/32 291/292/32
f 291/292/32 290/291/32 292/293/32
f 291/292/32 292/293/32 293/294/32
f 289/290/32 294/295/32 295/296/32
f 289/290/32 295/296/32 290/291/32
f 296/297/101 297/298/101 298/299/101
f 296/297/101 298/299/101 299/300/101
f 300/301/102 301/302/102 302/303/102
f 300/301/102 302/303/102 303/304/102
f 304/305/103 305/306/103 306/307/103
f 304/305/103 306/307/103 307/308/103
f 308/309/103 309/310/103 310/311/103
f 308/309/103 310/311/103 311/312/103
f 312/313/21 313/314/21 314/315/21
f 312/313/21 314/315/21 315/316/21
f 4/4/3 6/6/5 316/317/104
f 4/4/3 316/317/104 317/318/105
f 52/52/50 41/41/39 318/319/106
f 52/52/50 318/319/106 319/320/107
f 320/321/28 321/322/28 322/323/28
f 320/321/28 322/323/28 323/324/28
f 324/325/18 325/326/18 326/327/18
f 324/325/18 326/327/18 327/328/18
f 328/329/108 329/330/109 6/6/5
f 328/329/108 6/6/5 42/42/40
f 330/331/110 331/332/111 332/333/112
f 330/331/110 332/333/112 333/334/113
f 334/335/83 335/336/83 336/337/83
f 334/335/83 336/337/83 337/338/83
f 338/339/32 339/340/32 340/341/32
f 338/339/32 340/341/32 341/342/32
f 342/343/21 343/344/21 344/345/21
f 342/343/21 344/345/21 345/346/21
f 346/347/25 347/348/25 348/349/25
f 346/347/25 348/349/25 349/350/25
f 335/336/83 350/351/83 351/352/83
f 335/336/83 351/352/83 336/337/83
f 352/353/32 353/354/32 354/355/32
f 352/353/32 354/355/32 355/356/32
f 356/357/25 357/358/25 358/359/25
f 356/357/25 358/359/25 359/360/25
f 360/361/21 361/362/21 362/363/21
f 360/361/21 362/363/21 363/364/21
f 350/351/83 364/365/83 365/366/83
f 350/351/83 365/366/83 351/352/83
f 366/367/83 367/368/83 368/369/83
f 366/367/83 368/369/83 369/370/83
f 339/340/32 370/371/32 371/372/32
f 339/340/32 371/372/32 340/341/32
f 347/348/25 372/373/25 373/374/25
f 347/348/25 373/374/25 348/349/25
f 353/354/32 374/375/32 375/376/32
f 353/354/32 375/376/32 354/355/32
f 367/368/83 376/377/83 377/378/83
f 367/368/83 377/378/83 368/369/83
f 378/379/21 342/343/21 345/346/21
f 378/379/21 345/346/21 379/380/21
f 376/377/83 380/381/83 381/382/83
f 376/377/83 381/382/83 377/378/83
f 382/383/114 383/384/114 384/385/115
f 382/383/114 384/385/115 385/386/115
f 386/387/25 387/388/116 388/389/116
f 386/387/25 388/389/116 389/390/25
f 390/391/117 391/392/10 392/393/10
f 390/391/117 392/393/10 393/394/117
f 394/395/18 395/396/118 396/397/118
f 394/395/18 396/397/118 397/398/18
f 398/399/119 386/387/25 389/390/25
f 398/399/119 389/390/25 399/400/119
f 400/401/48 390/391/117 393/394/117
f 400/401/48 393/394/117 401/402/48
f 402/403/120 394/395/18 397/398/18
f 402/403/120 397/398/18 403/404/120
f 404/405/45 398/399/119 399/400/119
f 404/405/45 399/400/119 405/406/45
f 406/407/121 407/408/48 408/409/48
f 406/407/121 408/409/48 409/410/121
f 410/411/83 402/403/120 403/404/120
f 410/411/83 403/404/120 411/412/83
f 412/413/122 404/405/45 405/406/45
f 412/413/122 405/406/45 413/414/122
f 414/415/52 406/407/121 409/410/121
f 414/415/52 409/410/121 415/416/52
f 416/417/13 412/413/122 413/414/122
f 416/417/13 413/414/122 417/418/13
f 418/419/123 414/415/52 415/416/52
f 418/419/123 415/416/52 419/420/123
f 420/421/124 421/422/13 422/423/13
f 420/421/124 422/423/13 423/424/124
f 424/425/32 418/419/123 419/420/123
f 424/425/32 419/420/123 425/426/32
f 426/427/88 420/421/124 423/424/124
f 426/427/88 423/424/124 427/428/88
f 428/429/125 424/425/32 425/426/32
f 428/429/125 425/426/32 429/430/125
f 430/431/126 426/427/88 427/428/88
f 430/431/126 427/428/88 431/432/126
f 432/433/95 428/429/125 429/430/125
f 432/433/95 429/430/125 433/434/95
f 434/435/21 430/431/126 431/432/126
f 434/435/21 431/432/126 435/436/21
f 436/437/127 432/433/95 433/434/95
f 436/437/127 433/434/95 437/438/127
f 438/439/128 434/435/21 435/436/21
f 438/439/128 435/436/21 439/440/128
f 440/441/85 436/437/127 437/438/127
f 440/441/85 437/438/127 441/442/85
f 442/443/28 438/439/128 439/440/128
f 442/443/28 439/440/128 443/444/28
f 444/445/129 445/446/85 446/447/85
f 444/445/129 446/447/85 447/448/129
f 448/449/130 442/443/28 443/444/28
f 448/449/130 443/444/28 449/450/130
f 450/451/7 444/445/129 447/448/129
f 450/451/7 447/448/129 451/452/7
f 452/453/131 410/411/83 411/412/83
f 452/453/131 411/412/83 453/454/131
f 454/455/1 448/449/130 449/450/130
f 454/455/1 449/450/130 455/456/1
f 387/388/116 450/451/7 451/452/7
f 387/388/116 451/452/7 388/389/116
f 391/392/10 452/453/131 453/454/131
f 391/392/10 453/454/131 392/393/10
f 395/396/118 456/457/1 457/458/1
f 395/396/118 457/458/1 396/397/118
f 458/459/132 459/460/132 460/461/132
f 458/459/132 460/461/132 461/462/132
f 462/463/83 463/464/120 464/465/120
f 462/463/83 464/465/120 465/466/83
f 466/467/132 467/468/132 468/469/132
f 466/467/132 468/469/132 469/470/132
f 470/471/132 458/459/132 461/462/132
f 470/471/132 461/462/132 471/472/132
f 472/473/132 466/467/132 469/470/132
f 472/473/132 469/470/132 473/474/132
f 474/475/132 470/471/132 471/472/132
f 474/475/132 471/472/132 475/476/132
f 476/477/132 472/473/132 473/474/132
f 476/477/132 473/474/132 477/478/132
f 478/479/132 474/475/132 475/476/132
f 478/479/132 475/476/132 479/480/132
f 480/481/132 476/477/132 477/478/132
f 480/481/132 477/478/132 481/482/132
f 482/483/132 478/479/132 479/480/132
f 482/483/132 479/480/132 483/484/132
f 484/485/132 480/481/132 481/482/132
f 484/485/132 481/482/132 485/486/132
f 486/487/132 482/483/132 483/484/132
f 486/487/132 483/484/132 487/488/132
f 488/489/132 484/485/132 485/486/132
f 488/489/132 485/486/132 489/490/132
f 490/491/132 486/487/132 487/488/132
f 490/491/132 487/488/132 491/492/132
f 492/493/132 488/489/132 489/490/132
f 492/493/132 489/490/132 493/494/132
f 494/495/132 490/491/132 491/492/132
f 494/495/132 491/492/132 495/496/132
f 496/497/132 492/493/132 493/494/132
f 496/497/132 493/494/132 497/498/132
f 498/499/132 494/495/132 495/496/132
f 498/499/132 495/496/132 499/500/132
f 500/501/132 501/502/132 502/503/132
f 500/501/132 502/503/132 503/504/132
f 504/505/132 496/497/132 497/498/132
f 504/505/132 497/498/132 505/506/132
f 506/507/132 498/499/132 499/500/132
f 506/507/132 499/500/132 507/508/132
f 508/509/132 500/501/132 503/504/132
f 508/509/132 503/504/132 509/510/132
f 510/511/132 504/505/132 505/506/132
f 510/511/132 505/506/132 511/512/132
f 512/513/132 506/507/132 507/508/132
f 512/513/132 507/508/132 513/514/132
f 514/515/132 508/509/132 509/510/132
f 514/515/132 509/510/132 515/516/132
f 516/517/132 510/511/132 511/512/132
f 516/517/132 511/512/132 517/518/132
f 518/519/132 512/513/132 513/514/132
f 518/519/132 513/514/132 519/520/132
f 520/521/132 514/515/132 515/516/132
f 520/521/132 515/516/132 521/522/132
f 522/523/132 516/517/132 517/518/132
f 522/523/132 517/518/132 523/524/132
f 524/525/132 518/519/132 519/520/132
f 524/525/132 519/520/132 525/526/132
f 459/460/132 520/521/132 521/522/132
f 459/460/132 521/522/132 460/461/132
f 501/502/132 522/523/132 523/524/132
f 501/502/132 523/524/132 502/503/132
f 467/468/132 524/525/132 525/526/132
f 467/468/132 525/526/132 468/469/132
f 526/527/122 527/528/45 528/529/45
f 526/527/122 528/529/45 529/530/122
f 530/531/52 531/532/121 532/533/121
f 530/531/52 532/533/121 533/534/52
f 534/535/13 526/527/122 529/530/122
f 534/535/13 529/530/122 535/536/13
f 536/537/123 530/531/52 533/534/52
f 536/537/123 533/534/52 537/538/123
f 538/539/124 539/540/13 540/541/13
f 538/539/124 540/541/13 541/542/124
f 542/543/32 536/537/123 537/538/123
f 542/543/32 537/538/123 543/544/32
f 544/545/88 538/539/124 541/542/124
f 544/545/88 541/542/124 545/546/88
f 546/547/125 542/543/32 543/544/32
f 546/547/125 543/544/32 547/548/125
f 548/549/126 544/545/88 545/546/88
f 548/549/126 545/546/88 549/550/126
f 550/551/95 546/547/125 547/548/125
f 550/551/95 547/548/125 551/552/95
f 552/553/21 548/549/126 549/550/126
f 552/553/21 549/550/126 553/554/21
f 554/555/127 550/551/95 551/552/95
f 554/555/127 551/552/95 555/556/127
f 556/557/128 552/553/21 553/554/21
f 556/557/128 553/554/21 557/558/128
f 558/559/85 554/555/127 555/556/127
f 558/559/85 555/556/127 559/560/85
f 560/561/28 556/557/128 557/558/128
f 560/561/28 557/558/128 561/562/28
f 562/563/129 563/564/85 564/565/85
f 562/563/129 564/565/85 565/566/129
f 566/567/130 560/561/28 561/562/28
f 566/567/130 561/562/28 567/568/130
f 568/569/7 562/563/129 565/566/129
f 568/569/7 565/566/129 569/570/7
f 570/571/131 462/463/83 465/466/83
f 570/571/131 465/466/83 571/572/131
f 572/573/1 566/567/130 567/568/130
f 572/573/1 567/568/130 573/574/1
f 574/575/116 568/569/7 569/570/7
f 574/575/116 569/570/7 575/576/116
f 576/577/10 570/571/131 571/572/131
f 576/577/10 571/572/131 577/578/10
f 578/579/118 579/580/1 580/581/1
f 578/579/118 580/581/1 581/582/118
f 582/583/25 574/575/116 575/576/116
f 582/583/25 575/576/116 583/584/25
f 584/585/117 576/577/10 577/578/10
f 584/585/117 577/578/10 585/586/117
f 586/587/18 578/579/118 581/582/118
f 586/587/18 581/582/118 587/588/18
f 588/589/119 582/583/25 583/584/25
f 588/589/119 583/584/25 589/590/119
f 590/591/48 584/585/117 585/586/117
f 590/591/48 585/586/117 591/592/48
f 463/464/120 586/587/18 587/588/18
f 463/464/120 587/588/18 464/465/120
f 527/528/45 588/589/119 589/590/119
f 527/528/45 589/590/119 528/529/45
f 531/532/121 592/593/48 593/594/48
f 531/532/121 593/594/48 532/533/121
f 594/595/55 595/596/55 596/597/55
f 594/595/55 596/597/55 597/598/55
f 598/599/55 599/600/55 600/601/55
f 598/599/55 600/601/55 601/602/55
f 602/603/55 603/604/55 604/605/55
f 602/603/55 604/605/55 605/606/55
f 599/600/55 606/607/55 607/608/55
f 599/600/55 607/608/55 600/601/55
f 603/604/55 608/609/55 609/610/55
f 603/604/55 609/610/55 604/605/55
f 610/611/55 611/612/55 612/613/55
f 610/611/55 612/613/55 613/614/55
f 606/607/55 614/615/55 615/616/55
f 606/607/55 615/616/55 607/608/55
f 616/617/55 602/603/55 605/606/55
f 616/617/55 605/606/55 617/618/55
f 618/619/55 598/599/55 601/602/55
f 618/619/55 601/602/55 619/620/55
f 620/621/55 616/617/55 617/618/55
f 620/621/55 617/618/55 621/622/55
f 622/623/55 618/619/55 619/620/55
f 622/623/55 619/620/55 623/624/55
f 624/625/55 620/621/55 621/622/55
f 624/625/55 621/622/55 625/626/55
f 626/627/55 622/623/55 623/624/55
f 626/627/55 623/624/55 627/628/55
f 628/629/55 624/625/55 625/626/55
f 628/629/55 625/626/55 629/630/55
f 630/631/55 626/627/55 627/628/55
f 630/631/55 627/628/55 631/632/55
f 632/633/55 628/629/55 629/630/55
f 632/633/55 629/630/55 633/634/55
f 634/635/55 630/631/55 631/632/55
f 634/635/55 631/632/55 635/636/55
f 636/637/55 632/633/55 633/634/55
f 636/637/55 633/634/55 637/638/55
f 638/639/55 634/635/55 635/636/55
f 638/639/55 635/636/55 639/640/55
f 640/641/55 636/637/55 637/638/55
f 640/641/55 637/638/55 641/642/55
f 642/643/55 638/639/55 639/640/55
f 642/643/55 639/640/55 643/644/55
f 644/645/55 610/611/55 613/614/55
f 644/645/55 613/614/55 645/646/55
f 646/647/55 640/641/55 641/642/55
f 646/647/55 641/642/55 647/648/55
f 648/649/55 642/643/55 643/644/55
f 648/649/55 643/644/55 649/650/55
f 650/651/55 644/645/55 645/646/55
f 650/651/55 645/646/55 651/652/55
f 652/653/55 646/647/55 647/648/55
f 652/653/55 647/648/55 653/654/55
f 654/655/55 648/649/55 649/650/55
f 654/655/55 649/650/55 655/656/55
f 656/657/55 650/651/55 651/652/55
f 656/657/55 651/652/55 657/658/55
f 658/659/55 652/653/55 653/654/55
f 658/659/55 653/654/55 659/660/55
f 660/661/55 654/655/55 655/656/55
f 660/661/55 655/656/55 661/662/55
f 614/615/55 656/657/55 657/658/55
f 614/615/55 657/658/55 615/616/55
f 611/612/55 658/659/55 659/660/55
f 611/612/55 659/660/55 612/613/55
f 662/663/55 663/664/55 664/665/55
f 662/663/55 664/665/55 665/666/55
f 666/667/55 667/668/55 668/669/55
f 666/667/55 668/669/55 669/670/55
f 663/664/55 670/671/55 671/672/55
f 663/664/55 671/672/55 664/665/55
f 667/668/55 672/673/55 673/674/55
f 667/668/55 673/674/55 668/669/55
f 671/672/55 670/671/55 674/675/55
f 671/672/55 674/675/55 675/676/55
f 673/674/55 672/673/55 676/677/55
f 673/674/55 676/677/55 677/678/55
f 675/676/55 674/675/55 678/679/55
f 675/676/55 678/679/55 679/680/55
f 677/678/55 676/677/55 680/681/55
f 677/678/55 680/681/55 681/682/55
f 679/680/55 678/679/55 682/683/55
f 679/680/55 682/683/55 683/684/55
f 681/682/55 680/681/55 684/685/55
f 681/682/55 684/685/55 685/686/55
f 683/684/55 682/683/55 686/687/55
f 683/684/55 686/687/55 687/688/55
f 685/686/55 684/685/55 688/689/55
f 685/686/55 688/689/55 689/690/55
f 687/688/55 686/687/55 690/691/55
f 687/688/55 690/691/55 691/692/55
f 689/690/55 688/689/55 692/693/55
f 689/690/55 692/693/55 693/694/55
f 694/695/55 695/696/55 696/697/55
f 694/695/55 696/697/55 697/698/55
f 691/692/55 690/691/55 698/699/55
f 691/692/55 698/699/55 699/700/55
f 693/694/55 692/693/55 700/701/55
f 693/694/55 700/701/55 701/702/55
f 696/697/55 702/703/55 703/704/55
f 696/697/55 703/704/55 697/698/55
f 698/699/55 704/705/55 705/706/55
f 698/699/55 705/706/55 699/700/55
f 700/701/55 706/707/55 707/708/55
f 700/701/55 707/708/55 701/702/55
f 702/703/55 708/709/55 709/710/55
f 702/703/55 709/710/55 703/704/55
f 704/705/55 710/711/55 711/712/55
f 704/705/55 711/712/55 705/706/55
f 706/707/55 712/713/55 713/714/55
f 706/707/55 713/714/55 707/708/55
f 708/709/55 714/715/55 715/716/55
f 708/709/55 715/716/55 709/710/55
f 710/711/55 716/717/55 717/718/55
f 710/711/55 717/718/55 711/712/55
f 712/713/55 718/719/55 719/720/55
f 712/713/55 719/720/55 713/714/55
f 714/715/55 720/721/55 721/722/55
f 714/715/55 721/722/55 715/716/55
f 716/717/55 695/696/55 694/695/55
f 716/717/55 694/695/55 717/718/55
f 718/719/55 722/723/55 723/724/55
f 718/719/55 723/724/55 719/720/55
f 720/721/55 724/725/55 725/726/55
f 720/721/55 725/726/55 721/722/55
f 722/723/55 662/663/55 665/666/55
f 722/723/55 665/666/55 723/724/55
f 704/705/55 698/699/55 726/727/55
f 704/705/55 726/727/55 727/728/55
f 728/729/133 729/730/134 730/731/132
f 728/729/133 730/731/132 731/732/132
f 698/699/55 690/691/55 732/733/55
f 698/699/55 732/733/55 726/727/55
f 733/734/135 728/729/133 731/732/132
f 733/734/135 731/732/132 734/735/132
f 735/736/130 736/737/130 737/738/130
f 735/736/130 737/738/130 738/739/130
f 690/691/55 686/687/55 739/740/55
f 690/691/55 739/740/55 732/733/55
f 688/689/55 684/685/55 740/741/55
f 688/689/55 740/741/55 741/742/55
f 742/743/7 743/744/136 744/745/136
f 742/743/7 744/745/136 745/746/7
f 746/747/131 747/748/83 748/749/83
f 746/747/131 748/749/83 749/750/131
f 686/687/55 682/683/55 750/751/55
f 686/687/55 750/751/55 739/740/55
f 751/752/116 742/743/7 745/746/7
f 751/752/116 745/746/7 752/753/116
f 753/754/10 746/747/131 749/750/131
f 753/754/10 749/750/131 754/755/10
f 755/756/137 756/757/138 757/758/132
f 755/756/137 757/758/132 758/759/132
f 759/760/25 751/752/116 752/753/116
f 759/760/25 752/753/116 760/761/25
f 761/762/139 753/754/10 754/755/10
f 761/762/139 754/755/10 762/763/139
f 763/764/18 764/765/140 765/766/140
f 763/764/18 765/766/140 766/767/18
f 767/768/119 759/760/25 760/761/25
f 767/768/119 760/761/25 768/769/119
f 684/685/55 680/681/55 769/770/55
f 684/685/55 769/770/55 740/741/55
f 770/771/120 763/764/18 766/767/18
f 770/771/120 766/767/18 771/772/120
f 772/773/45 767/768/119 768/769/119
f 772/773/45 768/769/119 773/774/45
f 682/683/55 678/679/55 774/775/55
f 682/683/55 774/775/55 750/751/55
f 747/748/83 770/771/120 771/772/120
f 747/748/83 771/772/120 748/749/83
f 775/776/141 772/773/45 773/774/45
f 775/776/141 773/774/45 776/777/141
f 777/778/142 755/756/137 758/759/132
f 777/778/142 758/759/132 778/779/132
f 680/681/55 676/677/55 779/780/55
f 680/681/55 779/780/55 769/770/55
f 678/679/55 674/675/55 780/781/55
f 678/679/55 780/781/55 774/775/55
f 781/782/143 777/778/142 778/779/132
f 781/782/143 778/779/132 782/783/132
f 783/784/121 784/785/121 785/786/121
f 783/784/121 785/786/121 786/787/121
f 676/677/55 672/673/55 787/788/55
f 676/677/55 787/788/55 779/780/55
f 788/789/144 789/790/145 790/791/132
f 788/789/144 790/791/132 791/792/132
f 674/675/55 670/671/55 792/793/55
f 674/675/55 792/793/55 780/781/55
f 793/794/146 781/782/143 782/783/132
f 793/794/146 782/783/132 794/795/132
f 777/778/142 781/782/143 795/796/147
f 777/778/142 795/796/147 796/797/148
f 797/798/149 789/790/145 798/799/150
f 797/798/149 798/799/150 799/800/149
f 800/801/151 801/802/152 802/803/152
f 800/801/151 802/803/152 803/804/151
f 755/756/137 777/778/142 796/797/148
f 755/756/137 796/797/148 804/805/153
f 805/806/154 797/798/149 799/800/149
f 805/806/154 799/800/149 806/807/154
f 807/808/155 800/801/151 803/804/151
f 807/808/155 803/804/151 808/809/155
f 756/757/138 755/756/137 804/805/153
f 756/757/138 804/805/153 809/810/156
f 810/811/157 805/806/154 806/807/154
f 810/811/157 806/807/154 811/812/157
f 733/734/135 807/808/155 808/809/155
f 733/734/135 808/809/155 812/813/158
f 813/814/159 756/757/138 809/810/156
f 813/814/159 809/810/156 814/815/159
f 815/816/160 810/811/157 811/812/157
f 815/816/160 811/812/157 816/817/160
f 728/729/133 733/734/135 812/813/158
f 728/729/133 812/813/158 817/818/161
f 818/819/162 813/814/159 814/815/159
f 818/819/162 814/815/159 819/820/162
f 820/821/163 815/816/160 816/817/160
f 820/821/163 816/817/160 821/822/163
f 729/730/134 728/729/133 817/818/161
f 729/730/134 817/818/161 822/823/164
f 801/802/152 818/819/162 819/820/162
f 801/802/152 819/820/162 802/803/152
f 823/824/165 820/821/163 821/822/163
f 823/824/165 821/822/163 824/825/166
f 825/826/167 729/730/134 822/823/164
f 825/826/167 822/823/164 826/827/168
f 827/828/169 823/824/165 824/825/166
f 827/828/169 824/825/166 828/829/170
f 829/830/171 825/826/167 826/827/168
f 829/830/171 826/827/168 830/831/172
f 831/832/173 827/828/169 828/829/170
f 831/832/173 828/829/170 832/833/174
f 833/834/175 829/830/171 830/831/172
f 833/834/175 830/831/172 834/835/176
f 835/836/177 831/832/173 832/833/174
f 835/836/177 832/833/174 836/837/178
f 837/838/179 833/834/175 834/835/176
f 837/838/179 834/835/176 838/839/180
f 839/840/181 835/836/177 836/837/178
f 839/840/181 836/837/178 840/841/182
f 841/842/183 837/838/179 838/839/180
f 841/842/183 838/839/180 842/843/184
f 843/844/185 839/840/181 840/841/182
f 843/844/185 840/841/182 844/845/186
f 845/846/187 841/842/183 842/843/184
f 845/846/187 842/843/184 846/847/188
f 793/794/146 843/844/185 844/845/186
f 793/794/146 844/845/186 847/848/189
f 788/789/144 845/846/187 846/847/188
f 788/789/144 846/847/188 848/849/190
f 781/782/143 793/794/146 847/848/189
f 781/782/143 847/848/189 795/796/147
f 789/790/145 788/789/144 848/849/190
f 789/790/145 848/849/190 798/799/150
f 725/726/55 724/725/55 666/667/55
f 725/726/55 666/667/55 669/670/55
f 729/730/134 825/826/167 849/850/132
f 729/730/134 849/850/132 730/731/132
f 823/824/165 827/828/169 850/851/132
f 823/824/165 850/851/132 851/852/132
f 825/826/167 829/830/171 852/853/132
f 825/826/167 852/853/132 849/850/132
f 714/715/55 708/709/55 853/854/55
f 714/715/55 853/854/55 854/855/55
f 827/828/169 831/832/173 855/856/132
f 827/828/169 855/856/132 850/851/132
f 856/857/124 857/858/124 858/859/124
f 856/857/124 858/859/124 859/860/124
f 829/830/171 833/834/175 860/861/132
f 829/830/171 860/861/132 852/853/132
f 720/721/55 714/715/55 854/855/55
f 720/721/55 854/855/55 861/862/55
f 831/832/173 835/836/177 862/863/132
f 831/832/173 862/863/132 855/856/132
f 833/834/175 837/838/179 863/864/132
f 833/834/175 863/864/132 860/861/132
f 724/725/55 720/721/55 861/862/55
f 724/725/55 861/862/55 864/865/55
f 835/836/177 839/840/181 865/866/132
f 835/836/177 865/866/132 862/863/132
f 662/663/55 722/723/55 866/867/55
f 662/663/55 866/867/55 867/868/55
f 868/869/127 869/870/127 870/871/127
f 868/869/127 870/871/127 871/872/127
f 837/838/179 841/842/183 872/873/132
f 837/838/179 872/873/132 863/864/132
f 666/667/55 724/725/55 864/865/55
f 666/667/55 864/865/55 873/874/55
f 839/840/181 843/844/185 874/875/132
f 839/840/181 874/875/132 865/866/132
f 663/664/55 662/663/55 867/868/55
f 663/664/55 867/868/55 875/876/55
f 841/842/183 845/846/187 876/877/132
f 841/842/183 876/877/132 872/873/132
f 667/668/55 666/667/55 873/874/55
f 667/668/55 873/874/55 877/878/55
f 843/844/185 793/794/146 794/795/132
f 843/844/185 794/795/132 874/875/132
f 670/671/55 663/664/55 875/876/55
f 670/671/55 875/876/55 792/793/55
f 845/846/187 788/789/144 791/792/132
f 845/846/187 791/792/132 876/877/132
f 672/673/55 667/668/55 877/878/55
f 672/673/55 877/878/55 787/788/55
f 878/879/7 879/880/116 880/881/116
f 878/879/7 880/881/116 881/882/7
f 882/883/120 883/884/83 884/885/83
f 882/883/120 884/885/83 885/886/120
f 886/887/119 887/888/45 888/889/45
f 886/887/119 888/889/45 889/890/119
f 890/891/10 891/892/139 892/893/139
f 890/891/10 892/893/139 893/894/10
f 894/895/136 878/879/7 881/882/7
f 894/895/136 881/882/7 895/896/136
f 896/897/18 882/883/120 885/886/120
f 896/897/18 885/886/120 897/898/18
f 898/899/25 886/887/119 889/890/119
f 898/899/25 889/890/119 899/900/25
f 900/901/131 890/891/10 893/894/10
f 900/901/131 893/894/10 901/902/131
f 902/903/140 896/897/18 897/898/18
f 902/903/140 897/898/18 903/904/140
f 879/880/116 898/899/25 899/900/25
f 879/880/116 899/900/25 880/881/116
f 887/888/45 904/905/141 905/906/141
f 887/888/45 905/906/141 888/889/45
f 883/884/83 900/901/131 901/902/131
f 883/884/83 901/902/131 884/885/83
f 906/907/191 907/908/191 908/909/191
f 906/907/191 908/909/191 909/910/191
f 910/911/192 911/912/192 912/913/192
f 910/911/192 912/913/192 913/914/192
f 914/915/193 915/916/194 916/917/194
f 914/915/193 916/917/194 917/918/193
f 918/919/195 919/920/196 920/921/196
f 918/919/195 920/921/196 921/922/195
f 922/923/197 923/924/197 924/925/197
f 922/923/197 924/925/197 925/926/197
f 926/927/198 927/928/199 928/929/199
f 926/927/198 928/929/199 929/930/198
f 930/931/200 931/932/200 932/933/200
f 930/931/200 932/933/200 933/934/200
f 934/935/201 935/936/202 936/937/201
f 934/935/201 936/937/201 937/938/201
f 938/939/203 939/940/203 940/941/203
f 938/939/203 940/941/203 941/942/203
f 942/943/204 943/944/205 944/945/205
f 942/943/204 944/945/205 945/946/204
f 946/947/206 947/948/206 948/949/206
f 946/947/206 948/949/206 949/950/206
f 950/951/207 951/952/207 952/953/207
f 950/951/207 952/953/207 953/954/207
f 954/955/208 955/956/209 956/957/209
f 954/955/208 956/957/209 957/958/208
f 958/959/210 959/960/211 960/961/211
f 958/959/210 960/961/211 961/962/210
f 962/963/212 963/964/212 964/965/212
f 962/963/212 964/965/212 965/966/212
f 966/967/213 967/968/214 968/969/214
f 966/967/213 968/969/214 969/970/213
f 970/971/215 971/972/215 972/973/215
f 970/971/215 972/973/215 973/974/215
f 974/975/216 975/976/216 976/977/216
f 974/975/216 976/977/216 977/978/216
f 978/979/217 979/980/217 980/981/217
f 978/979/217 980/981/217 981/982/217
f 982/983/218 983/984/219 984/985/219
f 982/983/218 984/985/219 985/986/218
f 986/987/220 987/988/220 988/989/220
f 986/987/220 988/989/220 989/990/220
f 990/991/221 991/992/221 992/993/221
f 990/991/221 992/993/221 993/994/221
f 994/995/222 995/996/223 996/997/223
f 994/995/222 996/997/223 997/998/222
f 998/999/224 999/1000/225 1000/1001/225
f 998/999/224 1000/1001/225 1001/1002/224
f 1002/1003/226 1003/1004/226 1004/1005/226
f 1002/1003/226 1004/1005/226 1005/1006/226
f 1006/1007/227 1007/1008/228 1008/1009/229
f 1006/1007/227 1008/1009/229 1009/1010/227
f 1010/1011/230 1011/1012/230 1012/1013/230
f 1010/1011/230 1012/1013/230 1013/1014/230
f 1014/1015/231 1015/1016/231 1016/1017/231
f 1014/1015/231 1016/1017/231 1017/1018/231
f 1018/1019/232 1019/1020/232 1020/1021/232
f 1018/1019/232 1020/1021/232 1021/1022/232
f 1022/1023/233 1023/1024/234 1024/1025/234
f 1022/1023/233 1024/1025/234 1025/1026/233
f 1026/1027/235 1027/1028/235 1028/1029/235
f 1026/1027/235 1028/1029/235 1029/1030/235
f 1030/1031/236 1031/1032/236 1032/1033/236
f 1030/1031/236 1032/1033/236 1033/1034/236
f 915/916/194 1034/1035/237 1035/1036/237
f 915/916/194 1035/1036/237 916/917/194
f 1036/1037/238 918/919/195 921/922/195
f 1036/1037/238 921/922/195 1037/1038/238
f 1038/1039/239 1039/1040/239 1040/1041/239
f 1038/1039/239 1040/1041/239 1041/1042/239
f 1042/1043/240 1043/1044/241 1044/1045/241
f 1042/1043/240 1044/1045/241 1045/1046/240
f 1046/1047/242 1047/1048/242 1048/1049/242
f 1046/1047/242 1048/1049/242 1049/1050/242
f 1050/1051/243 1051/1052/243 1052/1053/243
f 1050/1051/243 1052/1053/243 1053/1054/243
f 1054/1055/244 1055/1056/244 1056/1057/244
f 1054/1055/244 1056/1057/244 1057/1058/244
f 1058/1059/245 1059/1060/246 1060/1061/246
f 1058/1059/245 1060/1061/246 1061/1062/245
f 1062/1063/247 1063/1064/247 1064/1065/247
f 1062/1063/247 1064/1065/247 1065/1066/247
f 1066/1067/248 1067/1068/248 1068/1069/248
f 1066/1067/248 1068/1069/248 1069/1070/248
f 955/956/209 1070/1071/249 1071/1072/249
f 955/956/209 1071/1072/249 956/957/209
f 1072/1073/250 958/959/210 961/962/210
f 1072/1073/250 961/962/210 1073/1074/250
f 1074/1075/251 1075/1076/252 1076/1077/252
f 1074/1075/251 1076/1077/252 1077/1078/251
f 1078/1079/253 1079/1080/254 1080/1081/254
f 1078/1079/253 1080/1081/254 1081/1082/253
f 1082/1083/255 1083/1084/256 1084/1085/256
f 1082/1083/255 1084/1085/256 1085/1086/255
f 1086/1087/257 1087/1088/257 1088/1089/257
f 1086/1087/257 1088/1089/257 1089/1090/257
f 1090/1091/258 1091/1092/258 1092/1093/258
f 1090/1091/258 1092/1093/258 1093/1094/258
f 1094/1095/259 1095/1096/260 1096/1097/260
f 1094/1095/259 1096/1097/260 1097/1098/259
f 1098/1099/261 1099/1100/261 1100/1101/261
f 1098/1099/261 1100/1101/261 1101/1102/261
f 1102/1103/262 1103/1104/262 1104/1105/262
f 1102/1103/262 1104/1105/262 1105/1106/262
f 1106/1107/263 1107/1108/264 1108/1109/264
f 1106/1107/263 1108/1109/264 1109/1110/263
f 1110/1111/265 1111/1112/266 1112/1113/266
f 1110/1111/265 1112/1113/266 1113/1114/265
f 1114/1115/267 1115/1116/267 1116/1117/267
f 1114/1115/267 1116/1117/267 1117/1118/267
f 1118/1119/268 1119/1120/269 1120/1121/269
f 1118/1119/268 1120/1121/269 1121/1122/268
f 1122/1123/270 1123/1124/271 1124/1125/271
f 1122/1123/270 1124/1125/271 1125/1126/270
f 1126/1127/272 1127/1128/272 1128/1129/272
f 1126/1127/272 1128/1129/272 1129/1130/272
f 1130/1131/273 1131/1132/273 1132/1133/273
f 1130/1131/273 1132/1133/273 1133/1134/273
f 1134/1135/274 1135/1136/275 1136/1137/275
f 1134/1135/274 1136/1137/275 1137/1138/276
f 1138/1139/277 1139/1140/277 1140/1141/277
f 1138/1139/277 1140/1141/277 1141/1142/277
f 1142/1143/278 1143/1144/278 1144/1145/278
f 1142/1143/278 1144/1145/278 1145/1146/278
f 1034/1035/237 1146/1147/211 1147/1148/211
f 1034/1035/237 1147/1148/211 1035/1036/237
f 1148/1149/208 1036/1037/238 1037/1038/238
f 1148/1149/208 1037/1038/238 1149/1150/208
f 1150/1151/279 1151/1152/279 1152/1153/279
f 1150/1151/279 1152/1153/279 1153/1154/279
f 1154/1155/280 1155/1156/281 1156/1157/282
f 1154/1155/280 1156/1157/282 1157/1158/280
f 1158/1159/283 1159/1160/283 1160/1161/283
f 1158/1159/283 1160/1161/283 1161/1162/284
f 1162/1163/285 1163/1164/285 1164/1165/285
f 1162/1163/285 1164/1165/285 1165/1166/285
f 1166/1167/286 1167/1168/286 1168/1169/286
f 1166/1167/286 1168/1169/286 1169/1170/286
f 1170/1171/287 1171/1172/288 1172/986/288
f 1170/1171/287 1172/986/288 1173/1173/287
f 1174/1174/289 1175/1175/289 1176/1176/289
f 1174/1174/289 1176/1176/289 1177/1177/289
f 1178/1178/290 1179/1179/290 1180/1180/290
f 1178/1178/290 1180/1180/290 1181/1181/290
f 1182/1182/291 1183/1183/225 1184/1184/225
f 1182/1182/291 1184/1184/225 1185/1185/291
f 1186/1186/222 1187/1187/292 1188/1188/292
f 1186/1186/222 1188/1188/292 1189/1189/222
f 1190/1190/293 1191/1191/293 1192/1192/293
f 1190/1190/293 1192/1192/293 1193/1193/293
f 1194/1194/294 1195/1195/295 1196/1196/295
f 1194/1194/294 1196/1196/295 1197/1197/294
f 1198/1198/296 1199/1199/296 1200/1200/296
f 1198/1198/296 1200/1200/296 1201/1201/296
f 1202/1202/297 1203/1203/297 1204/1204/297
f 1202/1202/297 1204/1204/297 1205/1205/297
f 1206/1206/298 1207/1207/298 1208/1208/298
f 1206/1206/298 1208/1208/298 1209/1209/298
f 1210/1210/299 1211/1211/300 1212/1212/300
f 1210/1210/299 1212/1212/300 1213/1213/299
f 1214/1214/301 1215/1215/301 1216/1216/301
f 1214/1214/301 1216/1216/301 1217/1217/301
f 1218/1218/302 1219/1219/302 1220/1220/302
f 1218/1218/302 1220/1220/302 1221/1221/302
f 1107/1108/264 1222/1222/303 1223/1223/303
f 1107/1108/264 1223/1223/303 1108/1109/264
f 1224/1224/304 1110/1111/265 1113/1114/265
f 1224/1224/304 1113/1114/265 1225/1225/304
f 1226/1226/199 1227/1227/199 1228/1228/199
f 1226/1226/199 1228/1228/199 1229/1229/199
f 1230/1230/305 1231/1231/306 1232/1232/306
f 1230/1230/305 1232/1232/306 1233/1233/305
f 1234/1234/307 1235/1235/307 1236/1236/307
f 1234/1234/307 1236/1236/307 1237/1237/307
f 1238/1238/308 1239/1239/308 1240/1240/308
f 1238/1238/308 1240/1240/308 1241/1241/308
f 1242/1242/309 1243/1243/309 1244/1244/309
f 1242/1242/309 1244/1244/309 1245/1245/309
f 1246/1246/203 1247/1247/310 1248/1248/310
f 1246/1246/203 1248/1248/310 1249/1249/203
f 1250/1250/207 1251/1251/207 1252/1252/207
f 1250/1250/207 1252/1252/207 1253/1253/207
f 1254/1254/206 1255/1255/206 1256/1256/206
f 1254/1254/206 1256/1256/206 1257/1257/206
f 1146/1147/211 1258/1258/210 1259/1259/210
f 1146/1147/211 1259/1259/210 1147/1148/211
f 1260/1260/209 1148/1149/208 1149/1150/208
f 1260/1260/209 1149/1150/208 1261/1261/209
f 1262/1262/311 1263/1263/311 1264/1264/311
f 1262/1262/311 1264/1264/311 1265/1265/311
f 1266/1266/312 1267/1267/313 1268/1268/313
f 1266/1266/312 1268/1268/313 1269/1269/312
f 1270/1270/314 1271/1271/314 1272/1272/314
f 1270/1270/314 1272/1272/314 1273/1273/314
f 1274/1274/315 1275/1275/315 1276/1276/315
f 1274/1274/315 1276/1276/315 1277/1277/315
f 1278/1278/316 1279/1279/316 1280/1280/316
f 1278/1278/316 1280/1280/316 1281/1281/316
f 1282/1282/317 1283/1283/318 1284/1284/318
f 1282/1282/317 1284/1284/318 1285/1285/317
f 1286/1286/221 1287/1174/221 1288/1287/221
f 1286/1286/221 1288/1287/221 1289/1288/221
f 1290/1289/220 1291/1290/220 1292/1291/220
f 1290/1289/220 1292/1291/220 1293/1292/220
f 1183/1183/225 1294/1293/224 1295/1294/224
f 1183/1183/225 1295/1294/224 1184/1184/225
f 1296/1295/223 1186/1186/222 1189/1189/222
f 1296/1295/223 1189/1189/222 1297/1296/223
f 1298/1297/319 1299/1298/319 1300/1299/319
f 1298/1297/319 1300/1299/319 1301/1300/319
f 1302/1301/320 1303/1302/321 1304/1303/322
f 1302/1301/320 1304/1303/322 1305/1304/320
f 1306/1305/323 1307/1306/323 1308/1307/323
f 1306/1305/323 1308/1307/323 1309/1308/323
f 1310/1309/324 1311/1310/324 1312/1311/324
f 1310/1309/324 1312/1311/324 1313/1312/324
f 1314/1313/325 1315/1314/325 1316/1315/325
f 1314/1313/325 1316/1315/325 1317/1316/325
f 1318/1317/326 1319/1318/327 1320/1319/327
f 1318/1317/326 1320/1319/327 1321/1320/326
f 1322/1321/328 1323/1322/328 1324/1323/328
f 1322/1321/328 1324/1323/328 1325/1324/328
f 1326/1325/329 1327/1326/329 1328/1327/329
f 1326/1325/329 1328/1327/329 1329/1328/329
f 1222/1222/303 1330/1329/330 1331/1330/330
f 1222/1222/303 1331/1330/330 1223/1223/303
f 1332/1331/331 1224/1224/304 1225/1225/304
f 1332/1331/331 1225/1225/304 1333/1332/331
f 1334/1333/241 1335/1334/241 1336/1335/241
f 1334/1333/241 1336/1335/241 1337/1336/241
f 1338/1337/332 1339/1338/333 1340/1339/334
f 1338/1337/332 1340/1339/334 1341/1061/335
f 1342/1340/336 1343/1341/336 1344/1342/336
f 1342/1340/336 1344/1342/336 1345/1343/336
f 1346/1344/337 1347/1345/337 1348/1346/337
f 1346/1344/337 1348/1346/337 1349/1347/337
f 1350/1348/338 1351/1349/338 1352/1350/338
f 1350/1348/338 1352/1350/338 1353/1351/338
f 1354/1352/244 1355/1353/339 1356/1354/339
f 1354/1352/244 1356/1354/339 1357/1355/244
f 1358/1356/248 1359/1357/248 1360/1358/248
f 1358/1356/248 1360/1358/248 1361/1359/248
f 1362/1360/247 1363/1361/247 1364/1362/247
f 1362/1360/247 1364/1362/247 1365/1363/247
f 1258/1258/210 1366/1364/250 1367/1365/250
f 1258/1258/210 1367/1365/250 1259/1259/210
f 1368/1366/249 1260/1260/209 1261/1261/209
f 1368/1366/249 1261/1261/209 1369/1367/249
f 1370/1368/340 1371/1369/340 1372/1370/340
f 1370/1368/340 1372/1370/340 1373/1371/340
f 1374/1372/341 1375/1373/342 1376/1374/343
f 1374/1372/341 1376/1374/343 1377/1375/341
f 1378/1376/344 1379/1377/344 1380/1378/344
f 1378/1376/344 1380/1378/344 1381/1379/344
f 1382/1380/345 1383/1381/345 1384/1382/345
f 1382/1380/345 1384/1382/345 1385/1383/345
f 1386/1384/346 1387/1385/346 1388/1386/346
f 1386/1384/346 1388/1386/346 1389/1387/346
f 1390/1388/347 1391/1389/348 1392/1390/349
f 1390/1388/347 1392/1390/349 1393/1391/347
f 1394/1392/262 1395/1393/262 1396/1394/262
f 1394/1392/262 1396/1394/262 1397/1395/262
f 1398/1396/261 1399/1397/261 1400/1398/261
f 1398/1396/261 1400/1398/261 1401/1399/261
f 1402/1400/266 1403/1401/265 1404/1402/265
f 1402/1400/266 1404/1402/265 1405/1403/266
f 1406/1404/264 1407/1405/263 1408/1406/263
f 1406/1404/264 1408/1406/263 1409/1407/264
f 1410/1408/350 1411/1409/350 1412/1410/350
f 1410/1408/350 1412/1410/350 1413/1411/350
f 1414/1412/351 1415/1413/352 1416/1414/352
f 1414/1412/351 1416/1414/352 1417/1415/351
f 1418/1416/353 1419/1417/353 1420/1418/353
f 1418/1416/353 1420/1418/353 1421/1419/353
f 1422/1420/354 1423/1421/354 1424/1422/354
f 1422/1420/354 1424/1422/354 1425/1423/354
f 1426/1424/355 1427/1425/356 1428/1426/356
f 1426/1424/355 1428/1426/356 1429/1427/355
f 1430/1428/357 1431/1429/358 1432/1430/358
f 1430/1428/357 1432/1430/358 1433/1431/357
f 1434/1432/359 1435/1433/360 1436/1434/359
f 1434/1432/359 1436/1434/359 1437/1435/359
f 1438/1436/361 1439/1437/361 1440/1438/361
f 1438/1436/361 1440/1438/361 1441/1439/361
f 1330/1329/330 1442/1440/362 1443/1441/362
f 1330/1329/330 1443/1441/362 1331/1330/330
f 1444/1442/363 1332/1331/331 1333/1332/331
f 1444/1442/363 1333/1332/331 1445/1443/363
f 1446/1444/281 1447/1445/281 1448/1446/281
f 1446/1444/281 1448/1446/281 1449/1447/281
f 1450/1448/364 1451/1449/365 1452/1450/365
f 1450/1448/364 1452/1450/365 1453/1451/364
f 1454/1452/366 1455/1453/367 1456/1454/367
f 1454/1452/366 1456/1454/367 1457/1455/366
f 1458/1456/368 1459/1457/369 1460/1458/369
f 1458/1456/368 1460/1458/369 1461/1459/368
f 1462/1460/370 1463/1461/370 1464/1462/370
f 1462/1460/370 1464/1462/370 1465/1463/370
f 1466/1464/286 1467/1465/371 1468/1466/372
f 1466/1464/286 1468/1466/372 1469/1467/286
f 1470/1468/290 1471/1469/290 1472/1470/290
f 1470/1468/290 1472/1470/290 1473/1471/290
f 1474/1472/289 1475/1473/289 1476/1474/289
f 1474/1472/289 1476/1474/289 1477/1475/289
f 1478/1476/292 994/995/222 997/998/222
f 1478/1476/292 997/998/222 1479/1477/292
f 999/1000/225 1480/1478/291 1481/1479/291
f 999/1000/225 1481/1479/291 1000/1001/225
f 1482/1480/373 1483/1481/373 1484/1482/373
f 1482/1480/373 1484/1482/373 1485/1483/373
f 1486/1484/374 1487/1485/375 1488/1486/375
f 1486/1484/374 1488/1486/375 1489/1487/374
f 1490/1488/376 1491/1489/376 1492/1490/376
f 1490/1488/376 1492/1490/376 1493/1491/376
f 1494/1492/377 1495/1493/377 1496/1494/377
f 1494/1492/377 1496/1494/377 1497/1495/377
f 1498/1496/378 1499/1497/378 1500/1498/378
f 1498/1496/378 1500/1498/378 1501/1499/378
f 1502/1500/379 1503/1501/380 1504/1502/380
f 1502/1500/379 1504/1502/380 1505/1503/381
f 1506/1504/302 1507/1505/302 1508/1506/302
f 1506/1504/302 1508/1506/302 1509/1507/302
f 1510/1508/301 1511/1509/301 1512/1510/301
f 1510/1508/301 1512/1510/301 1513/1511/301
f 1403/1401/265 1514/1512/304 1515/1513/304
f 1403/1401/265 1515/1513/304 1404/1402/265
f 1516/1514/303 1406/1404/264 1409/1407/264
f 1516/1514/303 1409/1407/264 1517/1515/303
f 1518/1516/382 1519/1517/382 1520/1518/382
f 1518/1516/382 1520/1518/382 1521/1519/382
f 1522/1520/383 1523/1521/197 1524/1522/197
f 1522/1520/383 1524/1522/197 1525/1523/384
f 1526/1524/385 1527/1525/385 1528/1526/385
f 1526/1524/385 1528/1526/385 1529/1527/385
f 1530/1528/386 1531/1529/386 1532/1530/386
f 1530/1528/386 1532/1530/386 1533/1531/386
f 1534/1532/204 1535/1533/204 1536/1534/204
f 1534/1532/204 1536/1534/204 1537/1535/204
f 1538/1536/387 1539/1537/388 1540/1538/389
f 1538/1536/387 1540/1538/389 1541/1539/387
f 1542/1540/390 1543/1541/390 1544/1542/390
f 1542/1540/390 1544/1542/390 1545/1543/390
f 1546/1544/391 1547/1545/391 1548/1546/391
f 1546/1544/391 1548/1546/391 1549/1547/391
f 1442/1440/362 1550/1548/392 1551/1549/392
f 1442/1440/362 1551/1549/392 1443/1441/362
f 1552/1550/393 1444/1442/363 1445/1443/363
f 1552/1550/393 1445/1443/363 1553/1551/393
f 1554/1552/313 1555/1553/313 1556/1554/313
f 1554/1552/313 1556/1554/313 1557/1555/313
f 1558/1556/394 1559/1557/212 1560/1558/212
f 1558/1556/394 1560/1558/212 1561/1559/394
f 1562/1560/395 1563/1561/395 1564/1562/395
f 1562/1560/395 1564/1562/395 1565/1563/395
f 1566/1564/396 1567/1565/396 1568/1566/396
f 1566/1564/396 1568/1566/396 1569/1567/396
f 1570/1568/218 1571/1569/218 1572/1570/218
f 1570/1568/218 1572/1570/218 1573/1571/218
f 1574/1572/316 1575/1573/397 1576/1574/398
f 1574/1572/316 1576/1574/398 1577/1575/316
f 1578/1576/329 1579/1577/329 1580/1578/329
f 1578/1576/329 1580/1578/329 1581/1579/329
f 1582/1580/328 1583/1581/328 1584/1582/328
f 1582/1580/328 1584/1582/328 1585/1583/328
f 1514/1512/304 1586/1584/331 1587/1585/331
f 1514/1512/304 1587/1585/331 1515/1513/304
f 1588/1586/330 1516/1514/303 1517/1515/303
f 1588/1586/330 1517/1515/303 1589/1587/330
f 1590/1588/399 1591/1589/399 1592/1590/399
f 1590/1588/399 1592/1590/399 1593/1591/399
f 1594/1592/400 1595/1593/401 1596/1594/239
f 1594/1592/400 1596/1594/239 1597/1595/400
f 1598/1596/402 1599/1597/403 1600/1598/402
f 1598/1596/402 1600/1598/402 1601/1599/402
f 1602/1600/404 1603/1601/404 1604/1602/404
f 1602/1600/404 1604/1602/404 1605/1603/404
f 1606/1604/245 1607/1605/245 1608/1606/245
f 1606/1604/245 1608/1606/245 1609/1607/245
f 1610/1608/405 1611/1609/406 1612/1610/407
f 1610/1608/405 1612/1610/407 1613/1611/405
f 1614/1612/408 1615/1613/408 1616/1614/408
f 1614/1612/408 1616/1614/408 1617/1615/408
f 1618/1616/409 1619/1617/410 1620/1618/409
f 1618/1616/409 1620/1618/409 1621/1619/409
f 1550/1548/392 1622/1620/411 1623/1621/411
f 1550/1548/392 1623/1621/411 1551/1549/392
f 1624/1622/412 1552/1550/393 1553/1551/393
f 1624/1622/412 1553/1551/393 1625/1623/412
f 1626/1624/343 1627/1625/343 1628/1626/343
f 1626/1624/343 1628/1626/343 1629/1627/343
f 1630/1628/413 1631/1629/251 1632/1630/252
f 1630/1628/413 1632/1630/252 1633/1631/413
f 1634/1632/414 1635/1633/414 1636/1634/414
f 1634/1632/414 1636/1634/414 1637/1635/414
f 1638/1636/415 1639/1637/415 1640/1638/415
f 1638/1636/415 1640/1638/415 1641/1639/415
f 1642/1640/259 1643/1641/259 1644/1642/259
f 1642/1640/259 1644/1642/259 1645/1643/259
f 1646/1644/346 1647/1645/416 1648/1646/416
f 1646/1644/346 1648/1646/416 1649/1647/346
f 1650/1648/361 1651/1649/361 1652/1650/361
f 1650/1648/361 1652/1650/361 1653/1651/361
f 1654/1652/359 1655/1653/359 1656/1654/359
f 1654/1652/359 1656/1654/359 1657/1655/359
f 1586/1584/331 1658/1656/363 1659/1657/363
f 1586/1584/331 1659/1657/363 1587/1585/331
f 1660/1658/362 1588/1586/330 1589/1587/330
f 1660/1658/362 1589/1587/330 1661/1659/362
f 1662/1660/417 1663/1661/417 1664/1662/417
f 1662/1660/417 1664/1662/417 1665/1663/417
f 1666/1664/418 1667/1665/279 1668/1666/279
f 1666/1664/418 1668/1666/279 1669/1667/418
f 1670/1668/419 1671/1669/420 1672/1670/420
f 1670/1668/419 1672/1670/420 1673/1671/419
f 1674/1672/421 1675/1673/422 1676/1674/422
f 1674/1672/421 1676/1674/422 1677/1675/421
f 1678/1676/287 1679/1677/287 1680/1678/287
f 1678/1676/287 1680/1678/287 1681/1679/287
f 1682/1680/423 1683/1681/424 1684/1682/424
f 1682/1680/423 1684/1682/424 1685/1683/423
f 1686/1684/425 1687/1685/425 1688/1686/425
f 1686/1684/425 1688/1686/425 1689/1687/425
f 1690/1688/426 1691/1689/426 1692/1690/426
f 1690/1688/426 1692/1690/426 1693/1691/426
f 1694/1692/427 1695/1693/428 1696/1694/428
f 1694/1692/427 1696/1694/428 1697/1695/427
f 1698/1696/429 1699/1697/430 1700/1698/430
f 1698/1696/429 1700/1698/430 1701/1699/429
f 1702/1700/375 1703/1701/375 1704/1702/375
f 1702/1700/375 1704/1702/375 1705/1703/375
f 1706/1704/431 1707/1705/293 1708/1706/293
f 1706/1704/431 1708/1706/293 1709/1707/431
f 1710/1708/432 1711/1709/432 1712/1710/432
f 1710/1708/432 1712/1710/432 1713/1711/432
f 1714/1712/433 1715/1713/433 1716/1714/433
f 1714/1712/433 1716/1714/433 1717/1715/433
f 1718/1716/434 1719/1717/435 1720/1718/435
f 1718/1716/434 1720/1718/435 1721/1719/434
f 1722/1720/436 1723/1721/437 1724/1722/437
f 1722/1720/436 1724/1722/437 1725/1723/438
f 1726/1724/391 1727/1725/391 1728/1726/391
f 1726/1724/391 1728/1726/391 1729/1727/391
f 1730/1728/390 1731/1729/390 1732/1730/390
f 1730/1728/390 1732/1730/390 1733/1731/390
f 1658/1656/363 1734/1732/393 1735/1733/393
f 1658/1656/363 1735/1733/393 1659/1657/363
f 1736/1734/392 1660/1658/362 1661/1659/362
f 1736/1734/392 1661/1659/362 1737/1735/392
f 1738/1736/214 1739/1737/214 1740/1738/214
f 1738/1736/214 1740/1738/214 1741/1739/214
f 1742/1740/439 1743/1741/311 1744/1742/311
f 1742/1740/439 1744/1742/311 1745/1743/439
f 1746/1744/440 1747/1745/440 1748/1746/440
f 1746/1744/440 1748/1746/440 1749/1747/440
f 1750/1748/441 1751/1749/441 1752/1750/441
f 1750/1748/441 1752/1750/441 1753/1751/441
f 1754/1752/317 1755/1753/317 1756/1754/317
f 1754/1752/317 1756/1754/317 1757/1755/317
f 1758/1756/217 1759/1757/442 1760/1758/442
f 1758/1756/217 1760/1758/442 1761/1759/217
f 1762/1760/443 1763/1761/443 1764/1762/443
f 1762/1760/443 1764/1762/443 1765/1763/443
f 1766/1764/444 1767/1765/444 1768/1766/444
f 1766/1764/444 1768/1766/444 1769/1767/444
f 1695/1693/428 1770/1768/445 1771/1769/445
f 1695/1693/428 1771/1769/445 1696/1694/428
f 1772/1770/446 1698/1696/429 1701/1699/429
f 1772/1770/446 1701/1699/429 1773/1771/446
f 1774/1772/447 1775/1773/447 1776/1774/447
f 1774/1772/447 1776/1774/447 1777/1775/447
f 1778/1776/448 1779/1777/319 1780/1778/449
f 1778/1776/448 1780/1778/449 1781/1779/448
f 1782/1780/450 1783/1781/450 1784/1782/450
f 1782/1780/450 1784/1782/450 1785/1783/450
f 1786/1784/451 1787/1785/451 1788/1786/451
f 1786/1784/451 1788/1786/451 1789/1787/451
f 1790/1788/326 1791/1789/326 1792/1790/326
f 1790/1788/326 1792/1790/326 1793/1791/326
f 1794/1792/232 1795/1793/452 1796/1794/452
f 1794/1792/232 1796/1794/452 1797/1795/232
f 1798/1796/409 1799/1797/409 1800/1798/409
f 1798/1796/409 1800/1798/409 1801/1799/409
f 1802/1800/408 1803/1801/453 1804/1802/408
f 1802/1800/408 1804/1802/408 1805/1803/408
f 1734/1732/393 1806/1804/412 1807/1805/412
f 1734/1732/393 1807/1805/412 1735/1733/393
f 1808/1806/411 1736/1734/392 1737/1735/392
f 1808/1806/411 1737/1735/392 1809/1807/411
f 1810/1808/454 1811/1809/454 1812/1810/454
f 1810/1808/454 1812/1810/454 1813/1811/454
f 1814/1812/455 1815/1813/340 1816/1814/340
f 1814/1812/455 1816/1814/340 1817/1815/455
f 1818/1816/456 1819/1817/456 1820/1818/456
f 1818/1816/456 1820/1818/456 1821/1819/456
f 1822/1820/457 1823/1821/457 1824/1822/457
f 1822/1820/457 1824/1822/457 1825/1823/457
f 1826/1824/347 1827/1825/347 1828/1826/347
f 1826/1824/347 1828/1826/347 1829/1133/347
f 1830/1827/258 1831/1828/458 1832/1829/459
f 1830/1827/258 1832/1829/459 1833/1830/258
f 1834/1831/460 1835/1832/460 1836/1833/460
f 1834/1831/460 1836/1833/460 1837/1798/460
f 1838/1834/461 1839/1835/461 1840/1836/461
f 1838/1834/461 1840/1836/461 1841/1837/461
f 1842/1838/462 1843/1839/196 1844/1840/196
f 1842/1838/462 1844/1840/196 1845/1841/462
f 1846/1842/193 1847/1843/463 1848/1844/463
f 1846/1842/193 1848/1844/463 1849/1845/193
f 1850/1846/269 1851/1847/269 1852/1848/269
f 1850/1846/269 1852/1848/269 1853/1849/269
f 1854/1850/464 1855/1851/350 1856/1852/350
f 1854/1850/464 1856/1852/350 1857/1853/464
f 1858/1854/465 1859/1855/465 1860/1856/465
f 1858/1854/465 1860/1856/465 1861/1857/465
f 1862/1858/466 1863/1859/466 1864/1860/466
f 1862/1858/466 1864/1860/466 1865/1861/466
f 1866/1862/467 1867/1863/357 1868/1249/357
f 1866/1862/467 1868/1249/357 1869/1864/467
f 1870/1865/468 1871/1866/469 1872/1867/470
f 1870/1865/468 1872/1867/470 1873/1868/273
f 1874/1869/426 1875/1870/426 1876/1871/426
f 1874/1869/426 1876/1871/426 1877/1872/426
f 1878/1873/425 1879/1874/425 1880/1875/425
f 1878/1873/425 1880/1875/425 1881/1876/425
f 1882/1877/430 1883/1878/429 1884/1879/429
f 1882/1877/430 1884/1879/429 1885/1880/430
f 1886/1881/428 1887/1882/427 1888/1883/427
f 1886/1881/428 1888/1883/427 1889/1884/428
f 1890/1885/295 1891/1886/295 1892/1887/295
f 1890/1885/295 1892/1887/295 1893/1888/295
f 1894/1889/471 1895/1890/373 1896/1891/373
f 1894/1889/471 1896/1891/373 1897/1892/471
f 1898/1893/472 1899/1894/472 1900/1895/472
f 1898/1893/472 1900/1895/472 1901/1896/472
f 1902/1897/473 1903/1898/473 1904/1899/473
f 1902/1897/473 1904/1899/473 1905/1900/473
f 1906/1901/381 1907/1902/381 1908/1903/381
f 1906/1901/381 1908/1903/381 1909/1904/381
f 1910/1905/474 1911/1906/475 1912/1907/475
f 1910/1905/474 1912/1907/475 1913/1908/298
f 1914/1909/192 1915/1910/192 1916/1911/192
f 1914/1909/192 1916/1911/192 1917/1912/192
f 1918/1913/191 1919/1914/191 1920/1915/191
f 1918/1913/191 1920/1915/191 1921/1916/191
f 1843/1839/196 1922/1917/195 1923/1918/195
f 1843/1839/196 1923/1918/195 1844/1840/196
f 1924/1919/194 1846/1842/193 1849/1845/193
f 1924/1919/194 1849/1845/193 1925/1920/476
f 1926/1921/306 1927/1922/306 1928/1923/306
f 1926/1921/306 1928/1923/306 1929/1924/306
f 1930/1925/477 1931/1926/382 1932/1927/382
f 1930/1925/477 1932/1927/382 1933/1928/477
f 1934/1929/478 1935/1930/478 1936/1931/478
f 1934/1929/478 1936/1931/478 1937/1932/478
f 1938/1933/479 1939/1934/479 1940/1935/479
f 1938/1933/479 1940/1935/479 1941/1936/479
f 1942/1937/387 1943/1938/387 1944/1939/387
f 1942/1937/387 1944/1939/387 1945/1940/387
f 1946/1941/309 1947/1942/480 1948/1943/480
f 1946/1941/309 1948/1943/480 1949/1944/309
f 1950/1945/444 1951/1946/444 1952/1947/444
f 1950/1945/444 1952/1947/444 1953/1948/444
f 1954/1949/443 1955/1950/443 1956/1951/443
f 1954/1949/443 1956/1951/443 1957/1952/443
f 1883/1878/429 1958/1953/446 1959/1954/446
f 1883/1878/429 1959/1954/446 1884/1879/429
f 1960/1955/445 1886/1881/428 1889/1884/428
f 1960/1955/445 1889/1884/428 1961/1956/445
f 1962/1957/321 1963/1958/321 1964/1959/321
f 1962/1957/321 1964/1959/321 1965/1960/321
f 1966/1961/481 1967/1962/482 1968/1963/483
f 1966/1961/481 1968/1963/483 1969/1964/481
f 1970/1965/484 1971/1966/484 1972/1967/484
f 1970/1965/484 1972/1967/484 1973/1968/484
f 1974/1969/485 1975/1970/485 1976/1971/485
f 1974/1969/485 1976/1971/485 1977/1972/485
f 1978/1973/233 1979/1974/233 1980/1197/233
f 1978/1973/233 1980/1197/233 1981/1196/233
f 1982/1975/325 1983/1976/486 1984/1977/486
f 1982/1975/325 1984/1977/486 1985/1978/325
f 1986/1979/487 1987/1980/236 1988/1981/236
f 1986/1979/487 1988/1981/236 1989/1982/487
f 1990/1983/235 1991/1984/235 1992/1985/235
f 1990/1983/235 1992/1985/235 1993/1986/488
f 1922/1917/195 1994/1987/238 1995/1988/238
f 1922/1917/195 1995/1988/238 1923/1918/195
f 1996/1989/237 1924/1919/194 1925/1920/476
f 1996/1989/237 1925/1920/476 1997/1990/237
f 1998/1991/334 1999/1992/334 2000/1993/334
f 1998/1991/334 2000/1993/334 2001/1994/334
f 2002/1995/489 2003/1996/399 2004/1997/399
f 2002/1995/489 2004/1997/399 2005/1998/489
f 2006/1999/490 2007/2000/490 2008/2001/490
f 2006/1999/490 2008/2001/490 2009/2002/490
f 2010/2003/491 2011/2004/492 2012/2005/491
f 2010/2003/491 2012/2005/491 2013/1674/491
f 2014/2006/493 2015/2007/493 2016/2008/493
f 2014/2006/493 2016/2008/493 2017/2009/493
f 2018/2010/338 2019/2011/494 2020/2012/494
f 2018/2010/338 2020/2012/494 2021/2013/338
f 2022/2014/461 2023/2015/495 2024/2016/461
f 2022/2014/461 2024/2016/461 2025/2017/461
f 2026/2018/460 2027/2019/496 2028/2020/496
f 2026/2018/460 2028/2020/496 2029/2021/460
f 2030/2022/463 914/915/193 917/918/193
f 2030/2022/463 917/918/193 2031/2023/463
f 919/920/196 2032/2024/462 2033/2025/462
f 919/920/196 2033/2025/462 920/921/196
f 2034/2026/352 2035/2027/352 2036/2028/352
f 2034/2026/352 2036/2028/352 2037/2029/352
f 2038/2030/497 2039/2031/267 2040/2032/267
f 2038/2030/497 2040/2032/267 2041/2033/497
f 2042/2034/498 2043/2035/498 2044/2036/498
f 2042/2034/498 2044/2036/498 2045/2037/498
f 2046/2038/499 2047/2039/499 2048/2040/499
f 2046/2038/499 2048/2040/499 2049/2041/499
f 2050/2042/276 2051/2043/500 2052/2044/276
f 2050/2042/276 2052/2044/276 2053/2045/276
f 2054/2046/356 2055/2047/501 2056/2048/501
f 2054/2046/356 2056/2048/501 2057/2049/356
f 2058/2050/278 2059/2051/278 2060/2052/278
f 2058/2050/278 2060/2052/278 2061/2053/278
f 2062/2054/277 2063/2055/277 2064/2056/277
f 2062/2054/277 2064/2056/277 2065/2057/277
f 1994/1987/238 954/955/208 957/958/208
f 1994/1987/238 957/958/208 1995/1988/238
f 959/960/211 1996/1989/237 1997/1990/237
f 959/960/211 1997/1990/237 960/961/211
f 2066/2058/365 2067/2059/365 2068/2060/365
f 2066/2058/365 2068/2060/365 2069/2061/365
f 2070/2062/502 2071/2063/417 2072/2064/417
f 2070/2062/502 2072/2064/417 2073/2065/502
f 2074/2066/503 2075/2067/503 2076/2068/503
f 2074/2066/503 2076/2068/503 2077/2069/503
f 2078/2070/504 2079/2071/504 2080/2072/504
f 2078/2070/504 2080/2072/504 2081/2073/504
f 2082/2074/423 2083/2075/423 2084/2076/423
f 2082/2074/423 2084/2076/423 2085/2077/423
f 2086/2078/370 2087/2079/505 2088/2080/505
f 2086/2078/370 2088/2080/505 2089/2081/370
f 2090/2082/55 2091/2083/55 2092/2084/55
f 2090/2082/55 2092/2084/55 2093/2085/55
f 2094/2086/55 2095/2087/55 2096/2088/55
f 2094/2086/55 2096/2088/55 2097/2089/55
f 2091/2083/55 2098/2090/55 2099/2091/55
f 2091/2083/55 2099/2091/55 2092/2084/55
f 2095/2087/55 594/595/55 597/598/55
f 2095/2087/55 597/598/55 2096/2088/55
f 2100/2092/55 2101/2093/55 2102/2094/55
f 2100/2092/55 2102/2094/55 2103/2095/55
f 2098/2090/55 2104/2096/55 2105/2097/55
f 2098/2090/55 2105/2097/55 2099/2091/55
f 2106/2098/55 2094/2086/55 2097/2089/55
f 2106/2098/55 2097/2089/55 2107/2099/55
f 2108/2100/55 2090/2082/55 2093/2085/55
f 2108/2100/55 2093/2085/55 2109/2101/55
f 2110/2102/55 2106/2098/55 2107/2099/55
f 2110/2102/55 2107/2099/55 2111/2103/55
f 2112/2104/55 2108/2100/55 2109/2101/55
f 2112/2104/55 2109/2101/55 2113/2105/55
f 2114/2106/55 2110/2102/55 2111/2103/55
f 2114/2106/55 2111/2103/55 2115/2107/55
f 2116/2108/55 2112/2104/55 2113/2105/55
f 2116/2108/55 2113/2105/55 2117/2109/55
f 2118/2110/55 2114/2106/55 2115/2107/55
f 2118/2110/55 2115/2107/55 2119/2111/55
f 2120/2112/55 2116/2108/55 2117/2109/55
f 2120/2112/55 2117/2109/55 2121/2113/55
f 2122/2114/55 2118/2110/55 2119/2111/55
f 2122/2114/55 2119/2111/55 2123/2115/55
f 2124/2116/55 2120/2112/55 2121/2113/55
f 2124/2116/55 2121/2113/55 2125/2117/55
f 2126/2118/55 2122/2114/55 2123/2115/55
f 2126/2118/55 2123/2115/55 2127/2119/55
f 2128/2120/55 2124/2116/55 2125/2117/55
f 2128/2120/55 2125/2117/55 2129/2121/55
f 2130/2122/55 2126/2118/55 2127/2119/55
f 2130/2122/55 2127/2119/55 2131/2123/55
f 2132/2124/55 2128/2120/55 2129/2121/55
f 2132/2124/55 2129/2121/55 2133/2125/55
f 2134/2126/55 2100/2092/55 2103/2095/55
f 2134/2126/55 2103/2095/55 2135/2127/55
f 2136/2128/55 2130/2122/55 2131/2123/55
f 2136/2128/55 2131/2123/55 2137/2129/55
f 2138/2130/55 2132/2124/55 2133/2125/55
f 2138/2130/55 2133/2125/55 2139/2131/55
f 2140/2132/55 2134/2126/55 2135/2127/55
f 2140/2132/55 2135/2127/55 2141/2133/55
f 2142/2134/55 2136/2128/55 2137/2129/55
f 2142/2134/55 2137/2129/55 2143/2135/55
f 2144/2136/55 2138/2130/55 2139/2131/55
f 2144/2136/55 2139/2131/55 2145/2137/55
f 2146/2138/55 2140/2132/55 2141/2133/55
f 2146/2138/55 2141/2133/55 2147/2139/55
f 2148/2140/55 2142/2134/55 2143/2135/55
f 2148/2140/55 2143/2135/55 2149/2141/55
f 595/596/55 2144/2136/55 2145/2137/55
f 595/596/55 2145/2137/55 596/597/55
f 2104/2096/55 2146/2138/55 2147/2139/55
f 2104/2096/55 2147/2139/55 2105/2097/55
f 2101/2093/55 2148/2140/55 2149/2141/55
f 2101/2093/55 2149/2141/55 2102/2094/55
f 608/609/55 660/661/55 661/662/55
f 608/609/55 661/662/55 609/610/55
f 2150/2142/506 2151/2143/507 2152/2144/508
f 2150/2142/506 2152/2144/508 2153/2145/509
f 2154/2146/510 2150/2142/506 2153/2145/509
f 2154/2146/510 2153/2145/509 2155/2147/511
f 2156/2148/512 2157/2149/513 2158/2150/514
f 2156/2148/512 2158/2150/514 2159/2151/515
f 2160/2152/516 2156/2148/512 2159/2151/515
f 2160/2152/516 2159/2151/515 2161/2153/517
f 2162/2154/518 2160/2152/516 2161/2153/517
f 2162/2154/518 2161/2153/517 2163/2155/519
f 2164/2156/520 2162/2154/518 2163/2155/519
f 2164/2156/520 2163/2155/519 2165/2157/521
f 2151/2143/507 2166/2158/522 2167/2159/523
f 2151/2143/507 2167/2159/523 2152/2144/508
f 2168/2160/524 2169/2161/525 2170/2162/526
f 2168/2160/524 2170/2162/526 2171/2163/527
f 2172/2164/528 2168/2160/524 2171/2163/527
f 2172/2164/528 2171/2163/527 2173/2165/529
f 2174/2166/530 2172/2164/528 2173/2165/529
f 2174/2166/530 2173/2165/529 2175/2167/531
f 2176/2168/532 2177/2169/533 2178/2170/534
f 2176/2168/532 2178/2170/534 2179/2171/535
f 2180/2172/536 2176/2168/532 2179/2171/535
f 2180/2172/536 2179/2171/535 2181/2173/537
f 2182/2174/538 2180/2172/536 2181/2173/537
f 2182/2174/538 2181/2173/537 2183/2175/539
f 2184/2176/540 2182/2174/538 2183/2175/539
f 2184/2176/540 2183/2175/539 2185/2177/541
f 2185/2177/541 2183/2175/539 2186/2178/542
f 2185/2177/541 2186/2178/542 2187/2179/543
f 2171/2163/527 2170/2162/526 2188/2180/544
f 2171/2163/527 2188/2180/544 2189/2181/545
f 2173/2165/529 2171/2163/527 2189/2181/545
f 2173/2165/529 2189/2181/545 2190/2182/546
f 2175/2167/531 2173/2165/529 2190/2182/546
f 2175/2167/531 2190/2182/546 2191/2183/547
f 2179/2171/535 2178/2170/534 2192/2184/548
f 2179/2171/535 2192/2184/548 2193/2185/549
f 2181/2173/537 2179/2171/535 2193/2185/549
f 2181/2173/537 2193/2185/549 2194/2186/550
f 2183/2175/539 2181/2173/537 2194/2186/550
f 2183/2175/539 2194/2186/550 2186/2178/542
f 2195/2187/551 2196/2188/552 2197/2189/553
f 2195/2187/551 2197/2189/553 2198/2190/554
f 2199/2191/555 2200/2192/556 2201/2193/557
f 2199/2191/555 2201/2193/557 2202/2194/558
f 2203/2195/559 2199/2191/555 2202/2194/558
f 2203/2195/559 2202/2194/558 2204/2196/560
f 2205/2197/561 2203/2195/559 2204/2196/560
f 2205/2197/561 2204/2196/560 2206/2198/562
f 2207/2199/563 2208/2200/564 2209/2201/565
f 2207/2199/563 2209/2201/565 2210/2202/566
f 2211/2203/567 2207/2199/563 2210/2202/566
f 2211/2203/567 2210/2202/566 2212/2204/568
f 2196/2188/552 2211/2203/567 2212/2204/568
f 2196/2188/552 2212/2204/568 2197/2189/553
f 2210/2202/566 2209/2201/565 2213/2205/569
f 2210/2202/566 2213/2205/569 2214/2206/570
f 2212/2204/568 2210/2202/566 2214/2206/570
f 2212/2204/568 2214/2206/570 2215/2207/571
f 2197/2189/553 2212/2204/568 2215/2207/571
f 2197/2189/553 2215/2207/571 2216/2208/572
f 2198/2190/554 2197/2189/553 2216/2208/572
f 2198/2190/554 2216/2208/572 2217/2209/573
f 2218/2210/558 2219/2211/574 2220/2212/575
f 2218/2210/558 2220/2212/575 2221/2213/576
f 2222/2214/560 2218/2210/558 2221/2213/576
f 2222/2214/560 2221/2213/576 2223/2215/577
f 2224/2216/562 2222/2214/560 2223/2215/577
f 2224/2216/562 2223/2215/577 2225/2217/578
f 2226/2218/579 2227/2219/580 2228/2220/581
f 2226/2218/579 2228/2220/581 2229/2221/582
f 2230/2222/583 2226/2218/579 2229/2221/582
f 2230/2222/583 2229/2221/582 2231/2223/584
f 2232/2224/585 2230/2222/583 2231/2223/584
f 2232/2224/585 2231/2223/584 2233/2225/586
f 2234/2226/587 2235/2227/588 2236/2228/589
f 2234/2226/587 2236/2228/589 2237/2229/590
f 2238/2230/591 2234/2226/587 2237/2229/590
f 2238/2230/591 2237/2229/590 2239/2231/592
f 2240/2232/593 2238/2230/591 2239/2231/592
f 2240/2232/593 2239/2231/592 2241/2233/594
f 2227/2219/580 2242/2234/595 2243/2235/596
f 2227/2219/580 2243/2235/596 2228/2220/581
f 2237/2229/590 2236/2228/589 2244/2236/597
f 2237/2229/590 2244/2236/597 2245/2237/598
f 2239/2231/592 2237/2229/590 2245/2237/598
f 2239/2231/592 2245/2237/598 2246/2238/599
f 2241/2233/594 2239/2231/592 2246/2238/599
f 2241/2233/594 2246/2238/599 2247/2239/600
f 2228/2220/581 2243/2235/596 2248/2240/601
f 2228/2220/581 2248/2240/601 2249/2241/602
f 2229/2221/582 2228/2220/581 2249/2241/602
f 2229/2221/582 2249/2241/602 2250/2242/603
f 2231/2223/584 2229/2221/582 2250/2242/603
f 2231/2223/584 2250/2242/603 2251/2243/604
f 2233/2225/586 2231/2223/584 2251/2243/604
f 2233/2225/586 2251/2243/604 2252/2244/605
f 2253/2245/606 2254/2246/607 2255/2247/608
f 2253/2245/606 2255/2247/608 2256/2248/609
f 2257/2249/610 2253/2245/606 2256/2248/609
f 2257/2249/610 2256/2248/609 2258/2250/611
f 2259/2251/612 2257/2249/610 2258/2250/611
f 2259/2251/612 2258/2250/611 2260/2252/613
f 2261/2253/614 2262/2254/615 2263/2255/616
f 2261/2253/614 2263/2255/616 2264/2256/617
f 2265/2257/618 2261/2253/614 2264/2256/617
f 2265/2257/618 2264/2256/617 2266/2258/619
f 2267/2259/620 2265/2257/618 2266/2258/619
f 2267/2259/620 2266/2258/619 2268/2260/621
f 2254/2246/607 2269/2261/622 2270/2262/623
f 2254/2246/607 2270/2262/623 2255/2247/608
f 2266/2258/619 2264/2256/617 2271/2263/624
f 2266/2258/619 2271/2263/624 2272/2264/625
f 2268/2260/621 2266/2258/619 2272/2264/625
f 2268/2260/621 2272/2264/625 2273/2265/626
f 2255/2247/608 2270/2262/623 2274/2266/627
f 2255/2247/608 2274/2266/627 2275/2267/628
f 2256/2248/609 2255/2247/608 2275/2267/628
f 2256/2248/609 2275/2267/628 2276/2268/629
f 2258/2250/611 2256/2248/609 2276/2268/629
f 2258/2250/611 2276/2268/629 2277/2269/630
f 2260/2252/613 2258/2250/611 2277/2269/630
f 2260/2252/613 2277/2269/630 2278/2270/631
f 2264/2256/617 2263/2255/616 2279/2271/632
f 2264/2256/617 2279/2271/632 2271/2263/624
f 2280/2272/633 2281/2273/634 2282/2274/635
f 2280/2272/633 2282/2274/635 2283/2275/636
f 2284/2276/637 2280/2272/633 2283/2275/636
f 2284/2276/637 2283/2275/636 2285/2277/638
f 2286/2278/639 2287/2279/640 2288/2280/641
f 2286/2278/639 2288/2280/641 2289/2281/642
f 2290/2282/643 2286/2278/639 2289/2281/642
f 2290/2282/643 2289/2281/642 2291/2283/644
f 2292/2284/645 2290/2282/643 2291/2283/644
f 2292/2284/645 2291/2283/644 2293/2285/646
f 2294/2286/647 2295/2287/648 2296/2288/649
f 2294/2286/647 2296/2288/649 2297/2289/650
f 2281/2273/634 2294/2286/647 2297/2289/650
f 2281/2273/634 2297/2289/650 2282/2274/635
f 2291/2283/644 2289/2281/642 2298/2290/651
f 2291/2283/644 2298/2290/651 2299/2291/652
f 2293/2285/646 2291/2283/644 2299/2291/652
f 2293/2285/646 2299/2291/652 2300/2292/653
f 2297/2289/650 2296/2288/649 2301/2293/654
f 2297/2289/650 2301/2293/654 2302/2294/655
f 2282/2274/635 2297/2289/650 2302/2294/655
f 2282/2274/635 2302/2294/655 2303/2295/656
f 2283/2275/636 2282/2274/635 2303/2295/656
f 2283/2275/636 2303/2295/656 2304/2296/657
f 2285/2277/638 2283/2275/636 2304/2296/657
f 2285/2277/638 2304/2296/657 2305/2297/658
f 2289/2281/642 2288/2280/641 2306/2298/659
f 2289/2281/642 2306/2298/659 2298/2290/651
f 2307/2299/660 2308/2300/661 2309/2301/662
f 2307/2299/660 2309/2301/662 2310/2302/663
f 2311/2303/664 2307/2299/660 2310/2302/663
f 2311/2303/664 2310/2302/663 2312/2304/665
f 2313/2305/666 2314/2306/667 2315/2307/668
f 2313/2305/666 2315/2307/668 2316/2308/669
f 2317/2309/670 2313/2305/666 2316/2308/669
f 2317/2309/670 2316/2308/669 2318/2310/671
f 2319/2311/672 2317/2309/670 2318/2310/671
f 2319/2311/672 2318/2310/671 2320/2312/673
f 2321/2313/674 2319/2311/672 2320/2312/673
f 2321/2313/674 2320/2312/673 2322/2314/675
f 2308/2300/661 2323/2315/676 2324/2316/677
f 2308/2300/661 2324/2316/677 2309/2301/662
f 2320/2312/673 2318/2310/671 2325/2317/678
f 2320/2312/673 2325/2317/678 2326/2318/679
f 2322/2314/675 2320/2312/673 2326/2318/679
f 2322/2314/675 2326/2318/679 2327/2319/680
f 2328/2320/662 2329/2321/677 2330/2322/681
f 2328/2320/662 2330/2322/681 2331/2323/682
f 2332/2324/663 2328/2320/662 2331/2323/682
f 2332/2324/663 2331/2323/682 2333/2325/683
f 2334/2326/665 2332/2324/663 2333/2325/683
f 2334/2326/665 2333/2325/683 2335/2327/684
f 2316/2308/669 2315/2307/668 2336/2328/685
f 2316/2308/669 2336/2328/685 2337/2329/686
f 2318/2310/671 2316/2308/669 2337/2329/686
f 2318/2310/671 2337/2329/686 2325/2317/678
f 2338/2330/687 2339/2331/688 2340/2332/689
f 2338/2330/687 2340/2332/689 2341/2333/690
f 2342/2334/691 2343/2335/692 2344/2336/693
f 2342/2334/691 2344/2336/693 2345/2337/694
f 2346/2338/695 2342/2334/691 2345/2337/694
f 2346/2338/695 2345/2337/694 2347/2339/696
f 2348/2340/697 2346/2338/695 2347/2339/696
f 2348/2340/697 2347/2339/696 2349/2341/698
f 2350/2342/699 2351/2343/700 2352/2344/701
f 2350/2342/699 2352/2344/701 2353/2345/702
f 2354/2346/703 2350/2342/699 2353/2345/702
f 2354/2346/703 2353/2345/702 2355/2347/704
f 2339/2331/688 2354/2346/703 2355/2347/704
f 2339/2331/688 2355/2347/704 2340/2332/689
f 2353/2345/702 2352/2344/701 2356/2348/705
f 2353/2345/702 2356/2348/705 2357/2349/706
f 2355/2347/704 2353/2345/702 2357/2349/706
f 2355/2347/704 2357/2349/706 2358/2350/707
f 2340/2332/689 2355/2347/704 2358/2350/707
f 2340/2332/689 2358/2350/707 2359/2351/708
f 2341/2333/690 2340/2332/689 2359/2351/708
f 2341/2333/690 2359/2351/708 2360/2352/709
f 2345/2337/694 2344/2336/693 2361/2353/710
f 2345/2337/694 2361/2353/710 2362/2354/711
f 2347/2339/696 2345/2337/694 2362/2354/711
f 2347/2339/696 2362/2354/711 2363/2355/712
f 2349/2341/698 2347/2339/696 2363/2355/712
f 2349/2341/698 2363/2355/712 2364/2356/713
f 2365/2357/714 2366/2358/715 2367/2359/716
f 2365/2357/714 2367/2359/716 2368/2360/717
f 2369/2361/718 2365/2357/714 2368/2360/717
f 2369/2361/718 2368/2360/717 2370/2362/719
f 2371/2363/720 2369/2361/718 2370/2362/719
f 2371/2363/720 2370/2362/719 2372/2364/721
f 2373/2365/722 2374/2366/723 2375/2367/724
f 2373/2365/722 2375/2367/724 2376/2368/725
f 2377/2369/726 2373/2365/722 2376/2368/725
f 2377/2369/726 2376/2368/725 2378/2370/727
f 2379/2371/728 2377/2369/726 2378/2370/727
f 2379/2371/728 2378/2370/727 2380/2372/729
f 2381/2373/730 2382/2374/731 2383/2375/55
f 2381/2373/730 2383/2375/55 2384/2376/55
f 2385/2377/732 2379/2371/728 2380/2372/729
f 2385/2377/732 2380/2372/729 2386/2378/733
f 2376/2368/725 2375/2367/724 2387/2379/734
f 2376/2368/725 2387/2379/734 2388/2380/735
f 2378/2370/727 2376/2368/725 2388/2380/735
f 2378/2370/727 2388/2380/735 2389/2381/736
f 2380/2372/729 2378/2370/727 2389/2381/736
f 2380/2372/729 2389/2381/736 2390/2382/737
f 2386/2378/733 2380/2372/729 2390/2382/737
f 2386/2378/733 2390/2382/737 2391/2383/738
f 2368/2360/717 2367/2359/716 2392/2384/739
f 2368/2360/717 2392/2384/739 2393/2385/740
f 2370/2362/719 2368/2360/717 2393/2385/740
f 2370/2362/719 2393/2385/740 2394/2386/741
f 2372/2364/721 2370/2362/719 2394/2386/741
f 2372/2364/721 2394/2386/741 2395/2387/742
f 2396/2388/743 2397/2389/744 2398/2390/745
f 2396/2388/743 2398/2390/745 2399/2391/746
f 2400/2392/747 2396/2388/743 2399/2391/746
f 2400/2392/747 2399/2391/746 2401/2393/748
f 2402/2394/749 2400/2392/747 2401/2393/748
f 2402/2394/749 2401/2393/748 2403/2395/750
f 2404/2396/751 2405/2397/752 2406/2398/753
f 2404/2396/751 2406/2398/753 2407/2399/754
f 2408/2400/755 2404/2396/751 2407/2399/754
f 2408/2400/755 2407/2399/754 2409/2401/756
f 2410/2402/757 2408/2400/755 2409/2401/756
f 2410/2402/757 2409/2401/756 2411/2403/758
f 2412/2404/759 2410/2402/757 2411/2403/758
f 2412/2404/759 2411/2403/758 2413/2405/760
f 2414/2406/55 2415/2407/55 2416/2408/55
f 2414/2406/55 2416/2408/55 2417/2409/55
f 2409/2401/756 2407/2399/754 2418/2410/761
f 2409/2401/756 2418/2410/761 2419/2411/762
f 2411/2403/758 2409/2401/756 2419/2411/762
f 2411/2403/758 2419/2411/762 2420/2412/763
f 2413/2405/760 2411/2403/758 2420/2412/763
f 2413/2405/760 2420/2412/763 2421/2413/764
f 2399/2391/746 2398/2390/745 2422/2414/765
f 2399/2391/746 2422/2414/765 2423/2415/766
f 2401/2393/748 2399/2391/746 2423/2415/766
f 2401/2393/748 2423/2415/766 2424/2416/767
f 2403/2395/750 2401/2393/748 2424/2416/767
f 2403/2395/750 2424/2416/767 2425/2417/768
f 2407/2399/754 2406/2398/753 2426/2418/769
f 2407/2399/754 2426/2418/769 2418/2410/761
f 2427/2419/770 2428/2420/771 2429/2421/772
f 2427/2419/770 2429/2421/772 2430/2422/773
f 2431/2423/774 2427/2419/770 2430/2422/773
f 2431/2423/774 2430/2422/773 2432/2424/775
f 2433/2425/776 2431/2423/774 2432/2424/775
f 2433/2425/776 2432/2424/775 2434/2426/777
f 2435/2427/778 2433/2425/776 2434/2426/777
f 2435/2427/778 2434/2426/777 2436/2428/779
f 2437/2429/780 2438/2430/781 2439/2431/782
f 2437/2429/780 2439/2431/782 2440/2432/783
f 2441/2433/784 2437/2429/780 2440/2432/783
f 2441/2433/784 2440/2432/783 2442/2434/785
f 2443/2435/786 2441/2433/784 2442/2434/785
f 2443/2435/786 2442/2434/785 2444/2436/787
f 2445/2437/783 2446/2438/788 2447/2439/789
f 2445/2437/783 2447/2439/789 2448/2440/790
f 2449/2441/785 2445/2437/783 2448/2440/790
f 2449/2441/785 2448/2440/790 2450/2442/791
f 2451/2443/787 2449/2441/785 2450/2442/791
f 2451/2443/787 2450/2442/791 2452/2444/792
f 2430/2422/773 2429/2421/772 2453/2445/793
f 2430/2422/773 2453/2445/793 2454/2446/794
f 2432/2424/775 2430/2422/773 2454/2446/794
f 2432/2424/775 2454/2446/794 2455/2447/795
f 2434/2426/777 2432/2424/775 2455/2447/795
f 2434/2426/777 2455/2447/795 2456/2448/796
f 2436/2428/779 2434/2426/777 2456/2448/796
f 2436/2428/779 2456/2448/796 2457/2449/797
f 2458/2450/798 2459/2451/799 2460/2452/800
f 2458/2450/798 2460/2452/800 2461/2453/801
f 2462/2454/802 2458/2450/798 2461/2453/801
f 2462/2454/802 2461/2453/801 2463/2455/803
f 2464/2456/804 2465/2457/805 2466/2458/806
f 2464/2456/804 2466/2458/806 2467/2459/807
f 2468/2460/808 2464/2456/804 2467/2459/807
f 2468/2460/808 2467/2459/807 2469/2461/809
f 2470/2462/810 2468/2460/808 2469/2461/809
f 2470/2462/810 2469/2461/809 2471/2463/811
f 2472/2464/812 2470/2462/810 2471/2463/811
f 2472/2464/812 2471/2463/811 2473/2465/813
f 2459/2451/799 2474/2466/814 2475/2467/815
f 2459/2451/799 2475/2467/815 2460/2452/800
f 2471/2463/811 2469/2461/809 2476/2468/816
f 2471/2463/811 2476/2468/816 2477/2469/817
f 2473/2465/813 2471/2463/811 2477/2469/817
f 2473/2465/813 2477/2469/817 2478/2470/818
f 2460/2452/800 2475/2467/815 2479/2471/819
f 2460/2452/800 2479/2471/819 2480/2472/820
f 2461/2453/801 2460/2452/800 2480/2472/820
f 2461/2453/801 2480/2472/820 2481/2473/821
f 2463/2455/803 2461/2453/801 2481/2473/821
f 2463/2455/803 2481/2473/821 2482/2474/822
f 2467/2459/807 2466/2458/806 2483/2475/823
f 2467/2459/807 2483/2475/823 2484/2476/824
f 2469/2461/809 2467/2459/807 2484/2476/824
f 2469/2461/809 2484/2476/824 2476/2468/816
f 2485/2477/825 2486/2478/826 2487/2479/827
f 2485/2477/825 2487/2479/827 2488/2480/828
f 2489/2481/829 2490/2482/830 2491/2483/831
f 2489/2481/829 2491/2483/831 2492/2484/832
f 2493/2485/833 2489/2481/829 2492/2484/832
f 2493/2485/833 2492/2484/832 2494/2486/834
f 2495/2487/835 2493/2485/833 2494/2486/834
f 2495/2487/835 2494/2486/834 2496/2488/836
f 2497/2489/837 2495/2487/835 2496/2488/836
f 2497/2489/837 2496/2488/836 2498/2490/838
f 2499/2491/839 2500/2492/840 2501/2493/841
f 2499/2491/839 2501/2493/841 2502/2494/842
f 2486/2478/826 2499/2491/839 2502/2494/842
f 2486/2478/826 2502/2494/842 2487/2479/827
f 2498/2490/838 2496/2488/836 2503/2495/843
f 2498/2490/838 2503/2495/843 2504/2496/844
f 2502/2494/842 2501/2493/841 2505/2497/845
f 2502/2494/842 2505/2497/845 2506/2498/846
f 2487/2479/827 2502/2494/842 2506/2498/846
f 2487/2479/827 2506/2498/846 2507/2499/847
f 2488/2480/828 2487/2479/827 2507/2499/847
f 2488/2480/828 2507/2499/847 2508/2500/848
f 2492/2484/832 2491/2483/831 2509/2501/849
f 2492/2484/832 2509/2501/849 2510/2502/850
f 2494/2486/834 2492/2484/832 2510/2502/850
f 2494/2486/834 2510/2502/850 2511/2503/851
f 2496/2488/836 2494/2486/834 2511/2503/851
f 2496/2488/836 2511/2503/851 2503/2495/843
f 2512/2504/852 2513/2505/853 2514/2506/854
f 2512/2504/852 2514/2506/854 2515/2507/855
f 2516/2508/856 2517/2509/857 2518/2510/858
f 2516/2508/856 2518/2510/858 2519/2511/859
f 2520/2512/860 2516/2508/856 2519/2511/859
f 2520/2512/860 2519/2511/859 2521/2513/861
f 2522/2514/862 2520/2512/860 2521/2513/861
f 2522/2514/862 2521/2513/861 2523/2515/863
f 2524/2516/864 2522/2514/862 2523/2515/863
f 2524/2516/864 2523/2515/863 2525/2517/865
f 2526/2518/866 2527/2519/867 2528/2520/868
f 2526/2518/866 2528/2520/868 2529/2521/869
f 2513/2505/853 2526/2518/866 2529/2521/869
f 2513/2505/853 2529/2521/869 2514/2506/854
f 2525/2517/865 2523/2515/863 2530/2522/870
f 2525/2517/865 2530/2522/870 2531/2523/871
f 2529/2521/869 2528/2520/868 2532/2524/872
f 2529/2521/869 2532/2524/872 2533/2525/873
f 2514/2506/854 2529/2521/869 2533/2525/873
f 2514/2506/854 2533/2525/873 2534/2526/874
f 2515/2507/855 2514/2506/854 2534/2526/874
f 2515/2507/855 2534/2526/874 2535/2527/875
f 2519/2511/859 2518/2510/858 2536/2528/876
f 2519/2511/859 2536/2528/876 2537/2529/877
f 2521/2513/861 2519/2511/859 2537/2529/877
f 2521/2513/861 2537/2529/877 2538/2530/878
f 2523/2515/863 2521/2513/861 2538/2530/878
f 2523/2515/863 2538/2530/878 2530/2522/870
f 2539/2531/879 2540/2532/880 2541/2533/881
f 2539/2531/879 2541/2533/881 2542/2534/882
f 2543/2535/883 2544/2536/884 2545/2537/885
f 2543/2535/883 2545/2537/885 2546/2538/886
f 2547/2539/887 2543/2535/883 2546/2538/886
f 2547/2539/887 2546/2538/886 2548/2540/888
f 2549/2541/889 2547/2539/887 2548/2540/888
f 2549/2541/889 2548/2540/888 2550/2542/890
f 2551/2543/891 2552/2544/892 2553/2545/893
f 2551/2543/891 2553/2545/893 2554/2546/894
f 2555/2547/895 2551/2543/891 2554/2546/894
f 2555/2547/895 2554/2546/894 2556/2548/896
f 2540/2532/880 2555/2547/895 2556/2548/896
f 2540/2532/880 2556/2548/896 2541/2533/881
f 2554/2546/894 2553/2545/893 2557/2549/897
f 2554/2546/894 2557/2549/897 2558/2550/898
f 2556/2548/896 2554/2546/894 2558/2550/898
f 2556/2548/896 2558/2550/898 2559/2551/899
f 2541/2533/881 2556/2548/896 2559/2551/899
f 2541/2533/881 2559/2551/899 2560/2552/900
f 2542/2534/882 2541/2533/881 2560/2552/900
f 2542/2534/882 2560/2552/900 2561/2553/901
f 2562/2554/886 2563/2555/902 2564/2556/903
f 2562/2554/886 2564/2556/903 2565/2557/904
f 2566/2558/888 2562/2554/886 2565/2557/904
f 2566/2558/888 2565/2557/904 2567/2559/905
f 2568/2560/890 2566/2558/888 2567/2559/905
f 2568/2560/890 2567/2559/905 2569/2561/906
f 2570/2562/907 2571/2563/908 2572/2564/909
f 2570/2562/907 2572/2564/909 2573/2565/910
f 2574/2566/911 2570/2562/907 2573/2565/910
f 2574/2566/911 2573/2565/910 2575/2567/912
f 2576/2568/913 2574/2566/911 2575/2567/912
f 2576/2568/913 2575/2567/912 2577/2569/914
f 2578/2570/915 2576/2568/913 2577/2569/914
f 2578/2570/915 2577/2569/914 2579/2571/916
f 2580/2572/917 2581/2573/918 2582/2574/919
f 2580/2572/917 2582/2574/919 2583/2575/920
f 2584/2576/921 2580/2572/917 2583/2575/920
f 2584/2576/921 2583/2575/920 2585/2577/922
f 2586/2578/923 2584/2576/921 2585/2577/922
f 2586/2578/923 2585/2577/922 2587/2579/924
f 2583/2575/920 2582/2574/919 2588/2580/925
f 2583/2575/920 2588/2580/925 2589/2581/926
f 2585/2577/922 2583/2575/920 2589/2581/926
f 2585/2577/922 2589/2581/926 2590/2582/927
f 2587/2579/924 2585/2577/922 2590/2582/927
f 2587/2579/924 2590/2582/927 2591/2583/928
f 2573/2565/910 2572/2564/909 2592/2584/929
f 2573/2565/910 2592/2584/929 2593/2585/930
f 2575/2567/912 2573/2565/910 2593/2585/930
f 2575/2567/912 2593/2585/930 2594/2586/931
f 2577/2569/914 2575/2567/912 2594/2586/931
f 2577/2569/914 2594/2586/931 2595/2587/932
f 2579/2571/916 2577/2569/914 2595/2587/932
f 2579/2571/916 2595/2587/932 2596/2588/933
f 2597/2589/934 2598/2590/935 2156/2148/512
f 2597/2589/934 2156/2148/512 2160/2152/516
f 2599/2591/936 2597/2589/934 2160/2152/516
f 2599/2591/936 2160/2152/516 2162/2154/518
f 2600/2592/937 2599/2591/936 2162/2154/518
f 2600/2592/937 2162/2154/518 2164/2156/520
f 2601/2593/938 2602/2594/939 2166/2158/522
f 2601/2593/938 2166/2158/522 2151/2143/507
f 2603/2595/940 2601/2593/938 2151/2143/507
f 2603/2595/940 2151/2143/507 2150/2142/506
f 2604/2596/941 2603/2595/940 2150/2142/506
f 2604/2596/941 2150/2142/506 2154/2146/510
f 2598/2590/935 2605/2597/942 2157/2149/513
f 2598/2590/935 2157/2149/513 2156/2148/512
f 2606/2598/943 2607/2599/944 2608/2600/55
f 2606/2598/943 2608/2600/55 2609/2601/55
f 2610/2602/945 2606/2598/943 2609/2601/55
f 2610/2602/945 2609/2601/55 2611/2603/55
f 2382/2374/731 2610/2602/945 2611/2603/55
f 2382/2374/731 2611/2603/55 2383/2375/55
f 2607/2599/944 2612/2604/946 2613/2605/55
f 2607/2599/944 2613/2605/55 2608/2600/55
f 2612/2604/946 2614/2606/947 2615/2607/55
f 2612/2604/946 2615/2607/55 2613/2605/55
f 2614/2606/947 2616/2608/948 2617/2609/55
f 2614/2606/947 2617/2609/55 2615/2607/55
f 2616/2608/948 2618/2610/949 2619/2611/55
f 2616/2608/948 2619/2611/55 2617/2609/55
f 2618/2610/949 2620/2612/950 2621/2613/55
f 2618/2610/949 2621/2613/55 2619/2611/55
f 2622/2614/951 2623/2615/952 2624/2616/55
f 2622/2614/951 2624/2616/55 2625/2617/55
f 2626/2618/953 2627/2619/954 2628/2620/55
f 2626/2618/953 2628/2620/55 2629/2621/55
f 2627/2619/954 2630/2622/955 2631/2623/55
f 2627/2619/954 2631/2623/55 2628/2620/55
f 2630/2622/955 2632/2624/956 2633/2625/55
f 2630/2622/955 2633/2625/55 2631/2623/55
f 2632/2624/956 2622/2614/951 2625/2617/55
f 2632/2624/956 2625/2617/55 2633/2625/55
f 2620/2612/950 2626/2618/953 2629/2621/55
f 2620/2612/950 2629/2621/55 2621/2613/55
f 2623/2615/952 2634/2626/957 2635/2627/55
f 2623/2615/952 2635/2627/55 2624/2616/55
f 2634/2626/957 2636/2628/958 2637/2629/55
f 2634/2626/957 2637/2629/55 2635/2627/55
f 2636/2628/958 2638/2630/959 2639/2631/55
f 2636/2628/958 2639/2631/55 2637/2629/55
f 2638/2630/959 2640/2632/960 2641/2633/55
f 2638/2630/959 2641/2633/55 2639/2631/55
f 2640/2632/960 2642/2634/961 2643/2635/55
f 2640/2632/960 2643/2635/55 2641/2633/55
f 2642/2634/961 2644/2636/962 2645/2637/55
f 2642/2634/961 2645/2637/55 2643/2635/55
f 2644/2636/962 2646/2638/963 2647/2639/55
f 2644/2636/962 2647/2639/55 2645/2637/55
f 2646/2638/963 2648/2640/964 2649/2641/55
f 2646/2638/963 2649/2641/55 2647/2639/55
f 2648/2640/964 2650/2642/965 2651/2643/55
f 2648/2640/964 2651/2643/55 2649/2641/55
f 2650/2642/965 2652/2644/966 2653/2645/55
f 2650/2642/965 2653/2645/55 2651/2643/55
f 2652/2644/966 2654/2646/967 2655/2647/55
f 2652/2644/966 2655/2647/55 2653/2645/55
f 2654/2646/967 2656/2648/968 2657/2649/55
f 2654/2646/967 2657/2649/55 2655/2647/55
f 2656/2648/968 2658/2650/969 2659/2651/55
f 2656/2648/968 2659/2651/55 2657/2649/55
f 2658/2650/969 2660/2652/970 2661/2653/55
f 2658/2650/969 2661/2653/55 2659/2651/55
f 2660/2652/970 2662/2654/971 2663/2655/55
f 2660/2652/970 2663/2655/55 2661/2653/55
f 2662/2654/971 2664/2656/972 2665/2657/55
f 2662/2654/971 2665/2657/55 2663/2655/55
f 2664/2656/972 2381/2373/730 2384/2376/55
f 2664/2656/972 2384/2376/55 2665/2657/55
f 2666/2658/973 2667/2659/974 2381/2373/730
f 2666/2658/973 2381/2373/730 2664/2656/972
f 2668/2660/975 2666/2658/973 2664/2656/972
f 2668/2660/975 2664/2656/972 2662/2654/971
f 2669/2661/976 2668/2660/975 2662/2654/971
f 2669/2661/976 2662/2654/971 2660/2652/970
f 2670/2662/977 2669/2661/976 2660/2652/970
f 2670/2662/977 2660/2652/970 2658/2650/969
f 2671/2663/978 2670/2662/977 2658/2650/969
f 2671/2663/978 2658/2650/969 2656/2648/968
f 2672/2664/979 2671/2663/978 2656/2648/968
f 2672/2664/979 2656/2648/968 2654/2646/967
f 2673/2665/980 2672/2664/979 2654/2646/967
f 2673/2665/980 2654/2646/967 2652/2644/966
f 2674/2666/981 2673/2665/980 2652/2644/966
f 2674/2666/981 2652/2644/966 2650/2642/965
f 2675/2667/982 2674/2666/981 2650/2642/965
f 2675/2667/982 2650/2642/965 2648/2640/964
f 2676/2668/983 2675/2667/982 2648/2640/964
f 2676/2668/983 2648/2640/964 2646/2638/963
f 2677/2669/984 2676/2668/983 2646/2638/963
f 2677/2669/984 2646/2638/963 2644/2636/962
f 2678/2670/985 2677/2669/984 2644/2636/962
f 2678/2670/985 2644/2636/962 2642/2634/961
f 2679/2671/986 2678/2670/985 2642/2634/961
f 2679/2671/986 2642/2634/961 2640/2632/960
f 2680/2672/987 2679/2671/986 2640/2632/960
f 2680/2672/987 2640/2632/960 2638/2630/959
f 2681/2673/988 2680/2672/987 2638/2630/959
f 2681/2673/988 2638/2630/959 2636/2628/958
f 2682/2674/989 2681/2673/988 2636/2628/958
f 2682/2674/989 2636/2628/958 2634/2626/957
f 2683/2675/990 2682/2674/989 2634/2626/957
f 2683/2675/990 2634/2626/957 2623/2615/952
f 2684/2676/991 2685/2677/992 2626/2618/953
f 2684/2676/991 2626/2618/953 2620/2612/950
f 2686/2678/993 2687/2679/994 2622/2614/951
f 2686/2678/993 2622/2614/951 2632/2624/956
f 2688/2680/995 2686/2678/993 2632/2624/956
f 2688/2680/995 2632/2624/956 2630/2622/955
f 2689/2681/996 2688/2680/995 2630/2622/955
f 2689/2681/996 2630/2622/955 2627/2619/954
f 2685/2677/992 2689/2681/996 2627/2619/954
f 2685/2677/992 2627/2619/954 2626/2618/953
f 2687/2679/994 2683/2675/990 2623/2615/952
f 2687/2679/994 2623/2615/952 2622/2614/951
f 2690/2682/997 2684/2676/991 2620/2612/950
f 2690/2682/997 2620/2612/950 2618/2610/949
f 2691/2683/998 2690/2682/997 2618/2610/949
f 2691/2683/998 2618/2610/949 2616/2608/948
f 2692/2684/999 2691/2683/998 2616/2608/948
f 2692/2684/999 2616/2608/948 2614/2606/947
f 2693/2685/1000 2692/2684/999 2614/2606/947
f 2693/2685/1000 2614/2606/947 2612/2604/946
f 2694/2686/1001 2693/2685/1000 2612/2604/946
f 2694/2686/1001 2612/2604/946 2607/2599/944
f 2695/2687/1002 2696/2688/1003 2610/2602/945
f 2695/2687/1002 2610/2602/945 2382/2374/731
f 2696/2688/1003 2697/2689/1004 2606/2598/943
f 2696/2688/1003 2606/2598/943 2610/2602/945
f 2697/2689/1004 2694/2686/1001 2607/2599/944
f 2697/2689/1004 2607/2599/944 2606/2598/943
f 2667/2659/974 2695/2687/1002 2382/2374/731
f 2667/2659/974 2382/2374/731 2381/2373/730
f 2698/2690/55 2699/2691/55 2700/2692/55
f 2698/2690/55 2700/2692/55 2701/2693/55
f 2702/2694/55 2703/2695/55 2704/2696/55
f 2702/2694/55 2704/2696/55 2705/2697/55
f 2706/2698/1005 2707/2699/1006 2708/2700/1007
f 2706/2698/1005 2708/2700/1007 2709/2701/1008
f 2710/2702/55 2711/2703/55 2704/2696/55
f 2710/2702/55 2704/2696/55 2703/2695/55
f 2701/2693/55 2700/2692/55 2415/2407/55
f 2701/2693/55 2415/2407/55 2414/2406/55
f 2712/2704/55 2713/2705/55 2711/2703/55
f 2712/2704/55 2711/2703/55 2710/2702/55
f 2714/2706/55 2715/2707/55 2716/2708/55
f 2714/2706/55 2716/2708/55 2717/2709/55
f 2718/2710/55 2719/2711/55 2713/2705/55
f 2718/2710/55 2713/2705/55 2712/2704/55
f 2720/2712/55 2721/2713/55 2699/2691/55
f 2720/2712/55 2699/2691/55 2698/2690/55
f 2722/2714/55 2723/2715/55 2719/2711/55
f 2722/2714/55 2719/2711/55 2718/2710/55
f 2724/2716/55 2725/2717/55 2716/2708/55
f 2724/2716/55 2716/2708/55 2715/2707/55
f 2726/2718/55 2727/2719/55 2721/2713/55
f 2726/2718/55 2721/2713/55 2720/2712/55
f 2728/2720/55 2729/2721/55 2723/2715/55
f 2728/2720/55 2723/2715/55 2722/2714/55
f 2702/2694/55 2705/2697/55 2725/2717/55
f 2702/2694/55 2725/2717/55 2724/2716/55
f 2714/2706/55 2717/2709/55 2727/2719/55
f 2714/2706/55 2727/2719/55 2726/2718/55
f 2728/2720/55 2417/2409/55 2416/2408/55
f 2728/2720/55 2416/2408/55 2729/2721/55
f 2730/2722/1009 2706/2698/1005 2709/2701/1008
f 2730/2722/1009 2709/2701/1008 2731/2723/1010
f 65/65/57 2732/2724/1011 2733/2725/1012
f 65/65/57 2733/2725/1012 45/45/43
f 2734/2726/1013 2735/2727/1014 2736/2728/1015
f 2734/2726/1013 2736/2728/1015 2737/2729/1016
f 2738/2730/52 2739/2731/48 2740/2732/1017
f 2738/2730/52 2740/2732/1017 2741/2733/1018
f 2742/2734/1019 2731/2723/1010 2743/2735/1020
f 2742/2734/1019 2743/2735/1020 2744/2736/1021
f 2745/2737/1022 2746/2738/1023 2707/2699/1006
f 2745/2737/1022 2707/2699/1006 2706/2698/1005
f 2747/2739/1024 2748/2740/1025 2732/2724/1011
f 2747/2739/1024 2732/2724/1011 65/65/57
f 2749/2741/1026 2750/2742/1027 2751/2743/1028
f 2749/2741/1026 2751/2743/1028 2748/2740/1025
f 2752/2744/1029 2753/2745/1030 2730/2722/1009
f 2752/2744/1029 2730/2722/1009 2754/2746/1031
f 2748/2740/1025 2751/2743/1028 2755/2747/1032
f 2748/2740/1025 2755/2747/1032 2732/2724/1011
f 2756/2748/1033 2757/2749/1034 2758/2750/1035
f 2756/2748/1033 2758/2750/1035 2759/2751/1036
f 2730/2722/1009 2753/2745/1030 2745/2737/1022
f 2730/2722/1009 2745/2737/1022 2706/2698/1005
f 2747/2739/1024 65/65/57 44/44/42
f 2747/2739/1024 44/44/42 2760/2752/1037
f 2761/2753/45 2762/2754/45 2763/2755/45
f 2761/2753/45 2763/2755/45 2764/2756/45
f 2738/2730/52 2741/2733/1018 2765/2757/1038
f 2738/2730/52 2765/2757/1038 2766/2758/32
f 2767/2759/1039 2768/2760/1040 2769/2761/1041
f 2767/2759/1039 2769/2761/1041 2770/2762/1042
f 2771/2763/1043 2772/2764/1044 2773/2765/1045
f 2771/2763/1043 2773/2765/1045 2774/2766/1046
f 2775/2767/1047 2776/2768/1048 2757/2749/1034
f 2775/2767/1047 2757/2749/1034 2756/2748/1033
f 2772/2764/1044 2756/2748/1033 2759/2751/1036
f 2772/2764/1044 2759/2751/1036 2773/2765/1045
f 40/40/38 2749/2741/1026 2748/2740/1025
f 40/40/38 2748/2740/1025 2747/2739/1024
f 2777/2769/1049 2778/2770/1049 2779/2771/1049
f 2777/2769/1049 2779/2771/1049 2780/2772/1049
f 2781/2773/1050 2782/2774/1051 2771/2763/1043
f 2781/2773/1050 2771/2763/1043 2783/2775/1026
f 2784/2776/1052 2785/2777/1053 2786/2778/1054
f 2784/2776/1052 2786/2778/1054 2782/2774/1051
f 2782/2774/1051 2786/2778/1054 2772/2764/1044
f 2782/2774/1051 2772/2764/1044 2771/2763/1043
f 2775/2767/1047 2787/2779/1055 2788/2780/1056
f 2775/2767/1047 2788/2780/1056 2776/2768/1048
f 2786/2778/1054 2775/2767/1047 2756/2748/1033
f 2786/2778/1054 2756/2748/1033 2772/2764/1044
f 39/39/37 2789/2781/1057 2749/2741/1026
f 39/39/37 2749/2741/1026 40/40/38
f 2790/2782/7 2791/2783/7 2792/2784/7
f 2790/2782/7 2792/2784/7 2793/2785/7
f 2794/2786/95 2795/2787/95 2796/2788/95
f 2794/2786/95 2796/2788/95 2797/2789/95
f 2798/2790/1058 2784/2776/1052 2782/2774/1051
f 2798/2790/1058 2782/2774/1051 2781/2773/1050
f 2766/2758/32 2765/2757/1038 2799/2791/1059
f 2766/2758/32 2799/2791/1059 2800/2792/95
f 2801/2793/1060 2802/2794/1061 2785/2777/1053
f 2801/2793/1060 2785/2777/1053 2784/2776/1052
f 2803/2795/1062 2804/2796/1063 2788/2780/1056
f 2803/2795/1062 2788/2780/1056 2787/2779/1055
f 2785/2777/1053 2787/2779/1055 2775/2767/1047
f 2785/2777/1053 2775/2767/1047 2786/2778/1054
f 52/52/50 2805/2797/1064 2789/2781/1057
f 52/52/50 2789/2781/1057 39/39/37
f 2806/2798/1065 2807/2799/1066 2808/2800/1067
f 2806/2798/1065 2808/2800/1067 2809/2801/1068
f 2810/2802/1069 2811/2803/1070 2812/2804/1071
f 2810/2802/1069 2812/2804/1071 2813/2805/1072
f 2811/2803/1070 2814/2806/1073 2815/2807/1074
f 2811/2803/1070 2815/2807/1074 2812/2804/1071
f 2802/2794/1061 2803/2795/1062 2787/2779/1055
f 2802/2794/1061 2787/2779/1055 2785/2777/1053
f 319/320/107 2816/2808/1075 2805/2797/1064
f 319/320/107 2805/2797/1064 52/52/50
f 328/329/108 66/66/58 37/37/35
f 328/329/108 37/37/35 329/330/109
f 2816/2808/1075 2817/2809/1076 2818/2810/1077
f 2816/2808/1075 2818/2810/1077 2805/2797/1064
f 2819/2811/1078 2810/2802/1069 2813/2805/1072
f 2819/2811/1078 2813/2805/1072 2820/2812/1079
f 2821/2813/85 2822/2814/1080 2823/2815/1081
f 2821/2813/85 2823/2815/1081 2824/2816/7
f 2825/2817/1082 2826/2818/1083 2814/2806/1073
f 2825/2817/1082 2814/2806/1073 2811/2803/1070
f 2827/2819/1084 2825/2817/1082 2811/2803/1070
f 2827/2819/1084 2811/2803/1070 2810/2802/1069
f 36/36/34 2828/2820/1085 2816/2808/1075
f 36/36/34 2816/2808/1075 319/320/107
f 2816/2808/1075 2828/2820/1085 2829/2821/1078
f 2816/2808/1075 2829/2821/1078 2817/2809/1076
f 2830/2822/45 2831/2823/1086 2832/2824/1087
f 2830/2822/45 2832/2824/1087 2833/2825/13
f 2834/2826/1088 2835/2827/1089 2826/2818/1083
f 2834/2826/1088 2826/2818/1083 2825/2817/1082
f 2836/2828/1090 2834/2826/1088 2825/2817/1082
f 2836/2828/1090 2825/2817/1082 2827/2819/1084
f 38/38/36 2837/2829/1091 2828/2820/1085
f 38/38/36 2828/2820/1085 36/36/34
f 2838/2830/1085 2839/2831/1092 2840/2832/1093
f 2838/2830/1085 2840/2832/1093 2819/2811/1078
f 2840/2832/1093 2827/2819/1084 2810/2802/1069
f 2840/2832/1093 2810/2802/1069 2819/2811/1078
f 2841/2833/52 2842/2834/52 2843/2835/52
f 2841/2833/52 2843/2835/52 2844/2836/52
f 2845/2837/1094 2846/2838/1095 2835/2827/1089
f 2845/2837/1094 2835/2827/1089 2834/2826/1088
f 328/329/108 2847/2839/1096 2848/2840/1097
f 328/329/108 2848/2840/1097 66/66/58
f 66/66/58 2848/2840/1097 2837/2829/1091
f 66/66/58 2837/2829/1091 38/38/36
f 2849/2841/1097 2850/2842/1098 2840/2832/1093
f 2849/2841/1097 2840/2832/1093 2839/2831/1092
f 2851/2843/25 2852/2844/1099 2831/2823/1086
f 2851/2843/25 2831/2823/1086 2830/2822/45
f 2850/2842/1098 2836/2828/1090 2827/2819/1084
f 2850/2842/1098 2827/2819/1084 2840/2832/1093
f 2853/2833/28 2854/2836/28 2855/2845/28
f 2853/2833/28 2855/2845/28 2856/2846/28
f 2857/2847/1100 2845/2837/1094 2834/2826/1088
f 2857/2847/1100 2834/2826/1088 2836/2828/1090
f 2858/2848/1101 2859/2849/1102 2860/2850/1103
f 2858/2848/1101 2860/2850/1103 2861/2851/1104
f 2847/2839/1096 2862/2852/1105 2863/2853/1106
f 2847/2839/1096 2863/2853/1106 2848/2840/1097
f 2864/2854/13 2865/2855/1087 2866/2856/1107
f 2864/2854/13 2866/2856/1107 2867/2857/88
f 2850/2842/1098 2868/2858/1108 2857/2847/1100
f 2850/2842/1098 2857/2847/1100 2836/2828/1090
f 2869/2859/1109 2870/2860/1110 2862/2852/1105
f 2869/2859/1109 2862/2852/1105 2847/2839/1096
f 2871/2861/1111 2872/2862/1112 2873/2863/1113
f 2871/2861/1111 2873/2863/1113 2874/2864/1114
f 2875/2865/1115 2858/2848/1101 2861/2851/1104
f 2875/2865/1115 2861/2851/1104 2876/2866/1116
f 5/5/4 2877/2867/1117 2869/2859/1109
f 5/5/4 2869/2859/1109 42/42/40
f 317/318/105 316/317/104 44/44/42
f 317/318/105 44/44/42 43/43/41
f 42/42/40 2869/2859/1109 2847/2839/1096
f 42/42/40 2847/2839/1096 328/329/108
f 2878/2868/1118 2879/2869/1119 2880/2870/1120
f 2878/2868/1118 2880/2870/1120 2881/2871/1121
f 2882/2872/1122 2883/2873/1123 2875/2865/1115
f 2882/2872/1122 2875/2865/1115 2876/2866/1116
f 2884/2874/1124 2885/2875/1125 2859/2849/1102
f 2884/2874/1124 2859/2849/1102 2858/2848/1101
f 2886/2876/1126 2887/2877/1127 2885/2875/1125
f 2886/2876/1126 2885/2875/1125 2884/2874/1124
f 2888/2878/88 2889/2879/88 2890/2880/88
f 2888/2878/88 2890/2880/88 2891/2881/88
f 2892/2882/1128 2893/2883/1129 2883/2873/1123
f 2892/2882/1128 2883/2873/1123 2894/2884/1109
f 2867/2857/88 2866/2856/1107 2895/2885/1130
f 2867/2857/88 2895/2885/1130 2896/2886/21
f 2893/2883/1129 2897/2887/1131 2875/2865/1115
f 2893/2883/1129 2875/2865/1115 2883/2873/1123
f 2898/2888/1 2899/2889/1132 2900/2890/1133
f 2898/2888/1 2900/2890/1133 2901/2891/18
f 2897/2887/1131 2884/2874/1124 2858/2848/1101
f 2897/2887/1131 2858/2848/1101 2875/2865/1115
f 4/4/3 2902/2892/1134 2877/2867/1117
f 4/4/3 2877/2867/1117 5/5/4
f 2903/2893/1134 2904/2894/1135 2893/2883/1129
f 2903/2893/1134 2893/2883/1129 2892/2882/1128
f 2896/2886/21 2895/2885/1130 2905/2895/1136
f 2896/2886/21 2905/2895/1136 2906/2896/28
f 2904/2894/1135 2907/2897/1137 2897/2887/1131
f 2904/2894/1135 2897/2887/1131 2893/2883/1129
f 2908/2898/1138 2909/2899/1139 2887/2877/1127
f 2908/2898/1138 2887/2877/1127 2886/2876/1126
f 2907/2897/1137 2886/2876/1126 2884/2874/1124
f 2907/2897/1137 2884/2874/1124 2897/2887/1131
f 317/318/105 2910/2900/1140 2902/2892/1134
f 317/318/105 2902/2892/1134 4/4/3
f 2911/2901/1141 2912/2902/1142 2913/2903/1143
f 2911/2901/1141 2913/2903/1143 2910/2900/1140
f 2914/2904/1144 2915/2905/1145 2907/2897/1137
f 2914/2904/1144 2907/2897/1137 2904/2894/1135
f 2910/2900/1140 2913/2903/1143 2916/2906/1146
f 2910/2900/1140 2916/2906/1146 2902/2892/1134
f 2917/2907/1147 2918/2908/1148 2919/2909/1149
f 2917/2907/1147 2919/2909/1149 2920/2910/1150
f 2907/2897/1137 2915/2905/1145 2908/2898/1138
f 2907/2897/1137 2908/2898/1138 2886/2876/1126
f 2901/2891/18 2900/2890/1133 2921/2911/1151
f 2901/2891/18 2921/2911/1151 2922/2912/83
f 2744/2736/1021 2743/2735/1020 2923/2913/1152
f 2744/2736/1021 2923/2913/1152 2924/2914/1153
f 2709/2701/1008 2708/2700/1007 2918/2908/1148
f 2709/2701/1008 2918/2908/1148 2917/2907/1147
f 2743/2735/1020 2917/2907/1147 2920/2910/1150
f 2743/2735/1020 2920/2910/1150 2923/2913/1152
f 43/43/41 2911/2901/1141 2910/2900/1140
f 43/43/41 2910/2900/1140 317/318/105
f 2925/2915/1154 2754/2746/1031 2742/2734/1019
f 2925/2915/1154 2742/2734/1019 2926/2916/1155
f 2926/2916/1155 2742/2734/1019 2744/2736/1021
f 2926/2916/1155 2744/2736/1021 2927/2917/1156
f 319/320/107 318/319/106 37/37/35
f 319/320/107 37/37/35 36/36/34
f 2731/2723/1010 2709/2701/1008 2917/2907/1147
f 2731/2723/1010 2917/2907/1147 2743/2735/1020
f 45/45/43 2733/2725/1012 2911/2901/1141
f 45/45/43 2911/2901/1141 43/43/41
f 2874/2864/1114 2873/2863/1113 2928/2918/1157
f 2874/2864/1114 2928/2918/1157 2929/2919/1158
f 2930/2920/1159 2931/2921/1160 2932/2922/1161
f 2930/2920/1159 2932/2922/1161 2933/2923/1162
f 2934/2924/1163 2935/2925/1164 2735/2727/1014
f 2934/2924/1163 2735/2727/1014 2734/2726/1013
f 2929/2919/1158 2928/2918/1157 2807/2799/1066
f 2929/2919/1158 2807/2799/1066 2806/2798/1065
f 2933/2923/1162 2932/2922/1161 2936/2926/1165
f 2933/2923/1162 2936/2926/1165 2937/2927/1166
f 2824/2816/7 2823/2815/1081 2852/2844/1099
f 2824/2816/7 2852/2844/1099 2851/2843/25
f 2800/2792/95 2799/2791/1059 2938/2928/1167
f 2800/2792/95 2938/2928/1167 2939/2929/85
f 2906/2896/28 2905/2895/1136 2940/2930/1132
f 2906/2896/28 2940/2930/1132 2941/2931/1
f 2809/2801/1068 2808/2800/1067 2942/2932/1168
f 2809/2801/1068 2942/2932/1168 2943/2933/1169
f 2937/2927/1166 2936/2926/1165 2879/2869/1119
f 2937/2927/1166 2879/2869/1119 2878/2868/1118
f 2944/2934/10 2945/2935/1170 2946/2936/1171
f 2944/2934/10 2946/2936/1171 2947/2937/48
f 2881/2871/1121 2880/2870/1120 2872/2862/1112
f 2881/2871/1121 2872/2862/1112 2871/2861/1111
f 2943/2933/1169 2942/2932/1168 2768/2760/1040
f 2943/2933/1169 2768/2760/1040 2767/2759/1039
f 2770/2762/1042 2769/2761/1041 2935/2925/1164
f 2770/2762/1042 2935/2925/1164 2934/2924/1163
f 2737/2729/1016 2736/2728/1015 2931/2921/1160
f 2737/2729/1016 2931/2921/1160 2930/2920/1159
f 2948/2938/1172 2949/2939/1173 2950/2940/1174
f 2948/2938/1172 2950/2940/1174 2951/2941/1174
f 2952/2942/88 2953/2943/88 2954/2944/88
f 2952/2942/88 2954/2944/88 2955/2945/88
f 2956/2946/1175 2957/2947/1175 2958/2948/1175
f 2956/2946/1175 2958/2948/1175 2959/2949/1175
f 2960/2949/1175 2961/2950/1175 2962/2951/1175
f 2960/2949/1175 2962/2951/1175 2963/2952/1175
f 2964/2953/1176 2965/2954/1176 2966/2955/1176
f 2964/2953/1176 2966/2955/1176 2967/2956/1176
f 2968/2957/1177 2969/2958/1177 2970/2959/1177
f 2968/2957/1177 2970/2959/1177 2971/2960/1177
f 2972/2961/1178 2973/2962/1178 2974/2963/1178
f 2972/2961/1178 2974/2963/1178 2975/2964/1178
f 2754/2746/1031 2730/2722/1009 2731/2723/1010
f 2754/2746/1031 2731/2723/1010 2742/2734/1019
f 2976/2965/95 2977/2966/95 2978/2967/95
f 2976/2965/95 2978/2967/95 2979/2968/95
f 2980/2969/7 2981/2970/7 2982/2971/7
f 2980/2969/7 2982/2971/7 2983/2972/7
f 2984/2973/1179 2985/2974/1179 2986/2975/1180
f 2984/2973/1179 2986/2975/1180 2987/2976/1180
f 2988/2972/45 2989/2977/45 2990/2978/45
f 2988/2972/45 2990/2978/45 2991/2979/45
f 2992/2980/1181 2993/2981/1181 2994/2982/1181
f 2992/2980/1181 2994/2982/1181 2995/2983/1181
f 2996/2984/1178 2997/2985/1178 2998/2961/1178
f 2996/2984/1178 2998/2961/1178 2999/2986/1178
f 3000/2987/10 3001/2988/10 3002/2989/10
f 3000/2987/10 3002/2989/10 3003/2990/10
f 3004/2991/1182 3005/2992/1182 3006/2993/1182
f 3004/2991/1182 3006/2993/1182 3007/2994/1182
f 380/381/83 334/335/83 337/338/83
f 380/381/83 337/338/83 381/382/83
f 3008/2995/21 360/361/21 363/364/21
f 3008/2995/21 363/364/21 3009/2996/21
f 361/362/21 3010/2997/21 3011/2998/21
f 361/362/21 3011/2998/21 362/363/21
f 3012/2999/25 346/347/25 349/350/25
f 3012/2999/25 349/350/25 3013/3000/25
f 370/371/32 3014/3001/32 3015/3002/32
f 370/371/32 3015/3002/32 371/372/32
f 357/358/25 3012/2999/25 3013/3000/25
f 357/358/25 3013/3000/25 358/359/25
f 3010/2997/21 378/379/21 379/380/21
f 3010/2997/21 379/380/21 3011/2998/21
f 374/375/32 3016/3003/32 3017/3004/32
f 374/375/32 3017/3004/32 375/376/32
f 3018/3005/21 3008/2995/21 3009/2996/21
f 3018/3005/21 3009/2996/21 3019/3006/21
f 3020/3007/25 356/357/25 359/360/25
f 3020/3007/25 359/360/25 3021/3008/25
f 364/365/83 366/367/83 369/370/83
f 364/365/83 369/370/83 365/366/83
f 3014/3001/32 352/353/32 355/356/32
f 3014/3001/32 355/356/32 3015/3002/32
f 3022/3009/25 3020/3007/25 3021/3008/25
f 3022/3009/25 3021/3008/25 3023/3010/25
f 372/373/25 3022/3009/25 3023/3010/25
f 372/373/25 3023/3010/25 373/374/25
f 3016/3003/32 338/339/32 341/342/32
f 3016/3003/32 341/342/32 3017/3004/32
f 343/344/21 3018/3005/21 3019/3006/21
f 343/344/21 3019/3006/21 344/345/21
f 3024/3011/1183 3025/3012/1183 3026/2958/1183
f 3024/3011/1183 3026/2958/1183 3027/2957/1183
f 3028/3013/1184 3029/3014/1184 3030/3015/1184
f 3028/3013/1184 3030/3015/1184 3031/3016/1184
f 3032/3017/1179 3033/3018/1179 3034/3019/1180
f 3032/3017/1179 3034/3019/1180 3035/3020/1180
f 3036/3021/1177 3037/3022/1177 3038/3023/1177
f 3036/3021/1177 3038/3023/1177 3039/3024/1177
f 3040/3016/1176 3041/3015/1176 3042/2953/1176
f 3040/3016/1176 3042/2953/1176 3043/3025/1176
f 3044/3023/1183 3045/3022/1183 3046/3026/1183
f 3044/3023/1183 3046/3026/1183 3047/3027/1183
f 3048/3028/1185 3049/3029/1185 3050/3030/1186
f 3048/3028/1185 3050/3030/1186 3051/3031/1186
f 3052/2939/1172 3053/3032/1173 3054/3033/1174
f 3052/2939/1172 3054/3033/1174 3055/3034/1187
f 3056/3035/52 3057/3036/52 3058/3037/52
f 3056/3035/52 3058/3037/52 3059/3038/52
f 3060/3039/1188 3061/3040/1188 3062/3041/1188
f 3060/3039/1188 3062/3041/1188 3063/3042/1188
f 3064/3043/1189 3065/3044/1189 3066/3045/1190
f 3064/3043/1189 3066/3045/1190 3067/3046/1190
f 2747/2739/1024 2760/2752/1037 41/41/39
f 2747/2739/1024 41/41/39 40/40/38
f 3068/3047/1191 3069/3048/1191 3070/3049/1191
f 3068/3047/1191 3070/3049/1191 3071/3050/1191
f 3072/3051/1192 3073/3052/1192 3074/3053/1192
f 3072/3051/1192 3074/3053/1192 3075/3054/1193
f 3076/3055/1194 3077/3056/1194 3078/3057/1194
f 3076/3055/1194 3078/3057/1194 3079/3058/1194
f 3080/3059/1190 3081/3060/1190 3082/3061/1190
f 3080/3059/1190 3082/3061/1190 3083/3062/1190
f 3084/3063/1194 3085/3064/1194 3086/3065/1194
f 3084/3063/1194 3086/3065/1194 3087/3066/1194
f 3088/3067/1191 3089/3068/1191 3090/3069/1191
f 3088/3067/1191 3090/3069/1191 3091/3070/1191
f 3092/3071/1186 3093/3072/1186 3094/3073/1186
f 3092/3071/1186 3094/3073/1186 3095/3074/1186
f 3096/3052/1192 3097/3051/1193 3098/3075/1192
f 3096/3052/1192 3098/3075/1192 3099/3076/1192
f 3100/3077/1195 3101/3078/1195 3102/3079/1195
f 3100/3077/1195 3102/3079/1195 3103/3080/1195
f 3104/3081/1195 3105/3082/1195 3106/3083/1195
f 3104/3081/1195 3106/3083/1195 3107/3084/1195
f 3108/3085/1196 3109/3086/1196 3110/3087/1196
f 3108/3085/1196 3110/3087/1196 3111/3088/1196
f 3112/3089/1186 3113/3090/1186 3114/3074/1186
f 3112/3089/1186 3114/3074/1186 3115/3073/1186
f 3116/3091/110 3117/3092/110 3118/3093/110
f 3116/3091/110 3118/3093/110 3119/3094/111
f 3120/3054/1174 3121/3053/1172 3122/3095/1174
f 3120/3054/1174 3122/3095/1174 3123/3096/1187
f 3124/3097/1197 3125/3098/1197 3126/3099/1197
f 3124/3097/1197 3126/3099/1197 3127/3100/1197
f 3128/3101/115 3129/3102/115 3130/3103/115
f 3128/3101/115 3130/3103/115 3131/3104/115
f 3132/3105/1198 3133/3106/1198 3134/3107/1198
f 3132/3105/1198 3134/3107/1198 3135/3108/1198
f 3136/3109/115 3137/3110/115 3138/3111/115
f 3136/3109/115 3138/3111/115 3139/3112/115
f 3140/3113/1174 3141/3114/1187 3142/3096/1174
f 3140/3113/1174 3142/3096/1174 3143/3095/1172
f 3144/3115/1196 3145/3116/1196 3146/3117/1196
f 3144/3115/1196 3146/3117/1196 3147/3118/1196
f 3148/3119/1188 3149/3120/1188 3150/3121/1188
f 3148/3119/1188 3150/3121/1188 3151/3122/1199
f 3152/3080/1200 3153/3079/1200 3154/3084/1200
f 3152/3080/1200 3154/3084/1200 3155/3083/1200
f 3156/3102/1180 3157/3123/1180 3158/3124/1180
f 3156/3102/1180 3158/3124/1180 3159/3125/1180
f 3160/3126/1197 3161/3127/1197 3162/3128/1197
f 3160/3126/1197 3162/3128/1197 3163/3129/1197
f 3164/3130/1201 3165/3131/1201 3166/3132/1201
f 3164/3130/1201 3166/3132/1201 3167/3133/1201
f 3168/3134/1200 3169/3135/1200 3170/3082/1200
f 3168/3134/1200 3170/3082/1200 3171/3081/1200
f 3172/3136/1190 3173/3137/1190 3174/3138/1190
f 3172/3136/1190 3174/3138/1190 3175/3139/1190
f 3176/3140/110 3177/3141/111 3178/3094/110
f 3176/3140/110 3178/3094/110 3179/3093/110
f 3180/3142/1180 3181/3143/1180 3182/3144/1180
f 3180/3142/1180 3182/3144/1180 3183/3145/1180
f 3184/3146/1201 3185/3147/1201 3186/3148/1201
f 3184/3146/1201 3186/3148/1201 3187/3149/1201
f 3188/3150/1198 3189/3151/1198 3190/3152/1198
f 3188/3150/1198 3190/3152/1198 3191/3153/1198
f 3192/3154/1202 3193/3155/1203 3194/3042/1204
f 3192/3154/1202 3194/3042/1204 3195/3156/1204
f 3196/3157/115 3197/3158/114 3198/3159/114
f 3196/3157/115 3198/3159/114 3199/3160/115
f 3200/3161/1189 3201/3162/1189 3202/3163/1190
f 3200/3161/1189 3202/3163/1190 3203/3164/1190
f 3204/3165/110 3205/3166/111 3206/3167/113
f 3204/3165/110 3206/3167/113 3207/3168/113
f 3208/3169/1205 3209/3170/1205 3210/3171/1206
f 3208/3169/1205 3210/3171/1206 3211/3172/1206
f 3212/3173/1186 3213/3174/1185 3214/3175/1185
f 3212/3173/1186 3214/3175/1185 3215/3176/1186
f 3216/2960/1184 3217/2959/1184 3218/2955/1184
f 3216/2960/1184 3218/2955/1184 3219/2954/1184
f 3220/3177/1182 3221/3178/1182 3222/3179/1182
f 3220/3177/1182 3222/3179/1182 3223/3180/1182
f 3224/3181/1181 3225/3182/1181 3226/3183/1181
f 3224/3181/1181 3226/3183/1181 3227/3184/1181
f 3228/3185/1207 88/88/80 90/90/82
f 3228/3185/1207 90/90/82 3229/3186/1208
f 3230/3187/1209 3231/3188/1210 3232/3189/1211
f 3230/3187/1209 3232/3189/1211 3233/3190/1209
f 3234/3191/1212 3235/3192/1213 3236/3193/1213
f 3234/3191/1212 3236/3193/1213 3237/3194/1214
f 3238/3195/1215 3239/3196/1216 3240/3197/1217
f 3238/3195/1215 3240/3197/1217 3241/3198/1215
f 72/72/64 3242/3199/1218 3243/3200/1219
f 72/72/64 3243/3200/1219 70/70/62
f 3244/3201/1220 82/82/74 84/84/76
f 3244/3201/1220 84/84/76 3245/3202/1221
f 78/78/70 3246/3203/1222 3247/3204/1223
f 78/78/70 3247/3204/1223 76/76/68
f 3248/3205/1224 3249/3206/1225 3250/3207/1225
f 3248/3205/1224 3250/3207/1225 3251/3208/1226
f 86/86/78 3252/3209/1227 3253/3210/1228
f 86/86/78 3253/3210/1228 87/87/79
f 73/73/65 3254/3211/1229 3255/3212/1229
f 73/73/65 3255/3212/1229 74/74/66
f 3256/3213/1230 3257/3214/1231 3258/3215/74
f 3256/3213/1230 3258/3215/74 3259/3216/1232
f 3260/3217/1233 3261/3218/1234 3262/3219/1235
f 3260/3217/1233 3262/3219/1235 3263/3220/1236
f 68/68/60 3264/3221/1237 3265/3222/1237
f 68/68/60 3265/3222/1237 69/69/61
f 79/79/71 3266/3223/1238 3267/3224/1238
f 79/79/71 3267/3224/1238 80/80/72
f 83/83/75 3268/3225/1239 3269/3226/1240
f 83/83/75 3269/3226/1240 84/84/76
f 70/70/62 3270/3227/1241 3271/3228/1242
f 70/70/62 3271/3228/1242 71/71/63
f 85/85/77 3272/3229/1243 3273/3230/1243
f 85/85/77 3273/3230/1243 86/86/78
f 74/74/66 3274/3231/1244 3275/3232/1244
f 74/74/66 3275/3232/1244 75/75/67
f 3276/3233/68 3277/3234/1245 3278/3235/1246
f 3276/3233/68 3278/3235/1246 3279/3236/1247
f 3280/3237/1248 3281/3238/1249 3282/3239/1250
f 3280/3237/1248 3282/3239/1250 3283/3240/1251
f 88/88/80 3284/3241/1252 3285/3242/1252
f 88/88/80 3285/3242/1252 89/89/81
f 77/77/69 3286/3243/1253 3287/3244/1254
f 77/77/69 3287/3244/1254 78/78/70
f 80/80/72 3288/3245/1255 3289/3246/1256
f 80/80/72 3289/3246/1256 81/81/73
f 3290/3247/1257 68/68/60 67/67/59
f 3290/3247/1257 67/67/59 3291/3248/1257
f 3292/3249/1206 3293/3250/1258 3294/3251/1259
f 3292/3249/1206 3294/3251/1259 3295/3252/1192
f 3296/3253/1260 3297/3254/1261 2852/2844/1099
f 3296/3253/1260 2852/2844/1099 2823/2815/1081
f 3298/3255/1262 3299/3256/1263 2832/2824/1087
f 3298/3255/1262 2832/2824/1087 2831/2823/1086
f 2831/2823/1086 2852/2844/1099 3297/3254/1261
f 2831/2823/1086 3297/3254/1261 3298/3255/1262
f 3300/3257/1264 3301/3258/1265 2866/2856/1107
f 3300/3257/1264 2866/2856/1107 2865/2855/1087
f 2945/2935/1170 2921/2911/1151 3302/3259/1266
f 2945/2935/1170 3302/3259/1266 3303/3260/1267
f 3303/3260/1267 3304/3261/1268 2946/2936/1171
f 3303/3260/1267 2946/2936/1171 2945/2935/1170
f 3305/3262/1269 3306/3263/1270 2741/2733/1018
f 3305/3262/1269 2741/2733/1018 2740/2732/1017
f 3301/3258/1265 3307/3264/1271 2895/2885/1130
f 3301/3258/1265 2895/2885/1130 2866/2856/1107
f 3306/3263/1270 3308/3265/1272 2765/2757/1038
f 3306/3263/1270 2765/2757/1038 2741/2733/1018
f 3307/3264/1271 3309/3266/1273 2905/2895/1136
f 3307/3264/1271 2905/2895/1136 2895/2885/1130
f 3308/3265/1272 3310/3267/1274 2799/2791/1059
f 3308/3265/1272 2799/2791/1059 2765/2757/1038
f 3309/3266/1273 3311/3268/1275 2940/2930/1132
f 3309/3266/1273 2940/2930/1132 2905/2895/1136
f 3310/3267/1274 3312/3269/1276 2938/2928/1167
f 3310/3267/1274 2938/2928/1167 2799/2791/1059
f 3313/3270/1277 3314/3271/1278 2900/2890/1133
f 3313/3270/1277 2900/2890/1133 2899/2889/1132
f 3315/3272/1276 3296/3253/1260 2823/2815/1081
f 3315/3272/1276 2823/2815/1081 2822/2814/1080
f 3314/3271/1278 3302/3259/1266 2921/2911/1151
f 3314/3271/1278 2921/2911/1151 2900/2890/1133
f 2944/2934/10 2922/2912/83 2921/2911/1151
f 2944/2934/10 2921/2911/1151 2945/2935/1170
f 3316/3273/1279 3317/3274/1280 3318/3275/1281
f 3316/3273/1279 3318/3275/1281 3319/3276/1282
f 3320/3277/1283 3321/3278/1284 3322/3279/1285
f 3320/3277/1283 3322/3279/1285 3323/3280/1286
f 3324/3281/1287 3325/3282/1287 3326/3283/1287
f 3324/3281/1287 3326/3283/1287 3327/3284/1287
f 3328/3285/1288 3329/3286/1289 3330/3287/1290
f 3328/3285/1288 3330/3287/1290 3331/3288/1291
f 3332/3289/1292 3333/3290/1293 3334/3291/1294
f 3332/3289/1292 3334/3291/1294 3335/3292/1295
f 3336/3293/1296 3337/3294/1297 3338/3295/1298
f 3336/3293/1296 3338/3295/1298 3339/3296/1299
f 3340/3297/1300 3341/3298/1301 3342/3299/1302
f 3340/3297/1300 3342/3299/1302 3343/3300/1303
f 3344/3301/1304 3345/3302/1305 3346/3303/1305
f 3344/3301/1304 3346/3303/1305 3347/3304/1306
f 3348/3305/1307 3349/3306/1307 3350/3307/1307
f 3348/3305/1307 3350/3307/1307 3351/3308/1307
f 3352/3309/1188 3353/3310/1199 3354/3122/1188
f 3352/3309/1188 3354/3122/1188 3355/3121/1188
f 3356/3311/117 3357/3312/10 3358/3313/10
f 3356/3311/117 3358/3313/10 3359/3314/117
f 3360/3315/28 3361/3316/128 3362/3317/128
f 3360/3315/28 3362/3317/128 3363/3318/28
f 3364/3319/125 3365/3320/32 3366/3321/32
f 3364/3319/125 3366/3321/32 3367/3322/125
f 3368/3323/18 3369/3324/118 3370/3325/118
f 3368/3323/18 3370/3325/118 3371/3326/18
f 3372/3327/129 3373/3328/85 3374/3329/85
f 3372/3327/129 3374/3329/85 3375/3330/129
f 3376/3331/126 3377/3332/88 3378/3333/88
f 3376/3331/126 3378/3333/88 3379/3334/126
f 3380/3335/52 3381/3336/121 3382/3337/121
f 3380/3335/52 3382/3337/121 3383/3338/52
f 3384/3339/130 3360/3315/28 3363/3318/28
f 3384/3339/130 3363/3318/28 3385/3340/130
f 3386/3341/7 3372/3327/129 3375/3330/129
f 3386/3341/7 3375/3330/129 3387/3342/7
f 3388/3343/131 3389/3344/83 3390/3345/83
f 3388/3343/131 3390/3345/83 3391/3346/131
f 3392/3347/1 3384/3339/130 3385/3340/130
f 3392/3347/1 3385/3340/130 3393/3348/1
f 3394/3349/119 3395/3350/25 3396/3351/25
f 3394/3349/119 3396/3351/25 3397/3352/119
f 3398/3353/116 3386/3341/7 3387/3342/7
f 3398/3353/116 3387/3342/7 3399/3354/116
f 3400/3355/95 3364/3319/125 3367/3322/125
f 3400/3355/95 3367/3322/125 3401/3356/95
f 3402/3357/48 3356/3311/117 3359/3314/117
f 3402/3357/48 3359/3314/117 3403/3358/48
f 3357/3312/10 3388/3343/131 3391/3346/131
f 3357/3312/10 3391/3346/131 3358/3313/10
f 3404/3359/120 3368/3323/18 3371/3326/18
f 3404/3359/120 3371/3326/18 3405/3360/120
f 3406/3361/13 3407/3362/122 3408/3363/122
f 3406/3361/13 3408/3363/122 3409/3364/13
f 3410/3365/45 3394/3349/119 3397/3352/119
f 3410/3365/45 3397/3352/119 3411/3366/45
f 3412/3367/123 3380/3335/52 3383/3338/52
f 3412/3367/123 3383/3338/52 3413/3368/123
f 3381/3336/121 3414/3369/48 3415/3370/48
f 3381/3336/121 3415/3370/48 3382/3337/121
f 3416/3371/21 3376/3331/126 3379/3334/126
f 3416/3371/21 3379/3334/126 3417/3372/21
f 3418/3373/124 3419/3374/13 3420/3375/13
f 3418/3373/124 3420/3375/13 3421/3376/124
f 3389/3344/83 3404/3359/120 3405/3360/120
f 3389/3344/83 3405/3360/120 3390/3345/83
f 3422/3377/127 3400/3355/95 3401/3356/95
f 3422/3377/127 3401/3356/95 3423/3378/127
f 3365/3320/32 3412/3367/123 3413/3368/123
f 3365/3320/32 3413/3368/123 3366/3321/32
f 3361/3316/128 3416/3371/21 3417/3372/21
f 3361/3316/128 3417/3372/21 3362/3317/128
f 3424/3379/85 3422/3377/127 3423/3378/127
f 3424/3379/85 3423/3378/127 3425/3380/85
f 3369/3324/118 3426/3381/1 3427/3382/1
f 3369/3324/118 3427/3382/1 3370/3325/118
f 3395/3350/25 3398/3353/116 3399/3354/116
f 3395/3350/25 3399/3354/116 3396/3351/25
f 3377/3332/88 3418/3373/124 3421/3376/124
f 3377/3332/88 3421/3376/124 3378/3333/88
f 3407/3362/122 3410/3365/45 3411/3366/45
f 3407/3362/122 3411/3366/45 3408/3363/122
f 3428/3383/1308 3429/3384/1308 3430/3385/1309
f 3428/3383/1308 3430/3385/1309 3431/3386/1309
f 3432/3387/1310 3433/3388/1310 3429/3384/1308
f 3432/3387/1310 3429/3384/1308 3428/3383/1308
f 3434/3389/1311 3435/3390/1311 3433/3388/1310
f 3434/3389/1311 3433/3388/1310 3432/3387/1310
f 3436/3391/1312 3437/3392/1312 3435/3390/1311
f 3436/3391/1312 3435/3390/1311 3434/3389/1311
f 3438/3393/1313 3439/3394/1313 3440/3395/1314
f 3438/3393/1313 3440/3395/1314 3441/3396/1314
f 3442/3397/1315 3443/3398/1315 3439/3394/1313
f 3442/3397/1315 3439/3394/1313 3438/3393/1313
f 3444/3399/1316 3445/3400/1316 3443/3398/1315
f 3444/3399/1316 3443/3398/1315 3442/3397/1315
f 3446/3401/1317 3447/3402/1317 3445/3400/1316
f 3446/3401/1317 3445/3400/1316 3444/3399/1316
f 3448/3403/1318 3449/3404/1318 3447/3402/1317
f 3448/3403/1318 3447/3402/1317 3446/3401/1317
f 3450/3405/1319 3451/3406/1319 3449/3404/1318
f 3450/3405/1319 3449/3404/1318 3448/3403/1318
f 3452/3407/1320 3453/3408/1320 3451/3406/1319
f 3452/3407/1320 3451/3406/1319 3450/3405/1319
f 3454/3409/1321 3455/3410/1321 3453/3408/1320
f 3454/3409/1321 3453/3408/1320 3452/3407/1320
f 3456/3411/1322 3457/3412/1322 3458/3413/1323
f 3456/3411/1322 3458/3413/1323 3459/3414/1323
f 3460/3415/1324 3461/3416/1324 3457/3412/1322
f 3460/3415/1324 3457/3412/1322 3456/3411/1322
f 3462/3417/1325 3463/3418/1325 3461/3416/1324
f 3462/3417/1325 3461/3416/1324 3460/3415/1324
f 3464/3419/1326 3465/3420/1326 3463/3418/1325
f 3464/3419/1326 3463/3418/1325 3462/3417/1325
f 3466/3421/1327 3467/3422/1327 3465/3420/1326
f 3466/3421/1327 3465/3420/1326 3464/3419/1326
f 3468/3423/1328 3469/3424/1328 3467/3422/1327
f 3468/3423/1328 3467/3422/1327 3466/3421/1327
f 3470/3425/1329 3471/3426/1329 3469/3424/1328
f 3470/3425/1329 3469/3424/1328 3468/3423/1328
f 3472/3427/1330 3473/3428/1330 3471/3426/1329
f 3472/3427/1330 3471/3426/1329 3470/3425/1329
f 3474/3429/1331 3475/3430/1331 3476/3431/1332
f 3474/3429/1331 3476/3431/1332 3477/3432/1332
f 3478/3433/1333 3479/3434/1333 3475/3430/1331
f 3478/3433/1333 3475/3430/1331 3474/3429/1331
f 3480/3435/1334 3481/3436/1334 3479/3434/1333
f 3480/3435/1334 3479/3434/1333 3478/3433/1333
f 3482/3437/1335 3483/3438/1335 3481/3436/1334
f 3482/3437/1335 3481/3436/1334 3480/3435/1334
f 3484/3439/1336 3485/3440/1336 3483/3438/1335
f 3484/3439/1336 3483/3438/1335 3482/3437/1335
f 3486/3441/1337 3487/3442/1337 3485/3440/1336
f 3486/3441/1337 3485/3440/1336 3484/3439/1336
f 3488/3443/1338 3489/3444/1338 3487/3442/1337
f 3488/3443/1338 3487/3442/1337 3486/3441/1337
f 3490/3445/1339 3491/3446/1339 3489/3444/1338
f 3490/3445/1339 3489/3444/1338 3488/3443/1338
f 3492/3447/1340 3493/3448/1340 3494/3449/1341
f 3492/3447/1340 3494/3449/1341 3495/3450/1341
f 3496/3451/1342 3497/3452/1342 3493/3448/1340
f 3496/3451/1342 3493/3448/1340 3492/3447/1340
f 3498/3453/1343 3499/3454/1343 3497/3452/1342
f 3498/3453/1343 3497/3452/1342 3496/3451/1342
f 3431/3386/1309 3430/3385/1309 3499/3454/1343
f 3431/3386/1309 3499/3454/1343 3498/3453/1343
f 3500/3455/132 3501/3456/132 3502/3457/132
f 3500/3455/132 3502/3457/132 3503/3458/132
f 3504/3459/132 3505/3460/132 3506/3461/132
f 3504/3459/132 3506/3461/132 3507/3462/132
f 3501/3456/132 3508/3463/132 3509/3464/132
f 3501/3456/132 3509/3464/132 3502/3457/132
f 3505/3460/132 3510/3465/132 3511/3466/132
f 3505/3460/132 3511/3466/132 3506/3461/132
f 3508/3463/132 3512/3467/132 3513/3468/132
f 3508/3463/132 3513/3468/132 3509/3464/132
f 3510/3465/132 3514/3469/132 3515/3470/132
f 3510/3465/132 3515/3470/132 3511/3466/132
f 3512/3467/132 3516/3471/132 3517/3472/132
f 3512/3467/132 3517/3472/132 3513/3468/132
f 3514/3469/132 3518/3473/132 3519/3474/132
f 3514/3469/132 3519/3474/132 3515/3470/132
f 3516/3471/132 3520/3475/132 3521/3476/132
f 3516/3471/132 3521/3476/132 3517/3472/132
f 3518/3473/132 3522/3477/132 3523/3478/132
f 3518/3473/132 3523/3478/132 3519/3474/132
f 3520/3475/132 3524/3479/132 3525/3480/132
f 3520/3475/132 3525/3480/132 3521/3476/132
f 3522/3477/132 3526/3481/132 3527/3482/132
f 3522/3477/132 3527/3482/132 3523/3478/132
f 3524/3479/132 3528/3483/132 3529/3484/132
f 3524/3479/132 3529/3484/132 3525/3480/132
f 3526/3481/132 3530/3485/132 3531/3486/132
f 3526/3481/132 3531/3486/132 3527/3482/132
f 3528/3483/132 3532/3487/132 3533/3488/132
f 3528/3483/132 3533/3488/132 3529/3484/132
f 3530/3485/132 3534/3489/132 3535/3490/132
f 3530/3485/132 3535/3490/132 3531/3486/132
f 3532/3487/132 3536/3491/132 3537/3492/132
f 3532/3487/132 3537/3492/132 3533/3488/132
f 3534/3489/132 3538/3493/132 3539/3494/132
f 3534/3489/132 3539/3494/132 3535/3490/132
f 3540/3495/132 3541/3496/132 3542/3497/132
f 3540/3495/132 3542/3497/132 3543/3498/132
f 3536/3491/132 3544/3499/132 3545/3500/132
f 3536/3491/132 3545/3500/132 3537/3492/132
f 3538/3493/132 3546/3501/132 3547/3502/132
f 3538/3493/132 3547/3502/132 3539/3494/132
f 3541/3496/132 3548/3503/132 3549/3504/132
f 3541/3496/132 3549/3504/132 3542/3497/132
f 3544/3499/132 3550/3505/132 3551/3506/132
f 3544/3499/132 3551/3506/132 3545/3500/132
f 3546/3501/132 3552/3507/132 3553/3508/132
f 3546/3501/132 3553/3508/132 3547/3502/132
f 3548/3503/132 3554/3509/132 3555/3510/132
f 3548/3503/132 3555/3510/132 3549/3504/132
f 3550/3505/132 3556/3511/132 3557/3512/132
f 3550/3505/132 3557/3512/132 3551/3506/132
f 3552/3507/132 3558/3513/132 3559/3514/132
f 3552/3507/132 3559/3514/132 3553/3508/132
f 3554/3509/132 3560/3515/132 3561/3516/132
f 3554/3509/132 3561/3516/132 3555/3510/132
f 3556/3511/132 3562/3517/132 3563/3518/132
f 3556/3511/132 3563/3518/132 3557/3512/132
f 3558/3513/132 3500/3455/132 3503/3458/132
f 3558/3513/132 3503/3458/132 3559/3514/132
f 3560/3515/132 3504/3459/132 3507/3462/132
f 3560/3515/132 3507/3462/132 3561/3516/132
f 3562/3517/132 3540/3495/132 3543/3498/132
f 3562/3517/132 3543/3498/132 3563/3518/132
f 3564/3519/132 3565/3520/132 3566/3521/132
f 3564/3519/132 3566/3521/132 3567/3522/132
f 3567/3522/132 3566/3521/132 3568/3523/132
f 3567/3522/132 3568/3523/132 3569/3524/132
f 3569/3524/132 3568/3523/132 3570/3525/132
f 3569/3524/132 3570/3525/132 3571/3526/132
f 3571/3526/132 3570/3525/132 3572/3527/132
f 3571/3526/132 3572/3527/132 3573/3528/132
f 3573/3528/132 3572/3527/132 3574/3529/132
f 3573/3528/132 3574/3529/132 3575/3530/132
f 3575/3530/132 3574/3529/132 3576/3531/132
f 3575/3530/132 3576/3531/132 3577/3532/132
f 3577/3532/132 3576/3531/132 3578/3533/132
f 3577/3532/132 3578/3533/132 3579/3534/132
f 3579/3534/132 3578/3533/132 3580/3535/132
f 3579/3534/132 3580/3535/132 3581/3536/132
f 3581/3536/132 3580/3535/132 3582/3537/132
f 3581/3536/132 3582/3537/132 3583/3538/132
f 3583/3538/132 3582/3537/132 3584/3539/132
f 3583/3538/132 3584/3539/132 3585/3540/132
f 3585/3540/132 3584/3539/132 3586/3541/132
f 3585/3540/132 3586/3541/132 3587/3542/132
f 3587/3542/132 3586/3541/132 3588/3543/132
f 3587/3542/132 3588/3543/132 3589/3544/132
f 3589/3544/132 3588/3543/132 3590/3545/132
f 3589/3544/132 3590/3545/132 3591/3546/132
f 3591/3546/132 3590/3545/132 3592/3547/132
f 3591/3546/132 3592/3547/132 3593/3548/132
f 3593/3548/132 3592/3547/132 3594/3549/132
f 3593/3548/132 3594/3549/132 3595/3550/132
f 3595/3550/132 3594/3549/132 3596/3551/132
f 3595/3550/132 3596/3551/132 3597/3552/132
f 3597/3552/132 3596/3551/132 3598/3553/132
f 3597/3552/132 3598/3553/132 3599/3554/132
f 3599/3554/132 3598/3553/132 3600/3555/132
f 3599/3554/132 3600/3555/132 3601/3556/132
f 3601/3556/132 3600/3555/132 3602/3557/132
f 3601/3556/132 3602/3557/132 3603/3558/132
f 3603/3558/132 3602/3557/132 3604/3559/132
f 3603/3558/132 3604/3559/132 3605/3560/132
f 3605/3560/132 3604/3559/132 3606/3561/132
f 3605/3560/132 3606/3561/132 3607/3562/132
f 3607/3562/132 3606/3561/132 3608/3563/132
f 3607/3562/132 3608/3563/132 3609/3564/132
f 3609/3564/132 3608/3563/132 3610/3565/132
f 3609/3564/132 3610/3565/132 3611/3566/132
f 3611/3566/132 3610/3565/132 3612/3567/132
f 3611/3566/132 3612/3567/132 3613/3568/132
f 3613/3568/132 3612/3567/132 3614/3569/132
f 3613/3568/132 3614/3569/132 3615/3570/132
f 3615/3570/132 3614/3569/132 3616/3571/132
f 3615/3570/132 3616/3571/132 3617/3572/132
f 3617/3572/132 3616/3571/132 3618/3573/132
f 3617/3572/132 3618/3573/132 3619/3574/132
f 3619/3574/132 3618/3573/132 3620/3575/132
f 3619/3574/132 3620/3575/132 3621/3576/132
f 3621/3576/132 3620/3575/132 3622/3577/132
f 3621/3576/132 3622/3577/132 3623/3578/132
f 3623/3578/132 3622/3577/132 3624/3579/132
f 3623/3578/132 3624/3579/132 3625/3580/132
f 3625/3580/132 3624/3579/132 3626/3581/132
f 3625/3580/132 3626/3581/132 3627/3582/132
f 3627/3582/132 3626/3581/132 3565/3520/132
f 3627/3582/132 3565/3520/132 3564/3519/132
f 3628/3583/129 3629/3584/7 3630/3585/7
f 3628/3583/129 3630/3585/7 3631/3586/129
f 3632/3587/83 3633/3588/131 3634/3589/131
f 3632/3587/83 3634/3589/131 3635/3590/83
f 3636/3591/130 3637/3592/1344 3638/3593/1344
f 3636/3591/130 3638/3593/1344 3639/3594/130
f 3629/3584/7 3640/3595/116 3641/3596/116
f 3629/3584/7 3641/3596/116 3630/3585/7
f 3633/3588/131 3642/3597/10 3643/3598/10
f 3633/3588/131 3643/3598/10 3634/3589/131
f 3644/3599/1 3645/3600/118 3646/3601/118
f 3644/3599/1 3646/3601/118 3647/3602/1
f 3640/3595/116 3648/3603/25 3649/3604/25
f 3640/3595/116 3649/3604/25 3641/3596/116
f 3642/3597/10 3650/3605/117 3651/3606/117
f 3642/3597/10 3651/3606/117 3643/3598/10
f 3645/3600/118 3652/3607/18 3653/3608/18
f 3645/3600/118 3653/3608/18 3646/3601/118
f 3648/3603/25 3654/3609/119 3655/3610/119
f 3648/3603/25 3655/3610/119 3649/3604/25
f 3650/3605/117 3656/3611/48 3657/3612/48
f 3650/3605/117 3657/3612/48 3651/3606/117
f 3658/3613/121 3659/3614/52 3660/3615/52
f 3658/3613/121 3660/3615/52 3661/3616/121
f 3652/3607/18 3662/3617/120 3663/3618/120
f 3652/3607/18 3663/3618/120 3653/3608/18
f 3664/3619/122 3665/3620/13 3666/3621/13
f 3664/3619/122 3666/3621/13 3667/3622/122
f 3654/3609/119 3668/3623/45 3669/3624/45
f 3654/3609/119 3669/3624/45 3655/3610/119
f 3659/3614/52 3670/3625/123 3671/3626/123
f 3659/3614/52 3671/3626/123 3660/3615/52
f 3672/3627/48 3658/3613/121 3661/3616/121
f 3672/3627/48 3661/3616/121 3673/3628/48
f 3674/3629/132 3675/3630/132 3676/3631/132
f 3674/3629/132 3676/3631/132 3677/3632/132
f 3678/3633/132 3679/3634/132 3680/3635/132
f 3678/3633/132 3680/3635/132 3681/3636/132
f 3682/3637/132 3683/3638/132 3684/3639/132
f 3682/3637/132 3684/3639/132 3685/3640/132
f 3675/3630/132 3686/3641/132 3687/3642/132
f 3675/3630/132 3687/3642/132 3676/3631/132
f 3679/3634/132 3688/3643/132 3689/3644/132
f 3679/3634/132 3689/3644/132 3680/3635/132
f 3683/3638/132 3690/3645/132 3691/3646/132
f 3683/3638/132 3691/3646/132 3684/3639/132
f 3686/3641/132 3692/3647/132 3693/3648/132
f 3686/3641/132 3693/3648/132 3687/3642/132
f 3688/3643/132 3694/3649/132 3695/3650/132
f 3688/3643/132 3695/3650/132 3689/3644/132
f 3690/3645/132 3696/3651/132 3697/3652/132
f 3690/3645/132 3697/3652/132 3691/3646/132
f 3692/3647/132 3698/3653/132 3699/3654/132
f 3692/3647/132 3699/3654/132 3693/3648/132
f 3694/3649/132 3700/3655/132 3701/3656/132
f 3694/3649/132 3701/3656/132 3695/3650/132
f 3696/3651/132 3702/3657/132 3703/3658/132
f 3696/3651/132 3703/3658/132 3697/3652/132
f 3698/3653/132 3704/3659/132 3705/3660/132
f 3698/3653/132 3705/3660/132 3699/3654/132
f 3700/3655/132 3706/3661/132 3707/3662/132
f 3700/3655/132 3707/3662/132 3701/3656/132
f 3702/3657/132 3678/3633/132 3681/3636/132
f 3702/3657/132 3681/3636/132 3703/3658/132
f 3704/3659/132 3708/3663/132 3709/3664/132
f 3704/3659/132 3709/3664/132 3705/3660/132
f 3706/3661/132 3710/3665/132 3711/3666/132
f 3706/3661/132 3711/3666/132 3707/3662/132
f 3708/3663/132 3712/3667/132 3713/3668/132
f 3708/3663/132 3713/3668/132 3709/3664/132
f 3710/3665/132 3714/3669/132 3715/3670/132
f 3710/3665/132 3715/3670/132 3711/3666/132
f 3712/3667/132 3716/3671/132 3717/3672/132
f 3712/3667/132 3717/3672/132 3713/3668/132
f 3714/3669/132 3718/3673/132 3719/3674/132
f 3714/3669/132 3719/3674/132 3715/3670/132
f 3716/3671/132 3720/3675/132 3721/3676/132
f 3716/3671/132 3721/3676/132 3717/3672/132
f 3718/3673/132 3722/3677/132 3723/3678/132
f 3718/3673/132 3723/3678/132 3719/3674/132
f 3720/3675/132 3724/3679/132 3725/3680/132
f 3720/3675/132 3725/3680/132 3721/3676/132
f 3722/3677/132 3726/3681/132 3727/3682/132
f 3722/3677/132 3727/3682/132 3723/3678/132
f 3724/3679/132 3728/3683/132 3729/3684/132
f 3724/3679/132 3729/3684/132 3725/3680/132
f 3726/3681/132 3730/3685/132 3731/3686/132
f 3726/3681/132 3731/3686/132 3727/3682/132
f 3728/3683/132 3732/3687/132 3733/3688/132
f 3728/3683/132 3733/3688/132 3729/3684/132
f 3730/3685/132 3734/3689/132 3735/3690/132
f 3730/3685/132 3735/3690/132 3731/3686/132
f 3732/3687/132 3736/3691/132 3737/3692/132
f 3732/3687/132 3737/3692/132 3733/3688/132
f 3734/3689/132 3674/3629/132 3677/3632/132
f 3734/3689/132 3677/3632/132 3735/3690/132
f 3736/3691/132 3682/3637/132 3685/3640/132
f 3736/3691/132 3685/3640/132 3737/3692/132
f 3738/3693/28 3636/3591/130 3639/3594/130
f 3738/3693/28 3639/3594/130 3739/3694/28
f 3740/3695/85 3628/3583/129 3631/3586/129
f 3740/3695/85 3631/3586/129 3741/3696/85
f 3742/3697/128 3738/3693/28 3739/3694/28
f 3742/3697/128 3739/3694/28 3743/3698/128
f 3744/3699/127 3745/3700/85 3746/3701/85
f 3744/3699/127 3746/3701/85 3747/3702/127
f 3748/3703/21 3742/3697/128 3743/3698/128
f 3748/3703/21 3743/3698/128 3749/3704/21
f 3750/3705/95 3744/3699/127 3747/3702/127
f 3750/3705/95 3747/3702/127 3751/3706/95
f 3752/3707/126 3748/3703/21 3749/3704/21
f 3752/3707/126 3749/3704/21 3753/3708/126
f 3754/3709/125 3750/3705/95 3751/3706/95
f 3754/3709/125 3751/3706/95 3755/3710/125
f 3756/3711/88 3752/3707/126 3753/3708/126
f 3756/3711/88 3753/3708/126 3757/3712/88
f 3758/3713/32 3754/3709/125 3755/3710/125
f 3758/3713/32 3755/3710/125 3759/3714/32
f 3760/3715/124 3756/3711/88 3757/3712/88
f 3760/3715/124 3757/3712/88 3761/3716/124
f 3668/3623/45 3664/3619/122 3667/3622/122
f 3668/3623/45 3667/3622/122 3669/3624/45
f 3670/3625/123 3758/3713/32 3759/3714/32
f 3670/3625/123 3759/3714/32 3671/3626/123
f 3662/3617/120 3632/3587/83 3635/3590/83
f 3662/3617/120 3635/3590/83 3663/3618/120
f 3762/3717/13 3760/3715/124 3761/3716/124
f 3762/3717/13 3761/3716/124 3763/3718/13
f 3764/3719/88 3765/3720/124 3766/3721/124
f 3764/3719/88 3766/3721/124 3767/3722/88
f 3768/3723/32 3769/3724/123 3770/3725/123
f 3768/3723/32 3770/3725/123 3771/3726/32
f 3765/3720/124 3772/3727/13 3773/3728/13
f 3765/3720/124 3773/3728/13 3766/3721/124
f 3769/3724/123 3774/3729/52 3775/3730/52
f 3769/3724/123 3775/3730/52 3770/3725/123
f 3776/3731/13 3777/3732/122 3778/3733/122
f 3776/3731/13 3778/3733/122 3779/3734/13
f 3774/3729/52 3780/3735/121 3781/3736/121
f 3774/3729/52 3781/3736/121 3775/3730/52
f 3777/3732/122 3782/3737/45 3783/3738/45
f 3777/3732/122 3783/3738/45 3778/3733/122
f 3784/3739/83 3785/3740/120 3786/3741/120
f 3784/3739/83 3786/3741/120 3787/3742/83
f 3780/3735/121 3788/3743/48 3789/3744/48
f 3780/3735/121 3789/3744/48 3781/3736/121
f 3782/3737/45 3790/3745/119 3791/3746/119
f 3782/3737/45 3791/3746/119 3783/3738/45
f 3785/3740/120 3792/3747/18 3793/3748/18
f 3785/3740/120 3793/3748/18 3786/3741/120
f 3794/3749/48 3795/3750/117 3796/3751/117
f 3794/3749/48 3796/3751/117 3797/3752/48
f 3790/3745/119 3798/3753/25 3799/3754/25
f 3790/3745/119 3799/3754/25 3791/3746/119
f 3792/3747/18 3800/3755/118 3801/3756/118
f 3792/3747/18 3801/3756/118 3793/3748/18
f 3795/3750/117 3802/3757/10 3803/3758/10
f 3795/3750/117 3803/3758/10 3796/3751/117
f 3798/3753/25 3804/3759/116 3805/3760/116
f 3798/3753/25 3805/3760/116 3799/3754/25
f 3800/3755/118 3806/3761/1 3807/3762/1
f 3800/3755/118 3807/3762/1 3801/3756/118
f 3802/3757/10 3808/3763/131 3809/3764/131
f 3802/3757/10 3809/3764/131 3803/3758/10
f 3804/3759/116 3810/3765/7 3811/3766/7
f 3804/3759/116 3811/3766/7 3805/3760/116
f 3812/3767/1 3813/3768/130 3814/3769/130
f 3812/3767/1 3814/3769/130 3815/3770/1
f 3808/3763/131 3784/3739/83 3787/3742/83
f 3808/3763/131 3787/3742/83 3809/3764/131
f 3810/3765/7 3816/3771/129 3817/3772/129
f 3810/3765/7 3817/3772/129 3811/3766/7
f 3813/3768/130 3818/3773/28 3819/3774/28
f 3813/3768/130 3819/3774/28 3814/3769/130
f 3816/3771/129 3820/3775/85 3821/3776/85
f 3816/3771/129 3821/3776/85 3817/3772/129
f 3818/3773/28 3822/3777/128 3823/3778/128
f 3818/3773/28 3823/3778/128 3819/3774/28
f 3824/3779/85 3825/3780/127 3826/3781/127
f 3824/3779/85 3826/3781/127 3827/3782/85
f 3822/3777/128 3828/3783/21 3829/3784/21
f 3822/3777/128 3829/3784/21 3823/3778/128
f 3825/3780/127 3830/3785/95 3831/3786/95
f 3825/3780/127 3831/3786/95 3826/3781/127
f 3828/3783/21 3832/3787/126 3833/3788/126
f 3828/3783/21 3833/3788/126 3829/3784/21
f 3830/3785/95 3834/3789/125 3835/3790/125
f 3830/3785/95 3835/3790/125 3831/3786/95
f 3832/3787/126 3764/3719/88 3767/3722/88
f 3832/3787/126 3767/3722/88 3833/3788/126
f 3834/3789/125 3768/3723/32 3771/3726/32
f 3834/3789/125 3771/3726/32 3835/3790/125
f 3836/3791/1345 3837/3792/1346 3838/3793/1347
f 3836/3791/1345 3838/3793/1347 3839/3794/1347
f 3840/3795/1348 3841/3796/1348 3842/3797/1349
f 3840/3795/1348 3842/3797/1349 3843/3798/1349
f 3843/3798/1349 3842/3797/1349 3844/3799/1350
f 3843/3798/1349 3844/3799/1350 3845/3800/1350
f 3845/3800/1350 3844/3799/1350 3846/3801/1351
f 3845/3800/1350 3846/3801/1351 3847/3802/1351
f 3848/3803/1352 3849/3804/1353 3837/3792/1346
f 3848/3803/1352 3837/3792/1346 3836/3791/1345
f 3850/3805/21 3851/3806/21 3852/3807/21
f 3850/3805/21 3852/3807/21 3853/3808/21
f 3854/3809/32 3855/3810/32 3856/3811/32
f 3854/3809/32 3856/3811/32 3857/3812/32
f 3858/3813/132 3859/3814/132 3860/3815/132
f 3858/3813/132 3860/3815/132 3861/3816/132
f 3862/3817/32 3863/3818/32 3864/3819/32
f 3862/3817/32 3864/3819/32 3865/3820/32
f 3866/3821/21 3867/3822/21 3868/3823/21
f 3866/3821/21 3868/3823/21 3869/3824/21
f 3870/3825/32 3871/3826/32 3855/3810/32
f 3870/3825/32 3855/3810/32 3854/3809/32
f 3872/3827/21 3873/3828/21 3851/3806/21
f 3872/3827/21 3851/3806/21 3850/3805/21
f 3853/3808/21 3852/3807/21 3867/3822/21
f 3853/3808/21 3867/3822/21 3866/3821/21
f 3865/3820/32 3864/3819/32 3871/3826/32
f 3865/3820/32 3871/3826/32 3870/3825/32
f 3857/3812/32 3856/3811/32 3874/3829/32
f 3857/3812/32 3874/3829/32 3875/3830/32
f 3869/3824/21 3868/3823/21 3876/3831/21
f 3869/3824/21 3876/3831/21 3877/3832/21
f 3878/3833/83 3879/3834/83 3880/3835/83
f 3878/3833/83 3880/3835/83 3881/3836/83
f 3882/3837/1354 3883/3838/1354 3884/3839/1355
f 3882/3837/1354 3884/3839/1355 3885/3840/1355
f 3886/3841/1356 3887/3842/1356 3888/3843/1357
f 3886/3841/1356 3888/3843/1357 3889/3844/1357
f 3889/3844/1357 3888/3843/1357 3890/3845/1358
f 3889/3844/1357 3890/3845/1358 3891/3846/1358
f 3891/3846/1358 3890/3845/1358 3892/3847/1359
f 3891/3846/1358 3892/3847/1359 3893/3848/1359
f 3894/3849/1360 3895/3850/1361 3883/3838/1354
f 3894/3849/1360 3883/3838/1354 3882/3837/1354
f 3896/3851/1362 3897/3852/1362 3898/3853/1362
f 3896/3851/1362 3898/3853/1362 3899/3854/1362
f 3900/3855/1363 3901/3856/1363 3902/3857/1363
f 3900/3855/1363 3902/3857/1363 3903/3858/1363
f 3904/3859/132 3905/3860/132 3906/3861/132
f 3904/3859/132 3906/3861/132 3907/3862/132
f 3908/3863/1363 3909/3864/1363 3910/3865/1363
f 3908/3863/1363 3910/3865/1363 3911/3866/1363
f 3912/3867/1362 3913/3868/1362 3914/3869/1362
f 3912/3867/1362 3914/3869/1362 3915/3870/1362
f 3916/3871/1363 3917/3872/1363 3901/3856/1363
f 3916/3871/1363 3901/3856/1363 3900/3855/1363
f 3918/3873/1362 3919/3874/1362 3897/3852/1362
f 3918/3873/1362 3897/3852/1362 3896/3851/1362
f 3899/3854/1362 3898/3853/1362 3913/3868/1362
f 3899/3854/1362 3913/3868/1362 3912/3867/1362
f 3911/3866/1363 3910/3865/1363 3917/3872/1363
f 3911/3866/1363 3917/3872/1363 3916/3871/1363
f 3903/3858/1363 3902/3857/1363 3920/3875/1363
f 3903/3858/1363 3920/3875/1363 3921/3876/1363
f 3915/3870/1362 3914/3869/1362 3922/3877/1362
f 3915/3870/1362 3922/3877/1362 3923/3878/1362
f 3924/3879/1364 3925/3880/1364 3926/3881/1364
f 3924/3879/1364 3926/3881/1364 3927/3882/1364
f 3928/3883/1365 3929/3884/1366 3930/3885/1367
f 3928/3883/1365 3930/3885/1367 3931/3886/1368
f 3932/3887/1369 3933/3888/1370 3934/3889/1371
f 3932/3887/1369 3934/3889/1371 3935/3890/1371
f 3935/3890/1371 3934/3889/1371 3936/3891/1372
f 3935/3890/1371 3936/3891/1372 3937/3892/1372
f 3937/3892/1372 3936/3891/1372 3938/3893/1373
f 3937/3892/1372 3938/3893/1373 3939/3894/1373
f 3940/3895/1374 3941/3896/1375 3929/3884/1366
f 3940/3895/1374 3929/3884/1366 3928/3883/1365
f 3942/3897/1376 3943/3898/1376 3944/3899/1376
f 3942/3897/1376 3944/3899/1376 3945/3900/1376
f 3946/3901/1377 3947/3902/1377 3948/3903/1377
f 3946/3901/1377 3948/3903/1377 3949/3904/1377
f 3950/3905/132 3951/3906/132 3952/3907/132
f 3950/3905/132 3952/3907/132 3953/3908/132
f 3954/3909/1377 3955/3910/1377 3956/3911/1377
f 3954/3909/1377 3956/3911/1377 3957/3912/1377
f 3958/3913/1376 3959/3914/1376 3960/3915/1376
f 3958/3913/1376 3960/3915/1376 3961/3916/1376
f 3962/3917/1377 3963/3918/1377 3947/3902/1377
f 3962/3917/1377 3947/3902/1377 3946/3901/1377
f 3964/3919/1376 3965/3920/1376 3943/3898/1376
f 3964/3919/1376 3943/3898/1376 3942/3897/1376
f 3945/3900/1376 3944/3899/1376 3959/3914/1376
f 3945/3900/1376 3959/3914/1376 3958/3913/1376
f 3957/3912/1377 3956/3911/1377 3963/3918/1377
f 3957/3912/1377 3963/3918/1377 3962/3917/1377
f 3949/3904/1377 3948/3903/1377 3966/3921/1377
f 3949/3904/1377 3966/3921/1377 3967/3922/1377
f 3961/3916/1376 3960/3915/1376 3968/3923/1376
f 3961/3916/1376 3968/3923/1376 3969/3924/1376
f 3970/3925/1378 3971/3926/1378 3972/3927/1378
f 3970/3925/1378 3972/3927/1378 3973/3928/1378
f 3974/3929/1379 3975/3930/1380 3976/3931/1381
f 3974/3929/1379 3976/3931/1381 3977/3932/1382
f 3978/3933/1382 3979/3934/1382 3980/3935/1383
f 3978/3933/1382 3980/3935/1383 3981/3936/1383
f 3981/3937/1383 3980/3938/1383 3982/3939/1384
f 3981/3937/1383 3982/3939/1384 3983/3940/1384
f 3984/3941/1384 3985/3942/1384 3986/3943/1385
f 3984/3941/1384 3986/3943/1385 3987/3944/1385
f 3988/3945/1386 3989/3946/1386 3975/3930/1380
f 3988/3945/1386 3975/3930/1380 3974/3929/1379
f 3990/3947/13 3991/3948/13 3992/3949/13
f 3990/3947/13 3992/3949/13 3993/3950/13
f 3994/3951/48 3995/3952/48 3996/3953/48
f 3994/3951/48 3996/3953/48 3997/3954/48
f 3998/3955/132 3999/3956/132 4000/3957/132
f 3998/3955/132 4000/3957/132 4001/3958/132
f 4002/3959/48 4003/3960/48 4004/3961/48
f 4002/3959/48 4004/3961/48 4005/3962/48
f 4006/3963/13 4007/3964/13 4008/3965/13
f 4006/3963/13 4008/3965/13 4009/3966/13
f 4010/3967/48 4011/3968/48 3995/3952/48
f 4010/3967/48 3995/3952/48 3994/3951/48
f 4012/3969/13 4013/3970/13 3991/3948/13
f 4012/3969/13 3991/3948/13 3990/3947/13
f 3993/3950/13 3992/3949/13 4007/3964/13
f 3993/3950/13 4007/3964/13 4006/3963/13
f 4005/3962/48 4004/3961/48 4011/3968/48
f 4005/3962/48 4011/3968/48 4010/3967/48
f 3997/3954/48 3996/3953/48 4014/3971/48
f 3997/3954/48 4014/3971/48 4015/3972/48
f 4009/3966/13 4008/3965/13 4016/3973/13
f 4009/3966/13 4016/3973/13 4017/3974/13
f 4018/3975/1 4019/3976/1 4020/3977/1
f 4018/3975/1 4020/3977/1 4021/3978/1
f 4022/3979/1387 4023/3980/1388 4024/3981/1389
f 4022/3979/1387 4024/3981/1389 4025/3982/1389
f 4026/3983/1390 4027/3984/1390 4028/3985/1391
f 4026/3983/1390 4028/3985/1391 4029/3986/1391
f 4029/3986/1391 4028/3985/1391 4030/3987/1392
f 4029/3986/1391 4030/3987/1392 4031/3988/1392
f 4031/3988/1392 4030/3987/1392 4032/3989/1393
f 4031/3988/1392 4032/3989/1393 4033/3990/1393
f 4034/3991/1394 4035/3992/1394 4023/3980/1388
f 4034/3991/1394 4023/3980/1388 4022/3979/1387
f 4036/3993/1395 4037/3994/1395 4038/3995/1395
f 4036/3993/1395 4038/3995/1395 4039/3996/1395
f 4040/3997/1396 4041/3998/1396 4042/3999/1396
f 4040/3997/1396 4042/3999/1396 4043/4000/1396
f 4044/4001/132 4045/4002/132 4046/4003/132
f 4044/4001/132 4046/4003/132 4047/4004/132
f 4048/4005/1396 4049/4006/1396 4050/4007/1396
f 4048/4005/1396 4050/4007/1396 4051/4008/1396
f 4052/4009/1395 4053/4010/1395 4054/4011/1395
f 4052/4009/1395 4054/4011/1395 4055/4012/1395
f 4056/4013/1396 4057/4014/1396 4041/3998/1396
f 4056/4013/1396 4041/3998/1396 4040/3997/1396
f 4058/4015/1395 4059/4016/1395 4037/3994/1395
f 4058/4015/1395 4037/3994/1395 4036/3993/1395
f 4039/3996/1395 4038/3995/1395 4053/4010/1395
f 4039/3996/1395 4053/4010/1395 4052/4009/1395
f 4051/4008/1396 4050/4007/1396 4057/4014/1396
f 4051/4008/1396 4057/4014/1396 4056/4013/1396
f 4043/4000/1396 4042/3999/1396 4060/4017/1396
f 4043/4000/1396 4060/4017/1396 4061/4018/1396
f 4055/4012/1395 4054/4011/1395 4062/4019/1395
f 4055/4012/1395 4062/4019/1395 4063/4020/1395
f 4064/4021/1397 4065/4022/1397 4066/4023/1397
f 4064/4021/1397 4066/4023/1397 4067/4024/1397
f 4068/4025/1398 4069/4026/1398 4070/4027/1399
f 4068/4025/1398 4070/4027/1399 4071/4028/1399
f 4072/4029/1400 4073/4030/1400 4074/4031/1401
f 4072/4029/1400 4074/4031/1401 4075/4032/1401
f 4075/4032/1401 4074/4031/1401 4076/4033/1402
f 4075/4032/1401 4076/4033/1402 4077/4034/1402
f 4077/4034/1402 4076/4033/1402 4078/4035/1403
f 4077/4034/1402 4078/4035/1403 4079/4036/1403
f 4080/4037/1404 4081/4038/1404 4069/4026/1398
f 4080/4037/1404 4069/4026/1398 4068/4025/1398
f 4082/4039/1405 4083/4040/1405 4084/4041/1405
f 4082/4039/1405 4084/4041/1405 4085/4042/1405
f 4086/4043/1406 4087/4044/1406 4088/4045/1406
f 4086/4043/1406 4088/4045/1406 4089/4046/1406
f 4090/4047/132 4091/4048/132 4092/4049/132
f 4090/4047/132 4092/4049/132 4093/4050/132
f 4094/4051/1406 4095/4052/1406 4096/4053/1406
f 4094/4051/1406 4096/4053/1406 4097/4054/1406
f 4098/4055/1405 4099/4056/1405 4100/4057/1405
f 4098/4055/1405 4100/4057/1405 4101/4058/1405
f 4102/4059/1406 4103/4060/1406 4087/4044/1406
f 4102/4059/1406 4087/4044/1406 4086/4043/1406
f 4104/4061/1405 4105/4062/1405 4083/4040/1405
f 4104/4061/1405 4083/4040/1405 4082/4039/1405
f 4085/4042/1405 4084/4041/1405 4099/4056/1405
f 4085/4042/1405 4099/4056/1405 4098/4055/1405
f 4097/4054/1406 4096/4053/1406 4103/4060/1406
f 4097/4054/1406 4103/4060/1406 4102/4059/1406
f 4089/4046/1406 4088/4045/1406 4106/4063/1406
f 4089/4046/1406 4106/4063/1406 4107/4064/1406
f 4101/4058/1405 4100/4057/1405 4108/4065/1405
f 4101/4058/1405 4108/4065/1405 4109/4066/1405
f 4110/4067/1407 4111/4068/1407 4112/4069/1407
f 4110/4067/1407 4112/4069/1407 4113/4070/1407
f 4114/4071/1408 4115/4072/1408 4116/4073/1409
f 4114/4071/1408 4116/4073/1409 4117/4074/1409
f 4118/4075/1410 4119/4076/1410 4120/4077/1411
f 4118/4075/1410 4120/4077/1411 4121/4078/1411
f 4121/4078/1411 4120/4077/1411 4122/4079/1412
f 4121/4078/1411 4122/4079/1412 4123/4080/1412
f 4123/4080/1412 4122/4079/1412 4124/4081/1413
f 4123/4080/1412 4124/4081/1413 4125/4082/1413
f 4126/4083/1414 4127/4084/1414 4115/4072/1408
f 4126/4083/1414 4115/4072/1408 4114/4071/1408
f 4128/4085/25 4129/4086/25 4130/4087/25
f 4128/4085/25 4130/4087/25 4131/4088/25
f 4132/4089/83 4133/4090/83 4134/4091/83
f 4132/4089/83 4134/4091/83 4135/4092/83
f 4136/4093/132 4137/4094/132 4138/4095/132
f 4136/4093/132 4138/4095/132 4139/4096/132
f 4140/4097/83 4141/4098/83 4142/4099/83
f 4140/4097/83 4142/4099/83 4143/4100/83
f 4144/4101/25 4145/4102/25 4146/4103/25
f 4144/4101/25 4146/4103/25 4147/4104/25
f 4148/4105/83 4149/4106/83 4133/4090/83
f 4148/4105/83 4133/4090/83 4132/4089/83
f 4150/4107/25 4151/4108/25 4129/4086/25
f 4150/4107/25 4129/4086/25 4128/4085/25
f 4131/4088/25 4130/4087/25 4145/4102/25
f 4131/4088/25 4145/4102/25 4144/4101/25
f 4143/4100/83 4142/4099/83 4149/4106/83
f 4143/4100/83 4149/4106/83 4148/4105/83
f 4135/4092/83 4134/4091/83 4152/4109/83
f 4135/4092/83 4152/4109/83 4153/4110/83
f 4147/4104/25 4146/4103/25 4154/4111/25
f 4147/4104/25 4154/4111/25 4155/4112/25
f 4156/4113/21 4157/4114/21 4158/4115/21
f 4156/4113/21 4158/4115/21 4159/4116/21
f 4160/4117/1415 4161/4118/1415 4162/4119/1416
f 4160/4117/1415 4162/4119/1416 4163/4120/1416
f 4164/4121/1417 4165/4122/1417 4166/4123/1418
f 4164/4121/1417 4166/4123/1418 4167/4124/1418
f 4167/4124/1418 4166/4123/1418 4168/4125/1419
f 4167/4124/1418 4168/4125/1419 4169/4126/1419
f 4169/4126/1419 4168/4125/1419 4170/4127/1420
f 4169/4126/1419 4170/4127/1420 4171/4128/1420
f 4172/4129/1421 4173/4130/1422 4161/4118/1415
f 4172/4129/1421 4161/4118/1415 4160/4117/1415
f 4174/4131/1423 4175/4132/1423 4176/4133/1423
f 4174/4131/1423 4176/4133/1423 4177/4134/1423
f 4178/4135/1364 4179/4136/1364 4180/4137/1364
f 4178/4135/1364 4180/4137/1364 4181/4138/1364
f 4182/4139/132 4183/4140/132 4184/4141/132
f 4182/4139/132 4184/4141/132 4185/4142/132
f 4186/4143/1364 4187/4144/1364 4188/4145/1364
f 4186/4143/1364 4188/4145/1364 4189/4146/1364
f 4190/4147/1423 4191/4148/1423 4192/4149/1423
f 4190/4147/1423 4192/4149/1423 4193/4150/1423
f 4194/4151/1364 4195/4152/1364 4179/4136/1364
f 4194/4151/1364 4179/4136/1364 4178/4135/1364
f 4196/4153/1423 4197/4154/1423 4175/4132/1423
f 4196/4153/1423 4175/4132/1423 4174/4131/1423
f 4177/4134/1423 4176/4133/1423 4191/4148/1423
f 4177/4134/1423 4191/4148/1423 4190/4147/1423
f 4189/4146/1364 4188/4145/1364 4195/4152/1364
f 4189/4146/1364 4195/4152/1364 4194/4151/1364
f 4181/4138/1364 4180/4137/1364 4198/4155/1364
f 4181/4138/1364 4198/4155/1364 4199/4156/1364
f 4193/4150/1423 4192/4149/1423 4200/4157/1423
f 4193/4150/1423 4200/4157/1423 4201/4158/1423
f 4202/4159/1362 4203/4160/1362 4204/4161/1362
f 4202/4159/1362 4204/4161/1362 4205/4162/1362
f 4206/4163/1424 4207/4164/1424 4208/4165/1425
f 4206/4163/1424 4208/4165/1425 4209/4166/1426
f 4210/4167/1427 4211/4168/1428 4212/4169/1429
f 4210/4167/1427 4212/4169/1429 4213/4170/1429
f 4213/4170/1429 4212/4169/1429 4214/4171/1430
f 4213/4170/1429 4214/4171/1430 4215/4172/1430
f 4215/4172/1430 4214/4171/1430 4216/4173/1431
f 4215/4172/1430 4216/4173/1431 4217/4174/1431
f 4218/4175/1432 4219/4176/1432 4207/4164/1424
f 4218/4175/1432 4207/4164/1424 4206/4163/1424
f 4220/4177/1433 4221/4178/1433 4222/4179/1433
f 4220/4177/1433 4222/4179/1433 4223/4180/1433
f 4224/4181/1378 4225/4182/1378 4226/4183/1378
f 4224/4181/1378 4226/4183/1378 4227/4184/1378
f 4228/4185/132 4229/4186/132 4230/4187/132
f 4228/4185/132 4230/4187/132 4231/4188/132
f 4232/4189/1378 4233/4190/1378 4234/4191/1378
f 4232/4189/1378 4234/4191/1378 4235/4192/1378
f 4236/4193/1433 4237/4194/1433 4238/4195/1433
f 4236/4193/1433 4238/4195/1433 4239/4196/1433
f 4240/4197/1378 4241/4198/1378 4225/4182/1378
f 4240/4197/1378 4225/4182/1378 4224/4181/1378
f 4242/4199/1433 4243/4200/1433 4221/4178/1433
f 4242/4199/1433 4221/4178/1433 4220/4177/1433
f 4223/4180/1433 4222/4179/1433 4237/4194/1433
f 4223/4180/1433 4237/4194/1433 4236/4193/1433
f 4235/4192/1378 4234/4191/1378 4241/4198/1378
f 4235/4192/1378 4241/4198/1378 4240/4197/1378
f 4227/4184/1378 4226/4183/1378 4244/4201/1378
f 4227/4184/1378 4244/4201/1378 4245/4202/1378
f 4239/4196/1433 4238/4195/1433 4246/4203/1433
f 4239/4196/1433 4246/4203/1433 4247/4204/1433
f 4248/4205/1376 4249/4206/1376 4250/4207/1376
f 4248/4205/1376 4250/4207/1376 4251/4208/1376
f 4252/4209/1434 4253/4210/1435 4254/4211/1436
f 4252/4209/1434 4254/4211/1436 4255/4212/1436
f 4256/4213/1437 4257/4214/1437 4258/4215/1438
f 4256/4213/1437 4258/4215/1438 4259/4216/1438
f 4259/4216/1438 4258/4215/1438 4260/4217/1439
f 4259/4216/1438 4260/4217/1439 4261/4218/1439
f 4261/4218/1439 4260/4217/1439 4262/4219/1440
f 4261/4218/1439 4262/4219/1440 4263/4220/1440
f 4264/4221/1441 4265/4222/1442 4253/4210/1435
f 4264/4221/1441 4253/4210/1435 4252/4209/1434
f 4266/4223/85 4267/4224/85 4268/4225/85
f 4266/4223/85 4268/4225/85 4269/4226/85
f 4270/4227/1 4271/4228/1 4272/4229/1
f 4270/4227/1 4272/4229/1 4273/4230/1
f 4274/4231/132 4275/4232/132 4276/4233/132
f 4274/4231/132 4276/4233/132 4277/4234/132
f 4278/4235/1 4279/4236/1 4280/4237/1
f 4278/4235/1 4280/4237/1 4281/4238/1
f 4282/4239/85 4283/4240/85 4284/4241/85
f 4282/4239/85 4284/4241/85 4285/4242/85
f 4286/4243/1 4287/4244/1 4271/4228/1
f 4286/4243/1 4271/4228/1 4270/4227/1
f 4288/4245/85 4289/4246/85 4267/4224/85
f 4288/4245/85 4267/4224/85 4266/4223/85
f 4269/4226/85 4268/4225/85 4283/4240/85
f 4269/4226/85 4283/4240/85 4282/4239/85
f 4281/4238/1 4280/4237/1 4287/4244/1
f 4281/4238/1 4287/4244/1 4286/4243/1
f 4273/4230/1 4272/4229/1 4290/4247/1
f 4273/4230/1 4290/4247/1 4291/4248/1
f 4285/4242/85 4284/4241/85 4292/4249/85
f 4285/4242/85 4292/4249/85 4293/4250/85
f 4294/4251/13 4295/4252/13 4296/4253/13
f 4294/4251/13 4296/4253/13 4297/4254/13
f 4298/4255/1443 4299/4256/1443 4300/4257/1444
f 4298/4255/1443 4300/4257/1444 4301/4258/1444
f 4302/4259/1445 4303/4260/1445 4304/4261/1446
f 4302/4259/1445 4304/4261/1446 4305/4262/1446
f 4305/4262/1446 4304/4261/1446 4306/4263/1447
f 4305/4262/1446 4306/4263/1447 4307/4264/1447
f 4307/4264/1447 4306/4263/1447 4308/4265/1448
f 4307/4264/1447 4308/4265/1448 4309/4266/1448
f 4310/4267/1449 4311/4268/1449 4299/4256/1443
f 4310/4267/1449 4299/4256/1443 4298/4255/1443
f 4312/4269/1450 4313/4270/1450 4314/4271/1450
f 4312/4269/1450 4314/4271/1450 4315/4272/1450
f 4316/4273/1397 4317/4274/1397 4318/4275/1397
f 4316/4273/1397 4318/4275/1397 4319/4276/1397
f 4320/4277/132 4321/4278/132 4322/4279/132
f 4320/4277/132 4322/4279/132 4323/4280/132
f 4324/4281/1397 4325/4282/1397 4326/4283/1397
f 4324/4281/1397 4326/4283/1397 4327/4284/1397
f 4328/4285/1450 4329/4286/1450 4330/4287/1450
f 4328/4285/1450 4330/4287/1450 4331/4288/1450
f 4332/4289/1397 4333/4290/1397 4317/4274/1397
f 4332/4289/1397 4317/4274/1397 4316/4273/1397
f 4334/4291/1450 4335/4292/1450 4313/4270/1450
f 4334/4291/1450 4313/4270/1450 4312/4269/1450
f 4315/4272/1450 4314/4271/1450 4329/4286/1450
f 4315/4272/1450 4329/4286/1450 4328/4285/1450
f 4327/4284/1397 4326/4283/1397 4333/4290/1397
f 4327/4284/1397 4333/4290/1397 4332/4289/1397
f 4319/4276/1397 4318/4275/1397 4336/4293/1397
f 4319/4276/1397 4336/4293/1397 4337/4294/1397
f 4331/4288/1450 4330/4287/1450 4338/4295/1450
f 4331/4288/1450 4338/4295/1450 4339/4296/1450
f 4340/4297/1395 4341/4298/1395 4342/4299/1395
f 4340/4297/1395 4342/4299/1395 4343/4300/1395
f 4344/4301/1451 4345/4302/1451 4346/4303/1452
f 4344/4301/1451 4346/4303/1452 4347/4304/1452
f 4348/4305/1453 4349/4306/1454 4350/4307/1455
f 4348/4305/1453 4350/4307/1455 4351/4308/1455
f 4351/4308/1455 4350/4307/1455 4352/4309/1456
f 4351/4308/1455 4352/4309/1456 4353/4310/1456
f 4353/4310/1456 4352/4309/1456 4354/4311/1457
f 4353/4310/1456 4354/4311/1457 4355/4312/1457
f 4356/4313/1458 4357/4314/1458 4345/4302/1451
f 4356/4313/1458 4345/4302/1451 4344/4301/1451
f 4358/4315/1459 4359/4316/1459 4360/4317/1459
f 4358/4315/1459 4360/4317/1459 4361/4318/1459
f 4362/4319/1407 4363/4320/1407 4364/4321/1407
f 4362/4319/1407 4364/4321/1407 4365/4322/1407
f 4366/4323/132 4367/4324/132 4368/4325/132
f 4366/4323/132 4368/4325/132 4369/4326/132
f 4370/4327/1407 4371/4328/1407 4372/4329/1407
f 4370/4327/1407 4372/4329/1407 4373/4330/1407
f 4374/4331/1459 4375/4332/1459 4376/4333/1459
f 4374/4331/1459 4376/4333/1459 4377/4334/1459
f 4378/4335/1407 4379/4336/1407 4363/4320/1407
f 4378/4335/1407 4363/4320/1407 4362/4319/1407
f 4380/4337/1459 4381/4338/1459 4359/4316/1459
f 4380/4337/1459 4359/4316/1459 4358/4315/1459
f 4361/4318/1459 4360/4317/1459 4375/4332/1459
f 4361/4318/1459 4375/4332/1459 4374/4331/1459
f 4373/4330/1407 4372/4329/1407 4379/4336/1407
f 4373/4330/1407 4379/4336/1407 4378/4335/1407
f 4365/4322/1407 4364/4321/1407 4382/4339/1407
f 4365/4322/1407 4382/4339/1407 4383/4340/1407
f 4377/4334/1459 4376/4333/1459 4384/4341/1459
f 4377/4334/1459 4384/4341/1459 4385/4342/1459
f 4386/4343/1405 4387/4344/1405 4388/4345/1405
f 4386/4343/1405 4388/4345/1405 4389/4346/1405
f 4390/4347/1460 4391/4348/1460 4392/4349/1461
f 4390/4347/1460 4392/4349/1461 4393/4350/1462
f 4394/4351/1463 4395/4352/1464 4396/4353/1465
f 4394/4351/1463 4396/4353/1465 4397/4354/1465
f 4397/4354/1465 4396/4353/1465 4398/4355/1466
f 4397/4354/1465 4398/4355/1466 4399/4356/1466
f 4399/4356/1466 4398/4355/1466 4400/4357/1467
f 4399/4356/1466 4400/4357/1467 4401/4358/1467
f 4402/4359/1468 4403/4360/1468 4391/4348/1460
f 4402/4359/1468 4391/4348/1460 4390/4347/1460
f 4404/4361/32 4405/4362/32 4406/4363/32
f 4404/4361/32 4406/4363/32 4407/4364/32
f 4408/4365/21 4409/4366/21 4410/4367/21
f 4408/4365/21 4410/4367/21 4411/4368/21
f 4412/4369/132 4413/4370/132 4414/4371/132
f 4412/4369/132 4414/4371/132 4415/4372/132
f 4416/4373/21 4417/4374/21 4418/4375/21
f 4416/4373/21 4418/4375/21 4419/4376/21
f 4420/4377/32 4421/4378/32 4422/4379/32
f 4420/4377/32 4422/4379/32 4423/4380/32
f 4424/4381/21 4425/4382/21 4409/4366/21
f 4424/4381/21 4409/4366/21 4408/4365/21
f 4426/4383/32 4427/4384/32 4405/4362/32
f 4426/4383/32 4405/4362/32 4404/4361/32
f 4407/4364/32 4406/4363/32 4421/4378/32
f 4407/4364/32 4421/4378/32 4420/4377/32
f 4419/4376/21 4418/4375/21 4425/4382/21
f 4419/4376/21 4425/4382/21 4424/4381/21
f 4411/4368/21 4410/4367/21 4428/4385/21
f 4411/4368/21 4428/4385/21 4429/4386/21
f 4423/4380/32 4422/4379/32 4430/4387/32
f 4423/4380/32 4430/4387/32 4431/4388/32
f 4432/4389/25 4433/4390/25 4434/4391/25
f 4432/4389/25 4434/4391/25 4435/4392/25
f 4436/4393/1469 4437/4394/1470 4438/4395/1471
f 4436/4393/1469 4438/4395/1471 4439/4396/1471
f 4440/4397/1472 4441/4398/1472 4442/4399/1473
f 4440/4397/1472 4442/4399/1473 4443/4400/1473
f 4443/4400/1473 4442/4399/1473 4444/4401/1474
f 4443/4400/1473 4444/4401/1474 4445/4402/1474
f 4445/4402/1474 4444/4401/1474 4446/4403/1475
f 4445/4402/1474 4446/4403/1475 4447/4404/1475
f 4448/4405/1476 4449/4406/1476 4437/4394/1470
f 4448/4405/1476 4437/4394/1470 4436/4393/1469
f 4450/4407/1363 4451/4408/1363 4452/4409/1363
f 4450/4407/1363 4452/4409/1363 4453/4410/1363
f 4454/4411/1362 4455/4412/1362 4456/4413/1362
f 4454/4411/1362 4456/4413/1362 4457/4414/1362
f 4458/4415/132 4459/4416/132 4460/4417/132
f 4458/4415/132 4460/4417/132 4461/4418/132
f 4462/4419/1362 4463/4420/1362 4464/4421/1362
f 4462/4419/1362 4464/4421/1362 4465/4422/1362
f 4466/4423/1363 4467/4424/1363 4468/4425/1363
f 4466/4423/1363 4468/4425/1363 4469/4426/1363
f 4470/4427/1362 4471/4428/1362 4455/4412/1362
f 4470/4427/1362 4455/4412/1362 4454/4411/1362
f 4472/4429/1363 4473/4430/1363 4451/4408/1363
f 4472/4429/1363 4451/4408/1363 4450/4407/1363
f 4453/4410/1363 4452/4409/1363 4467/4424/1363
f 4453/4410/1363 4467/4424/1363 4466/4423/1363
f 4465/4422/1362 4464/4421/1362 4471/4428/1362
f 4465/4422/1362 4471/4428/1362 4470/4427/1362
f 4457/4414/1362 4456/4413/1362 4474/4431/1362
f 4457/4414/1362 4474/4431/1362 4475/4432/1362
f 4469/4426/1363 4468/4425/1363 4476/4433/1363
f 4469/4426/1363 4476/4433/1363 4477/4434/1363
f 4478/4435/1423 4479/4436/1423 4480/4437/1423
f 4478/4435/1423 4480/4437/1423 4481/4438/1423
f 4482/4439/1477 4483/4440/1477 4484/4441/1478
f 4482/4439/1477 4484/4441/1478 4485/4442/1479
f 4486/4443/1480 4487/4444/1480 4488/4445/1481
f 4486/4443/1480 4488/4445/1481 4489/4446/1481
f 4489/4446/1481 4488/4445/1481 4490/4447/1482
f 4489/4446/1481 4490/4447/1482 4491/4448/1482
f 4491/4448/1482 4490/4447/1482 4492/4449/1483
f 4491/4448/1482 4492/4449/1483 4493/4450/1483
f 4494/4451/1484 4495/4452/1484 4483/4440/1477
f 4494/4451/1484 4483/4440/1477 4482/4439/1477
f 4496/4453/1377 4497/4454/1377 4498/4455/1377
f 4496/4453/1377 4498/4455/1377 4499/4456/1377
f 4500/4457/1376 4501/4458/1376 4502/4459/1376
f 4500/4457/1376 4502/4459/1376 4503/4460/1376
f 4504/4461/132 4505/4462/132 4506/4463/132
f 4504/4461/132 4506/4463/132 4507/4464/132
f 4508/4465/1376 4509/4466/1376 4510/4467/1376
f 4508/4465/1376 4510/4467/1376 4511/4468/1376
f 4512/4469/1377 4513/4470/1377 4514/4471/1377
f 4512/4469/1377 4514/4471/1377 4515/4472/1377
f 4516/4473/1376 4517/4474/1376 4501/4458/1376
f 4516/4473/1376 4501/4458/1376 4500/4457/1376
f 4518/4475/1377 4519/4476/1377 4497/4454/1377
f 4518/4475/1377 4497/4454/1377 4496/4453/1377
f 4499/4456/1377 4498/4455/1377 4513/4470/1377
f 4499/4456/1377 4513/4470/1377 4512/4469/1377
f 4511/4468/1376 4510/4467/1376 4517/4474/1376
f 4511/4468/1376 4517/4474/1376 4516/4473/1376
f 4503/4460/1376 4502/4459/1376 4520/4477/1376
f 4503/4460/1376 4520/4477/1376 4521/4478/1376
f 4515/4472/1377 4514/4471/1377 4522/4479/1377
f 4515/4472/1377 4522/4479/1377 4523/4480/1377
f 4524/4481/1433 4525/4482/1433 4526/4483/1433
f 4524/4481/1433 4526/4483/1433 4527/4484/1433
f 4528/4485/1485 4529/4486/1486 4530/4487/1487
f 4528/4485/1485 4530/4487/1487 4531/4488/1488
f 4532/4489/1489 4533/4490/1489 4534/4491/1490
f 4532/4489/1489 4534/4491/1490 4535/4492/1491
f 4536/4493/1492 4537/4494/1492 4538/4495/1493
f 4536/4493/1492 4538/4495/1493 4539/4496/1493
f 4539/4496/1493 4538/4495/1493 4540/4497/1494
f 4539/4496/1493 4540/4497/1494 4541/4498/1494
f 4542/4499/1495 4543/4500/1495 4529/4486/1486
f 4542/4499/1495 4529/4486/1486 4528/4485/1485
f 4544/4501/48 4545/4502/48 4546/4503/48
f 4544/4501/48 4546/4503/48 4547/4504/48
f 4548/4505/13 4549/4506/13 4550/4507/13
f 4548/4505/13 4550/4507/13 4551/4508/13
f 4552/4509/132 4553/4510/132 4554/4511/132
f 4552/4509/132 4554/4511/132 4555/4512/132
f 4556/4513/13 4557/4514/13 4558/4515/13
f 4556/4513/13 4558/4515/13 4559/4516/13
f 4560/4517/48 4561/4518/48 4562/4519/48
f 4560/4517/48 4562/4519/48 4563/4520/48
f 4564/4521/13 4565/4522/13 4549/4506/13
f 4564/4521/13 4549/4506/13 4548/4505/13
f 4566/4523/48 4567/4524/48 4545/4502/48
f 4566/4523/48 4545/4502/48 4544/4501/48
f 4547/4504/48 4546/4503/48 4561/4518/48
f 4547/4504/48 4561/4518/48 4560/4517/48
f 4559/4516/13 4558/4515/13 4565/4522/13
f 4559/4516/13 4565/4522/13 4564/4521/13
f 4551/4508/13 4550/4507/13 4568/4525/13
f 4551/4508/13 4568/4525/13 4569/4526/13
f 4563/4520/48 4562/4519/48 4570/4527/48
f 4563/4520/48 4570/4527/48 4571/4528/48
f 4572/4529/85 4573/4530/85 4574/4531/85
f 4572/4529/85 4574/4531/85 4575/4532/85
f 4576/4533/1496 4577/4534/1496 4578/4535/1497
f 4576/4533/1496 4578/4535/1497 4579/4536/1498
f 4580/4537/1499 4581/4538/1499 4582/4539/1500
f 4580/4537/1499 4582/4539/1500 4583/4540/1500
f 4583/4540/1500 4582/4539/1500 4584/4541/1501
f 4583/4540/1500 4584/4541/1501 4585/4542/1501
f 4585/4542/1501 4584/4541/1501 4586/4543/1502
f 4585/4542/1501 4586/4543/1502 4587/4544/1502
f 4588/4545/1503 4589/4546/1503 4577/4534/1496
f 4588/4545/1503 4577/4534/1496 4576/4533/1496
f 4590/4547/1396 4591/4548/1396 4592/4549/1396
f 4590/4547/1396 4592/4549/1396 4593/4550/1396
f 4594/4551/1395 4595/4552/1395 4596/4553/1395
f 4594/4551/1395 4596/4553/1395 4597/4554/1395
f 4598/4555/132 4599/4556/132 4600/4557/132
f 4598/4555/132 4600/4557/132 4601/4558/132
f 4602/4559/1395 4603/4560/1395 4604/4561/1395
f 4602/4559/1395 4604/4561/1395 4605/4562/1395
f 4606/4563/1396 4607/4564/1396 4608/4565/1396
f 4606/4563/1396 4608/4565/1396 4609/4566/1396
f 4610/4567/1395 4611/4568/1395 4595/4552/1395
f 4610/4567/1395 4595/4552/1395 4594/4551/1395
f 4612/4569/1396 4613/4570/1396 4591/4548/1396
f 4612/4569/1396 4591/4548/1396 4590/4547/1396
f 4593/4550/1396 4592/4549/1396 4607/4564/1396
f 4593/4550/1396 4607/4564/1396 4606/4563/1396
f 4605/4562/1395 4604/4561/1395 4611/4568/1395
f 4605/4562/1395 4611/4568/1395 4610/4567/1395
f 4597/4554/1395 4596/4553/1395 4614/4571/1395
f 4597/4554/1395 4614/4571/1395 4615/4572/1395
f 4609/4566/1396 4608/4565/1396 4616/4573/1396
f 4609/4566/1396 4616/4573/1396 4617/4574/1396
f 4618/4575/1450 4619/4576/1450 4620/4577/1450
f 4618/4575/1450 4620/4577/1450 4621/4578/1450
f 4622/4579/1504 4623/4580/1504 4624/4581/1505
f 4622/4579/1504 4624/4581/1505 4625/4582/1506
f 4626/4583/1506 4627/4584/1506 4628/4585/1507
f 4626/4583/1506 4628/4585/1507 4629/4586/1507
f 4629/4586/1507 4628/4585/1507 4630/4587/1508
f 4629/4586/1507 4630/4587/1508 4631/4588/1508
f 4631/4588/1508 4630/4587/1508 4632/4589/1509
f 4631/4588/1508 4632/4589/1509 4633/4590/1509
f 4634/4591/1510 4635/4592/1510 4623/4580/1504
f 4634/4591/1510 4623/4580/1504 4622/4579/1504
f 4636/4593/1406 4637/4594/1406 4638/4595/1406
f 4636/4593/1406 4638/4595/1406 4639/4596/1406
f 4640/4597/1405 4641/4598/1405 4642/4599/1405
f 4640/4597/1405 4642/4599/1405 4643/4600/1405
f 4644/4601/132 4645/4602/132 4646/4603/132
f 4644/4601/132 4646/4603/132 4647/4604/132
f 4648/4605/1405 4649/4606/1405 4650/4607/1405
f 4648/4605/1405 4650/4607/1405 4651/4608/1405
f 4652/4609/1406 4653/4610/1406 4654/4611/1406
f 4652/4609/1406 4654/4611/1406 4655/4612/1406
f 4656/4613/1405 4657/4614/1405 4641/4598/1405
f 4656/4613/1405 4641/4598/1405 4640/4597/1405
f 4658/4615/1406 4659/4616/1406 4637/4594/1406
f 4658/4615/1406 4637/4594/1406 4636/4593/1406
f 4639/4596/1406 4638/4595/1406 4653/4610/1406
f 4639/4596/1406 4653/4610/1406 4652/4609/1406
f 4651/4608/1405 4650/4607/1405 4657/4614/1405
f 4651/4608/1405 4657/4614/1405 4656/4613/1405
f 4643/4600/1405 4642/4599/1405 4660/4617/1405
f 4643/4600/1405 4660/4617/1405 4661/4618/1405
f 4655/4612/1406 4654/4611/1406 4662/4619/1406
f 4655/4612/1406 4662/4619/1406 4663/4620/1406
f 4664/4621/1459 4665/4622/1459 4666/4623/1459
f 4664/4621/1459 4666/4623/1459 4667/4624/1459
f 4668/4625/1511 4669/4626/1511 4670/4627/1512
f 4668/4625/1511 4670/4627/1512 4671/4628/1512
f 4672/4629/1513 4673/4630/1513 4674/4631/1514
f 4672/4629/1513 4674/4631/1514 4675/4632/1514
f 4675/4632/1514 4674/4631/1514 4676/4633/1515
f 4675/4632/1514 4676/4633/1515 4677/4634/1515
f 4677/4634/1515 4676/4633/1515 4678/4635/1516
f 4677/4634/1515 4678/4635/1516 4679/4636/1516
f 4680/4637/1517 4681/4638/1517 4669/4626/1511
f 4680/4637/1517 4669/4626/1511 4668/4625/1511
f 4682/4639/83 4683/4640/83 4684/4641/83
f 4682/4639/83 4684/4641/83 4685/4642/83
f 4686/4643/25 4687/4644/25 4688/4645/25
f 4686/4643/25 4688/4645/25 4689/4646/25
f 4690/4647/132 4691/4648/132 4692/4649/132
f 4690/4647/132 4692/4649/132 4693/4650/132
f 4694/4651/25 4695/4652/25 4696/4653/25
f 4694/4651/25 4696/4653/25 4697/4654/25
f 4698/4655/83 4699/4656/83 4700/4657/83
f 4698/4655/83 4700/4657/83 4701/4658/83
f 4702/4659/25 4703/4660/25 4687/4644/25
f 4702/4659/25 4687/4644/25 4686/4643/25
f 4704/4661/83 4705/4662/83 4683/4640/83
f 4704/4661/83 4683/4640/83 4682/4639/83
f 4685/4642/83 4684/4641/83 4699/4656/83
f 4685/4642/83 4699/4656/83 4698/4655/83
f 4697/4654/25 4696/4653/25 4703/4660/25
f 4697/4654/25 4703/4660/25 4702/4659/25
f 4689/4646/25 4688/4645/25 4706/4663/25
f 4689/4646/25 4706/4663/25 4707/4664/25
f 4701/4658/83 4700/4657/83 4708/4665/83
f 4701/4658/83 4708/4665/83 4709/4666/83
f 4710/4667/32 4711/4668/32 4712/4669/32
f 4710/4667/32 4712/4669/32 4713/4670/32
f 4714/4671/1518 4715/4672/1519 4716/4673/1520
f 4714/4671/1518 4716/4673/1520 4717/4674/1520
f 4718/4675/1521 4719/4676/1522 4720/4677/1523
f 4718/4675/1521 4720/4677/1523 4721/4678/1523
f 4721/4678/1523 4720/4677/1523 4722/4679/1524
f 4721/4678/1523 4722/4679/1524 4723/4680/1524
f 4723/4680/1524 4722/4679/1524 4724/4681/1525
f 4723/4680/1524 4724/4681/1525 4725/4682/1525
f 4726/4683/1526 4727/4684/1526 4715/4672/1519
f 4726/4683/1526 4715/4672/1519 4714/4671/1518
f 4728/4685/1364 4729/4686/1364 4730/4687/1364
f 4728/4685/1364 4730/4687/1364 4731/4688/1364
f 4732/4689/1423 4733/4690/1423 4734/4691/1423
f 4732/4689/1423 4734/4691/1423 4735/4692/1423
f 4736/4693/132 4737/4694/132 4738/4695/132
f 4736/4693/132 4738/4695/132 4739/4696/132
f 4740/4697/1423 4741/4698/1423 4742/4699/1423
f 4740/4697/1423 4742/4699/1423 4743/4700/1423
f 4744/4701/1364 4745/4702/1364 4746/4703/1364
f 4744/4701/1364 4746/4703/1364 4747/4704/1364
f 4748/4705/1423 4749/4706/1423 4733/4690/1423
f 4748/4705/1423 4733/4690/1423 4732/4689/1423
f 4750/4707/1364 4751/4708/1364 4729/4686/1364
f 4750/4707/1364 4729/4686/1364 4728/4685/1364
f 4731/4688/1364 4730/4687/1364 4745/4702/1364
f 4731/4688/1364 4745/4702/1364 4744/4701/1364
f 4743/4700/1423 4742/4699/1423 4749/4706/1423
f 4743/4700/1423 4749/4706/1423 4748/4705/1423
f 4735/4692/1423 4734/4691/1423 4752/4709/1423
f 4735/4692/1423 4752/4709/1423 4753/4710/1423
f 4747/4704/1364 4746/4703/1364 4754/4711/1364
f 4747/4704/1364 4754/4711/1364 4755/4712/1364
f 4756/4713/1363 4757/4714/1363 4758/4715/1363
f 4756/4713/1363 4758/4715/1363 4759/4716/1363
f 4760/4717/1527 4761/4718/1528 4762/4719/1529
f 4760/4717/1527 4762/4719/1529 4763/4720/1529
f 4764/4721/1530 4765/4722/1530 4766/4723/1531
f 4764/4721/1530 4766/4723/1531 4767/4724/1531
f 4767/4724/1531 4766/4723/1531 4768/4725/1532
f 4767/4724/1531 4768/4725/1532 4769/4726/1532
f 4769/4726/1532 4768/4725/1532 4770/4727/1533
f 4769/4726/1532 4770/4727/1533 4771/4728/1533
f 4772/4729/1534 4773/4730/1534 4761/4718/1528
f 4772/4729/1534 4761/4718/1528 4760/4717/1527
f 4774/4731/1378 4775/4732/1378 4776/4733/1378
f 4774/4731/1378 4776/4733/1378 4777/4734/1378
f 4778/4735/1433 4779/4736/1433 4780/4737/1433
f 4778/4735/1433 4780/4737/1433 4781/4738/1433
f 4782/4739/132 4783/4740/132 4784/4741/132
f 4782/4739/132 4784/4741/132 4785/4742/132
f 4786/4743/1433 4787/4744/1433 4788/4745/1433
f 4786/4743/1433 4788/4745/1433 4789/4746/1433
f 4790/4747/1378 4791/4748/1378 4792/4749/1378
f 4790/4747/1378 4792/4749/1378 4793/4750/1378
f 4794/4751/1433 4795/4752/1433 4779/4736/1433
f 4794/4751/1433 4779/4736/1433 4778/4735/1433
f 4796/4753/1378 4797/4754/1378 4775/4732/1378
f 4796/4753/1378 4775/4732/1378 4774/4731/1378
f 4777/4734/1378 4776/4733/1378 4791/4748/1378
f 4777/4734/1378 4791/4748/1378 4790/4747/1378
f 4789/4746/1433 4788/4745/1433 4795/4752/1433
f 4789/4746/1433 4795/4752/1433 4794/4751/1433
f 4781/4738/1433 4780/4737/1433 4798/4755/1433
f 4781/4738/1433 4798/4755/1433 4799/4756/1433
f 4793/4750/1378 4792/4749/1378 4800/4757/1378
f 4793/4750/1378 4800/4757/1378 4801/4758/1378
f 4802/4759/1377 4803/4760/1377 4804/4761/1377
f 4802/4759/1377 4804/4761/1377 4805/4762/1377
f 4806/4763/1535 4807/4764/1535 4808/4765/1536
f 4806/4763/1535 4808/4765/1536 4809/4766/1536
f 4810/4767/1537 4811/4768/1537 4812/4769/1538
f 4810/4767/1537 4812/4769/1538 4813/4770/1538
f 4813/4770/1538 4812/4769/1538 4814/4771/1539
f 4813/4770/1538 4814/4771/1539 4815/4772/1539
f 4816/4773/1539 4817/4774/1539 4818/4775/1540
f 4816/4773/1539 4818/4775/1540 4819/4776/1541
f 4820/4777/1542 4821/4778/1543 4807/4764/1535
f 4820/4777/1542 4807/4764/1535 4806/4763/1535
f 4822/4779/1 4823/4780/1 4824/4781/1
f 4822/4779/1 4824/4781/1 4825/4782/1
f 4826/4783/85 4827/4784/85 4828/4785/85
f 4826/4783/85 4828/4785/85 4829/4786/85
f 4830/4787/132 4831/4788/132 4832/4789/132
f 4830/4787/132 4832/4789/132 4833/4790/132
f 4834/4791/85 4835/4792/85 4836/4793/85
f 4834/4791/85 4836/4793/85 4837/4794/85
f 4838/4795/1 4839/4796/1 4840/4797/1
f 4838/4795/1 4840/4797/1 4841/4798/1
f 4842/4799/85 4843/4800/85 4827/4784/85
f 4842/4799/85 4827/4784/85 4826/4783/85
f 4844/4801/1 4845/4802/1 4823/4780/1
f 4844/4801/1 4823/4780/1 4822/4779/1
f 4825/4782/1 4824/4781/1 4839/4796/1
f 4825/4782/1 4839/4796/1 4838/4795/1
f 4837/4794/85 4836/4793/85 4843/4800/85
f 4837/4794/85 4843/4800/85 4842/4799/85
f 4829/4786/85 4828/4785/85 4846/4803/85
f 4829/4786/85 4846/4803/85 4847/4804/85
f 4841/4798/1 4840/4797/1 4848/4805/1
f 4841/4798/1 4848/4805/1 4849/4806/1
f 4850/4807/48 4851/4808/48 4852/4809/48
f 4850/4807/48 4852/4809/48 4853/4810/48
f 4854/4811/1544 4855/4812/1545 4856/4813/1546
f 4854/4811/1544 4856/4813/1546 4857/4814/1546
f 4858/4815/1547 4859/4816/1547 4860/4817/1548
f 4858/4815/1547 4860/4817/1548 4861/4818/1548
f 4861/4818/1548 4860/4817/1548 4862/4819/1549
f 4861/4818/1548 4862/4819/1549 4863/4820/1549
f 4863/4820/1549 4862/4819/1549 4864/4821/1550
f 4863/4820/1549 4864/4821/1550 4865/4822/1550
f 4866/4823/1551 4867/4824/1552 4855/4812/1545
f 4866/4823/1551 4855/4812/1545 4854/4811/1544
f 4868/4825/1397 4869/4826/1397 4870/4827/1397
f 4868/4825/1397 4870/4827/1397 4871/4828/1397
f 4872/4829/1450 4873/4830/1450 4874/4831/1450
f 4872/4829/1450 4874/4831/1450 4875/4832/1450
f 4876/4833/132 4877/4834/132 4878/4835/132
f 4876/4833/132 4878/4835/132 4879/4836/132
f 4880/4837/1450 4881/4838/1450 4882/4839/1450
f 4880/4837/1450 4882/4839/1450 4883/4840/1450
f 4884/4841/1397 4885/4842/1397 4886/4843/1397
f 4884/4841/1397 4886/4843/1397 4887/4844/1397
f 4888/4845/1450 4889/4846/1450 4873/4830/1450
f 4888/4845/1450 4873/4830/1450 4872/4829/1450
f 4890/4847/1397 4891/4848/1397 4869/4826/1397
f 4890/4847/1397 4869/4826/1397 4868/4825/1397
f 4871/4828/1397 4870/4827/1397 4885/4842/1397
f 4871/4828/1397 4885/4842/1397 4884/4841/1397
f 4883/4840/1450 4882/4839/1450 4889/4846/1450
f 4883/4840/1450 4889/4846/1450 4888/4845/1450
f 4875/4832/1450 4874/4831/1450 4892/4849/1450
f 4875/4832/1450 4892/4849/1450 4893/4850/1450
f 4887/4844/1397 4886/4843/1397 4894/4851/1397
f 4887/4844/1397 4894/4851/1397 4895/4852/1397
f 4896/4853/1396 4897/4854/1396 4898/4855/1396
f 4896/4853/1396 4898/4855/1396 4899/4856/1396
f 4900/4857/1553 4901/4858/1554 4902/4859/1555
f 4900/4857/1553 4902/4859/1555 4903/4860/1555
f 4904/4861/1556 4905/4862/1556 4906/4863/1557
f 4904/4861/1556 4906/4863/1557 4907/4864/1557
f 4907/4864/1557 4906/4863/1557 4908/4865/1558
f 4907/4864/1557 4908/4865/1558 4909/4866/1558
f 4909/4866/1558 4908/4865/1558 4910/4867/1559
f 4909/4866/1558 4910/4867/1559 4911/4868/1559
f 4912/4869/1560 4913/4870/1561 4901/4858/1554
f 4912/4869/1560 4901/4858/1554 4900/4857/1553
f 4914/4871/1407 4915/4872/1407 4916/4873/1407
f 4914/4871/1407 4916/4873/1407 4917/4874/1407
f 4918/4875/1459 4919/4876/1459 4920/4877/1459
f 4918/4875/1459 4920/4877/1459 4921/4878/1459
f 4922/4879/132 4923/4880/132 4924/4881/132
f 4922/4879/132 4924/4881/132 4925/4882/132
f 4926/4883/1459 4927/4884/1459 4928/4885/1459
f 4926/4883/1459 4928/4885/1459 4929/4886/1459
f 4930/4887/1407 4931/4888/1407 4932/4889/1407
f 4930/4887/1407 4932/4889/1407 4933/4890/1407
f 4934/4891/1459 4935/4892/1459 4919/4876/1459
f 4934/4891/1459 4919/4876/1459 4918/4875/1459
f 4936/4893/1407 4937/4894/1407 4915/4872/1407
f 4936/4893/1407 4915/4872/1407 4914/4871/1407
f 4917/4874/1407 4916/4873/1407 4931/4888/1407
f 4917/4874/1407 4931/4888/1407 4930/4887/1407
f 4929/4886/1459 4928/4885/1459 4935/4892/1459
f 4929/4886/1459 4935/4892/1459 4934/4891/1459
f 4921/4878/1459 4920/4877/1459 4938/4895/1459
f 4921/4878/1459 4938/4895/1459 4939/4896/1459
f 4933/4890/1407 4932/4889/1407 4940/4897/1407
f 4933/4890/1407 4940/4897/1407 4941/4898/1407
f 4942/4899/1406 4943/4900/1406 4944/4901/1406
f 4942/4899/1406 4944/4901/1406 4945/4902/1406
f 4946/4903/1562 4947/4904/1563 4948/4905/1563
f 4946/4903/1562 4948/4905/1563 4949/4906/1562
f 4950/4907/1564 4951/4908/1565 4952/4909/1565
f 4950/4907/1564 4952/4909/1565 4953/4910/1564
f 4954/4911/1566 4946/4903/1562 4949/4906/1562
f 4954/4911/1566 4949/4906/1562 4955/4912/1566
f 4956/4913/1567 4957/4914/1568 4958/4915/1568
f 4956/4913/1567 4958/4915/1568 4959/4916/1567
f 4960/4917/1569 4961/4918/1569 4962/4919/1570
f 4960/4917/1569 4962/4919/1570 4963/4920/1570
f 4964/4921/1571 4954/4911/1566 4955/4912/1566
f 4964/4921/1571 4955/4912/1566 4965/4922/1571
f 4966/4923/1572 4956/4913/1567 4959/4916/1567
f 4966/4923/1572 4959/4916/1567 4967/4924/1572
f 4968/4925/1573 4969/4926/1573 4961/4918/1569
f 4968/4925/1573 4961/4918/1569 4960/4917/1569
f 4970/4927/1574 4964/4921/1571 4965/4922/1571
f 4970/4927/1574 4965/4922/1571 4971/4928/1574
f 4972/4929/1575 4966/4923/1572 4967/4924/1572
f 4972/4929/1575 4967/4924/1572 4973/4930/1575
f 4974/4931/1576 4975/4932/1577 4976/4933/1577
f 4974/4931/1576 4976/4933/1577 4977/4934/1576
f 4978/4935/1578 4970/4927/1574 4971/4928/1574
f 4978/4935/1578 4971/4928/1574 4979/4936/1578
f 4980/4937/1579 4972/4929/1575 4973/4930/1575
f 4980/4937/1579 4973/4930/1575 4981/4938/1579
f 4982/4939/1580 4983/4940/1580 4969/4926/1573
f 4982/4939/1580 4969/4926/1573 4968/4925/1573
f 4984/4941/1581 4978/4935/1578 4979/4936/1578
f 4984/4941/1581 4979/4936/1578 4985/4942/1581
f 4986/4943/1582 4980/4937/1579 4981/4938/1579
f 4986/4943/1582 4981/4938/1579 4987/4944/1582
f 4988/4945/1583 4989/4946/1583 4990/4947/1584
f 4988/4945/1583 4990/4947/1584 4991/4948/1584
f 4957/4914/1568 4984/4941/1581 4985/4942/1581
f 4957/4914/1568 4985/4942/1581 4958/4915/1568
f 4992/4949/1585 4986/4943/1582 4987/4944/1582
f 4992/4949/1585 4987/4944/1582 4993/4950/1585
f 4994/4951/1586 4995/4952/1586 4989/4946/1583
f 4994/4951/1586 4989/4946/1583 4988/4945/1583
f 4996/4953/1587 4992/4949/1585 4993/4950/1585
f 4996/4953/1587 4993/4950/1585 4997/4954/1587
f 4998/4955/1588 4999/4956/1589 5000/4957/1589
f 4998/4955/1588 5000/4957/1589 5001/4958/1588
f 5002/4959/1590 4996/4953/1587 4997/4954/1587
f 5002/4959/1590 4997/4954/1587 5003/4960/1590
f 5004/4961/1591 5005/4962/1591 4995/4952/1586
f 5004/4961/1591 4995/4952/1586 4994/4951/1586
f 5006/4963/1592 5002/4959/1590 5003/4960/1590
f 5006/4963/1592 5003/4960/1590 5007/4964/1592
f 5008/4965/1593 5009/4966/1593 5010/4967/1594
f 5008/4965/1593 5010/4967/1594 5011/4968/1594
f 5012/4969/1595 5006/4963/1592 5007/4964/1592
f 5012/4969/1595 5007/4964/1592 5013/4970/1595
f 5014/4971/1596 5015/4972/1596 5009/4966/1593
f 5014/4971/1596 5009/4966/1593 5008/4965/1593
f 5016/4973/1597 5012/4969/1595 5013/4970/1595
f 5016/4973/1597 5013/4970/1595 5017/4974/1597
f 5018/4975/1598 5019/4976/1599 5020/4977/1600
f 5018/4975/1598 5020/4977/1600 5021/4978/1601
f 5022/4979/1602 5016/4973/1597 5017/4974/1597
f 5022/4979/1602 5017/4974/1597 5023/4980/1602
f 5024/4981/1603 5025/4982/1603 5015/4972/1596
f 5024/4981/1603 5015/4972/1596 5014/4971/1596
f 5026/4983/1604 5027/4984/1605 5028/4985/1605
f 5026/4983/1604 5028/4985/1605 5029/4986/1604
f 5027/4984/1605 5030/4987/1606 5031/4988/1606
f 5027/4984/1605 5031/4988/1606 5028/4985/1605
f 5030/4987/1606 5032/4989/1607 5033/4990/1607
f 5030/4987/1606 5033/4990/1607 5031/4988/1606
f 5032/4989/1607 5034/4991/1608 5035/4992/1608
f 5032/4989/1607 5035/4992/1608 5033/4990/1607
f 5036/4993/1609 5037/4994/1610 5038/4995/1610
f 5036/4993/1609 5038/4995/1610 5039/4996/1609
f 5040/4997/1611 5041/4998/1611 5019/4976/1599
f 5040/4997/1611 5019/4976/1599 5018/4975/1598
f 5037/4994/1610 5042/4999/1612 5043/5000/1612
f 5037/4994/1610 5043/5000/1612 5038/4995/1610
f 4999/4956/1589 5044/5001/1613 5045/5002/1613
f 4999/4956/1589 5045/5002/1613 5000/4957/1589
f 5046/5003/1614 5047/5004/1614 5025/4982/1603
f 5046/5003/1614 5025/4982/1603 5024/4981/1603
f 5020/4977/1600 5048/5005/1615 5049/5006/1615
f 5020/4977/1600 5049/5006/1615 5050/5007/1616
f 5042/4999/1612 4998/4955/1588 5001/4958/1588
f 5042/4999/1612 5001/4958/1588 5043/5000/1612
f 4975/4932/1577 5051/5008/1617 5052/5009/1617
f 4975/4932/1577 5052/5009/1617 4976/4933/1577
f 5011/4968/1594 5010/4967/1594 5005/4962/1591
f 5011/4968/1594 5005/4962/1591 5004/4961/1591
f 5044/5001/1613 5053/5010/1618 5054/5011/1618
f 5044/5001/1613 5054/5011/1618 5045/5002/1613
f 5053/5010/1618 4974/4931/1576 4977/4934/1576
f 5053/5010/1618 4977/4934/1576 5054/5011/1618
f 4951/4908/1565 5055/5012/1619 5056/5013/1619
f 4951/4908/1565 5056/5013/1619 4952/4909/1565
f 5057/5014/1584 5058/5015/1584 4983/4940/1580
f 5057/5014/1584 4983/4940/1580 4982/4939/1580
f 5051/5008/1617 5059/5016/1620 5060/5017/1620
f 5051/5008/1617 5060/5017/1620 5052/5009/1617
f 5059/5016/1620 4950/4907/1564 4953/4910/1564
f 5059/5016/1620 4953/4910/1564 5060/5017/1620
f 5061/5018/1621 5062/5019/1622 5063/5020/1622
f 5061/5018/1621 5063/5020/1622 5064/5021/1621
f 4963/4920/1570 4962/4919/1570 5065/5022/1623
f 4963/4920/1570 5065/5022/1623 5066/5023/1623
f 5062/5019/1622 5067/5024/1624 5068/5025/1624
f 5062/5019/1622 5068/5025/1624 5063/5020/1622
f 5069/5026/1625 5070/5027/1626 5071/5028/1626
f 5069/5026/1625 5071/5028/1626 5072/5029/1625
f 5073/5030/1627 5074/5031/1627 5075/5032/1628
f 5073/5030/1627 5075/5032/1628 5076/5033/1628
f 5077/5034/1629 5078/5035/1630 5079/5036/1630
f 5077/5034/1629 5079/5036/1630 5080/5037/1629
f 5081/5038/1631 5082/5039/1631 5083/5040/1632
f 5081/5038/1631 5083/5040/1632 5084/5041/1632
f 5085/5042/1633 5086/5043/1634 5087/5044/1634
f 5085/5042/1633 5087/5044/1634 5088/5045/1633
f 5089/5046/1635 5090/5047/1635 5091/5048/1636
f 5089/5046/1635 5091/5048/1636 5092/5049/1636
f 5093/5050/1637 5094/5051/1638 5095/5052/1638
f 5093/5050/1637 5095/5052/1638 5096/5053/1637
f 5097/5054/1639 5098/5055/1639 5099/5056/1640
f 5097/5054/1639 5099/5056/1640 5100/5057/1640
f 5094/5051/1638 5026/4983/1604 5029/4986/1604
f 5094/5051/1638 5029/4986/1604 5095/5052/1638
f 5101/5058/1309 5102/5059/1309 5103/5060/1343
f 5101/5058/1309 5103/5060/1343 5104/5061/1343
f 5104/5061/1343 5103/5060/1343 5105/5062/1342
f 5104/5061/1343 5105/5062/1342 5106/5063/1342
f 5106/5063/1342 5105/5062/1342 5107/5064/1340
f 5106/5063/1342 5107/5064/1340 5108/5065/1340
f 5108/5065/1340 5107/5064/1340 5109/5066/1341
f 5108/5065/1340 5109/5066/1341 5110/5067/1341
f 5111/5068/1339 5112/5069/1339 5113/5070/1338
f 5111/5068/1339 5113/5070/1338 5114/5071/1338
f 5114/5071/1338 5113/5070/1338 5115/5072/1337
f 5114/5071/1338 5115/5072/1337 5116/5073/1337
f 5116/5073/1337 5115/5072/1337 5117/5074/1336
f 5116/5073/1337 5117/5074/1336 5118/5075/1336
f 5118/5075/1336 5117/5074/1336 5119/5076/1335
f 5118/5075/1336 5119/5076/1335 5120/5077/1335
f 5120/5077/1335 5119/5076/1335 5121/5078/1334
f 5120/5077/1335 5121/5078/1334 5122/5079/1334
f 5122/5079/1334 5121/5078/1334 5123/5080/1333
f 5122/5079/1334 5123/5080/1333 5124/5081/1333
f 5124/5081/1333 5123/5080/1333 5125/5082/1331
f 5124/5081/1333 5125/5082/1331 5126/5083/1331
f 5126/5083/1331 5125/5082/1331 5127/5084/1332
f 5126/5083/1331 5127/5084/1332 5128/5085/1332
f 5129/5086/1330 5130/5087/1330 5131/5088/1329
f 5129/5086/1330 5131/5088/1329 5132/5089/1329
f 5132/5089/1329 5131/5088/1329 5133/5090/1328
f 5132/5089/1329 5133/5090/1328 5134/5091/1328
f 5134/5091/1328 5133/5090/1328 5135/5092/1327
f 5134/5091/1328 5135/5092/1327 5136/5093/1327
f 5136/5093/1327 5135/5092/1327 5137/5094/1326
f 5136/5093/1327 5137/5094/1326 5138/5095/1326
f 5138/5095/1326 5137/5094/1326 5139/5096/1325
f 5138/5095/1326 5139/5096/1325 5140/5097/1325
f 5140/5097/1325 5139/5096/1325 5141/5098/1324
f 5140/5097/1325 5141/5098/1324 5142/5099/1324
f 5142/5099/1324 5141/5098/1324 5143/5100/1322
f 5142/5099/1324 5143/5100/1322 5144/5101/1322
f 5144/5101/1322 5143/5100/1322 5145/5102/1323
f 5144/5101/1322 5145/5102/1323 5146/5103/1641
f 5147/5104/1321 5148/5105/1321 5149/5106/1320
f 5147/5104/1321 5149/5106/1320 5150/5107/1320
f 5150/5107/1320 5149/5106/1320 5151/5108/1319
f 5150/5107/1320 5151/5108/1319 5152/5109/1319
f 5152/5109/1319 5151/5108/1319 5153/5110/1318
f 5152/5109/1319 5153/5110/1318 5154/5111/1318
f 5154/5111/1318 5153/5110/1318 5155/5112/1317
f 5154/5111/1318 5155/5112/1317 5156/5113/1317
f 5156/5113/1317 5155/5112/1317 5157/5114/1316
f 5156/5113/1317 5157/5114/1316 5158/5115/1316
f 5158/5115/1316 5157/5114/1316 5159/5116/1315
f 5158/5115/1316 5159/5116/1315 5160/5117/1315
f 5160/5117/1315 5159/5116/1315 5161/5118/1313
f 5160/5117/1315 5161/5118/1313 5162/5119/1313
f 5162/5119/1313 5161/5118/1313 5163/5120/1314
f 5162/5119/1313 5163/5120/1314 5164/5121/1314
f 5165/5122/1312 5166/5123/1312 5167/5124/1311
f 5165/5122/1312 5167/5124/1311 5168/5125/1311
f 5168/5125/1311 5167/5124/1311 5169/5126/1310
f 5168/5125/1311 5169/5126/1310 5170/5127/1310
f 5170/5127/1310 5169/5126/1310 5171/5128/1308
f 5170/5127/1310 5171/5128/1308 5172/5129/1308
f 5172/5129/1308 5171/5128/1308 5102/5059/1309
f 5172/5129/1308 5102/5059/1309 5101/5058/1309
f 5173/5130/1642 5061/5018/1621 5064/5021/1621
f 5173/5130/1642 5064/5021/1621 5174/5131/1642
f 4947/4904/1563 5175/5132/1643 5176/5133/1643
f 4947/4904/1563 5176/5133/1643 4948/4905/1563
f 5055/5012/1619 5177/5134/1644 5178/5135/1644
f 5055/5012/1619 5178/5135/1644 5056/5013/1619
f 5175/5132/1643 5179/5136/1645 5180/5137/1645
f 5175/5132/1643 5180/5137/1645 5176/5133/1643
f 5066/5023/1623 5065/5022/1623 5181/5138/1646
f 5066/5023/1623 5181/5138/1646 5182/5139/1646
f 5179/5136/1645 5183/5140/1647 5184/5141/1647
f 5179/5136/1645 5184/5141/1647 5180/5137/1645
f 5067/5024/1624 5069/5026/1625 5072/5029/1625
f 5067/5024/1624 5072/5029/1625 5068/5025/1624
f 5183/5140/1647 5185/5142/1648 5186/5143/1648
f 5183/5140/1647 5186/5143/1648 5184/5141/1647
f 5187/5144/1649 5188/5145/1649 5082/5039/1631
f 5187/5144/1649 5082/5039/1631 5081/5038/1631
f 5185/5142/1648 5189/5146/1650 5190/5147/1650
f 5185/5142/1648 5190/5147/1650 5186/5143/1648
f 5070/5027/1626 5077/5034/1629 5080/5037/1629
f 5070/5027/1626 5080/5037/1629 5071/5028/1626
f 5189/5146/1650 5191/5148/1651 5192/5149/1651
f 5189/5146/1650 5192/5149/1651 5190/5147/1650
f 5084/5041/1632 5083/5040/1632 5090/5047/1635
f 5084/5041/1632 5090/5047/1635 5089/5046/1635
f 5177/5134/1644 5173/5130/1642 5174/5131/1642
f 5177/5134/1644 5174/5131/1642 5178/5135/1644
f 5191/5148/1651 5193/5150/1652 5194/5151/1652
f 5191/5148/1651 5194/5151/1652 5192/5149/1651
f 5078/5035/1630 5085/5042/1633 5088/5045/1633
f 5078/5035/1630 5088/5045/1633 5079/5036/1630
f 5193/5150/1652 5195/5152/1653 5196/5153/1653
f 5193/5150/1652 5196/5153/1653 5194/5151/1652
f 5092/5049/1636 5091/5048/1636 5098/5055/1639
f 5092/5049/1636 5098/5055/1639 5097/5054/1639
f 5182/5139/1646 5181/5138/1646 5197/5154/1654
f 5182/5139/1646 5197/5154/1654 5198/5155/1654
f 5195/5152/1653 5199/5156/1655 5200/5157/1655
f 5195/5152/1653 5200/5157/1655 5196/5153/1653
f 5086/5043/1634 5093/5050/1637 5096/5053/1637
f 5086/5043/1634 5096/5053/1637 5087/5044/1634
f 5199/5156/1655 5201/5158/1656 5202/5159/1656
f 5199/5156/1655 5202/5159/1656 5200/5157/1655
f 5198/5155/1654 5197/5154/1654 5203/5160/1627
f 5198/5155/1654 5203/5160/1627 5204/5161/1627
f 5034/4991/1608 5036/4993/1609 5039/4996/1609
f 5034/4991/1608 5039/4996/1609 5035/4992/1608
f 5201/5158/1656 5205/5162/1657 5206/5163/1657
f 5201/5158/1656 5206/5163/1657 5202/5159/1656
f 5076/5033/1628 5075/5032/1628 5188/5145/1649
f 5076/5033/1628 5188/5145/1649 5187/5144/1649
f 5205/5162/1657 5207/5164/1658 5208/5165/1658
f 5205/5162/1657 5208/5165/1658 5206/5163/1657
f 5207/5164/1658 5022/4979/1602 5023/4980/1602
f 5207/5164/1658 5023/4980/1602 5208/5165/1658
f 5209/5166/1659 5210/5167/1660 5211/5168/1660
f 5209/5166/1659 5211/5168/1660 5212/5169/1659
f 5213/5170/1661 5214/5171/1662 5215/5172/1663
f 5213/5170/1661 5215/5172/1663 5216/5173/1661
f 5217/5174/1664 5209/5166/1659 5212/5169/1659
f 5217/5174/1664 5212/5169/1659 5218/5175/1664
f 5219/5176/1665 5213/5170/1661 5216/5173/1661
f 5219/5176/1665 5216/5173/1661 5220/5177/1665
f 5221/5178/1666 5217/5174/1664 5218/5175/1664
f 5221/5178/1666 5218/5175/1664 5222/5179/1666
f 5223/5180/1667 5219/5176/1665 5220/5177/1665
f 5223/5180/1667 5220/5177/1665 5224/5181/1667
f 5225/5182/1668 5221/5178/1666 5222/5179/1666
f 5225/5182/1668 5222/5179/1666 5226/5183/1668
f 5227/5184/1669 5223/5180/1667 5224/5181/1667
f 5227/5184/1669 5224/5181/1667 5228/5185/1669
f 5229/5186/1670 5230/5187/1668 5231/5188/1671
f 5229/5186/1670 5231/5188/1671 5232/5189/1670
f 5233/5190/1672 5227/5184/1669 5228/5185/1669
f 5233/5190/1672 5228/5185/1669 5234/5191/1672
f 5235/5192/1673 5229/5186/1670 5232/5189/1670
f 5235/5192/1673 5232/5189/1670 5236/5193/1673
f 5237/5194/1674 5233/5190/1672 5234/5191/1672
f 5237/5194/1674 5234/5191/1672 5238/5195/1674
f 5239/5196/1675 5235/5192/1673 5236/5193/1673
f 5239/5196/1675 5236/5193/1673 5240/5197/1675
f 5241/5198/1676 5237/5194/1674 5238/5195/1674
f 5241/5198/1676 5238/5195/1674 5242/5199/1676
f 5243/5200/1677 5239/5196/1675 5240/5197/1675
f 5243/5200/1677 5240/5197/1675 5244/5201/1677
f 5245/5202/1678 5241/5198/1676 5242/5199/1676
f 5245/5202/1678 5242/5199/1676 5246/5203/1678
f 5247/5204/1679 5243/5200/1677 5244/5201/1677
f 5247/5204/1679 5244/5201/1677 5248/5205/1679
f 5249/5206/1680 5245/5202/1678 5246/5203/1678
f 5249/5206/1680 5246/5203/1678 5250/5207/1680
f 5251/5208/1681 5247/5204/1679 5248/5205/1679
f 5251/5208/1681 5248/5205/1679 5252/5209/1681
f 5253/5210/1682 5249/5206/1680 5250/5207/1680
f 5253/5210/1682 5250/5207/1680 5254/5211/1682
f 5255/5212/1683 5251/5208/1681 5252/5209/1681
f 5255/5212/1683 5252/5209/1681 5256/5213/1683
f 5257/5214/1684 5253/5210/1682 5254/5211/1682
f 5257/5214/1684 5254/5211/1682 5258/5215/1684
f 5259/5216/1685 5255/5212/1683 5256/5213/1683
f 5259/5216/1685 5256/5213/1683 5260/5217/1685
f 5261/5218/1686 5257/5214/1684 5258/5215/1684
f 5261/5218/1686 5258/5215/1684 5262/5219/1686
f 5263/5220/1687 5264/5221/1685 5265/5222/1688
f 5263/5220/1687 5265/5222/1688 5266/5223/1687
f 5267/5224/1689 5261/5218/1686 5262/5219/1686
f 5267/5224/1689 5262/5219/1686 5268/5225/1689
f 5269/5226/1690 5263/5220/1687 5266/5223/1687
f 5269/5226/1690 5266/5223/1687 5270/5227/1690
f 5271/5228/1691 5267/5224/1689 5268/5225/1689
f 5271/5228/1691 5268/5225/1689 5272/5229/1691
f 5273/5230/1692 5269/5226/1690 5270/5227/1690
f 5273/5230/1692 5270/5227/1690 5274/5231/1692
f 5275/5232/1693 5271/5228/1691 5272/5229/1691
f 5275/5232/1693 5272/5229/1691 5276/5233/1693
f 5277/5234/1694 5273/5230/1692 5274/5231/1692
f 5277/5234/1694 5274/5231/1692 5278/5235/1694
f 5279/5236/1695 5275/5232/1693 5276/5233/1693
f 5279/5236/1695 5276/5233/1693 5280/5237/1695
f 5281/5238/1696 5277/5234/1694 5278/5235/1694
f 5281/5238/1696 5278/5235/1694 5282/5239/1696
f 5283/5240/1697 5279/5236/1695 5280/5237/1695
f 5283/5240/1697 5280/5237/1695 5284/5241/1697
f 5285/5242/1698 5281/5238/1696 5282/5239/1696
f 5285/5242/1698 5282/5239/1696 5286/5243/1698
f 5287/5244/1699 5283/5240/1697 5284/5241/1697
f 5287/5244/1699 5284/5241/1697 5288/5245/1699
f 5289/5246/1700 5285/5242/1698 5286/5243/1698
f 5289/5246/1700 5286/5243/1698 5290/5247/1700
f 5291/5248/1701 5287/5244/1699 5288/5245/1699
f 5291/5248/1701 5288/5245/1699 5292/5249/1701
f 5293/5250/1702 5289/5246/1700 5290/5247/1700
f 5293/5250/1702 5290/5247/1700 5294/5251/1703
f 5295/5252/1704 5291/5248/1701 5292/5249/1701
f 5295/5252/1704 5292/5249/1701 5296/5253/1704
f 5297/5254/1705 5298/5255/1703 5299/5256/1702
f 5297/5254/1705 5299/5256/1702 5300/5257/1705
f 5301/5258/1706 5295/5252/1704 5296/5253/1704
f 5301/5258/1706 5296/5253/1704 5302/5259/1706
f 5303/5260/1707 5297/5254/1705 5300/5257/1705
f 5303/5260/1707 5300/5257/1705 5304/5261/1707
f 5305/5262/1708 5301/5258/1706 5302/5259/1706
f 5305/5262/1708 5302/5259/1706 5306/5263/1708
f 5307/5264/1709 5303/5260/1707 5304/5261/1707
f 5307/5264/1709 5304/5261/1707 5308/5265/1709
f 5309/5266/1710 5305/5262/1708 5306/5263/1708
f 5309/5266/1710 5306/5263/1708 5310/5267/1710
f 5311/5268/1711 5307/5264/1709 5308/5265/1709
f 5311/5268/1711 5308/5265/1709 5312/5269/1711
f 5313/5270/1712 5309/5266/1710 5310/5267/1710
f 5313/5270/1712 5310/5267/1710 5314/5271/1712
f 5315/5272/1713 5311/5268/1711 5312/5269/1711
f 5315/5272/1713 5312/5269/1711 5316/5273/1713
f 5317/5274/1714 5313/5270/1712 5314/5271/1712
f 5317/5274/1714 5314/5271/1712 5318/5275/1714
f 5319/5276/1715 5315/5272/1713 5316/5273/1713
f 5319/5276/1715 5316/5273/1713 5320/5277/1715
f 5321/5278/1716 5317/5274/1714 5318/5275/1714
f 5321/5278/1716 5318/5275/1714 5322/5279/1716
f 5323/5280/1717 5319/5276/1715 5320/5277/1715
f 5323/5280/1717 5320/5277/1715 5324/5281/1717
f 5325/5282/1718 5321/5278/1716 5322/5279/1716
f 5325/5282/1718 5322/5279/1716 5326/5283/1718
f 5327/5284/1719 5323/5280/1717 5324/5281/1717
f 5327/5284/1719 5324/5281/1717 5328/5285/1719
f 5329/5286/1720 5325/5282/1718 5326/5283/1718
f 5329/5286/1720 5326/5283/1718 5330/5287/1720
f 5331/5288/1721 5332/5289/1719 5333/5290/1722
f 5331/5288/1721 5333/5290/1722 5334/5291/1721
f 5335/5292/1723 5329/5286/1720 5330/5287/1720
f 5335/5292/1723 5330/5287/1720 5336/5293/1724
f 5337/5294/1725 5331/5288/1721 5334/5291/1721
f 5337/5294/1725 5334/5291/1721 5338/5295/1725
f 5339/5296/1726 5335/5292/1723 5336/5293/1724
f 5339/5296/1726 5336/5293/1724 5340/5297/1726
f 5341/5298/1727 5337/5294/1725 5338/5295/1725
f 5341/5298/1727 5338/5295/1725 5342/5299/1727
f 5343/5300/1728 5339/5296/1726 5340/5297/1726
f 5343/5300/1728 5340/5297/1726 5344/5301/1728
f 5210/5167/1660 5341/5298/1727 5342/5299/1727
f 5210/5167/1660 5342/5299/1727 5211/5168/1660
f 5214/5171/1662 5343/5300/1728 5344/5301/1728
f 5214/5171/1662 5344/5301/1728 5215/5172/1663
f 5345/5302/1729 5346/5303/1729 5347/5304/1730
f 5345/5302/1729 5347/5304/1730 5348/5305/1731
f 5349/5306/1309 5350/5307/1308 5351/5308/1308
f 5349/5306/1309 5351/5308/1308 5352/5309/1309
f 5353/5310/32 5354/5311/32 5355/5312/32
f 5353/5310/32 5355/5312/32 5356/5313/32
f 5357/5314/1343 5349/5306/1309 5352/5309/1309
f 5357/5314/1343 5352/5309/1309 5358/5315/1343
f 5359/5316/1732 5050/5007/1616 5351/5308/1308
f 5359/5316/1732 5351/5308/1308 5350/5307/1308
f 5360/5317/1733 5361/5318/1734 5357/5314/1343
f 5360/5317/1733 5357/5314/1343 5358/5315/1343
f 5362/5319/101 5363/5320/101 5364/5321/101
f 5362/5319/101 5364/5321/101 5365/5322/101
f 5366/5323/101 5367/5324/101 5368/5325/101
f 5366/5323/101 5368/5325/101 5369/5326/101
f 5370/5327/1309 5371/5328/1309 5372/5329/102
f 5370/5327/1309 5372/5329/102 5373/5330/102
f 5374/5331/102 5375/5332/102 5376/5333/1309
f 5374/5331/102 5376/5333/1309 5377/5334/1309
f 5378/5335/101 5379/5336/101 5380/5337/101
f 5378/5335/101 5380/5337/101 5381/5338/101
f 5371/5328/1309 5370/5327/1309 5377/5334/1309
f 5371/5328/1309 5377/5334/1309 5376/5333/1309
f 5382/5339/102 5383/5340/102 303/304/102
f 5382/5339/102 303/304/102 302/303/102
f 5383/5340/102 5382/5339/102 5384/5341/102
f 5383/5340/102 5384/5341/102 5385/5342/102
f 5386/5343/32 5387/5344/32 5388/5345/32
f 5386/5343/32 5388/5345/32 5389/5346/32
f 5390/5347/102 5391/5348/102 5392/5349/102
f 5390/5347/102 5392/5349/102 5393/5350/102
f 5394/5351/32 5395/5352/32 5396/5353/32
f 5394/5351/32 5396/5353/32 5397/5354/32
f 5398/5355/102 5399/5356/102 5400/5357/102
f 5398/5355/102 5400/5357/102 5401/5358/102
f 5402/5359/102 5403/5360/102 5404/5361/102
f 5402/5359/102 5404/5361/102 5405/5362/102
f 5406/5363/21 5407/5364/21 5408/5365/21
f 5406/5363/21 5408/5365/21 5409/5366/21
f 5410/5367/21 5411/5368/21 5412/5369/21
f 5410/5367/21 5412/5369/21 5413/5370/21
f 5414/5371/21 5415/5372/21 5416/5373/21
f 5414/5371/21 5416/5373/21 5417/5374/21
f 5418/5375/32 5419/5376/32 5420/5377/32
f 5418/5375/32 5420/5377/32 5421/5378/32
f 5422/5379/103 5423/5380/103 5424/5381/103
f 5422/5379/103 5424/5381/103 5425/5382/103
f 5426/5383/1735 5427/5384/1735 5428/5385/102
f 5426/5383/1735 5428/5385/102 5429/5386/102
f 5430/5387/102 5431/5388/102 5432/5389/102
f 5430/5387/102 5432/5389/102 5433/5390/102
f 5434/5391/21 5435/5392/21 5436/5393/21
f 5434/5391/21 5436/5393/21 5437/5394/21
f 5438/5395/32 5439/5396/32 5440/5397/32
f 5438/5395/32 5440/5397/32 5441/5398/32
f 5442/5399/21 5443/5400/21 5444/5401/21
f 5442/5399/21 5444/5401/21 5445/5402/21
f 5446/5403/101 5447/5325/101 5448/5404/101
f 5446/5403/101 5448/5404/101 5449/5379/101
f 5450/5405/21 5451/5406/21 5452/5407/21
f 5450/5405/21 5452/5407/21 5453/5408/21
f 5454/5409/21 5455/5410/21 5456/5411/21
f 5454/5409/21 5456/5411/21 5457/5412/21
f 5458/5413/102 5459/5414/102 5460/5415/102
f 5458/5413/102 5460/5415/102 5461/5416/102
f 5462/5417/102 5463/5418/102 5464/5419/102
f 5462/5417/102 5464/5419/102 5465/5420/102
f 5466/300/103 5467/5421/103 5468/5422/103
f 5466/300/103 5468/5422/103 5469/5423/103
f 5470/5424/103 5471/5425/103 5472/5426/103
f 5470/5424/103 5472/5426/103 5473/5427/103
f 5474/5428/32 5475/5429/32 5476/5430/32
f 5474/5428/32 5476/5430/32 5477/5431/32
f 5478/5432/32 5479/5433/32 5480/5434/32
f 5478/5432/32 5480/5434/32 5481/5435/32
f 5482/5436/103 5483/5437/103 5484/5438/103
f 5482/5436/103 5484/5438/103 5485/5439/103
f 5486/5440/32 5487/5441/32 5488/5442/32
f 5486/5440/32 5488/5442/32 5489/5443/32
f 5490/5444/32 5491/5445/32 5492/5446/32
f 5490/5444/32 5492/5446/32 5493/5447/32
f 5494/5448/32 5495/5449/32 5496/5450/32
f 5494/5448/32 5496/5450/32 5497/5451/32
f 5498/5452/32 5499/5453/32 5500/5454/32
f 5498/5452/32 5500/5454/32 5501/5455/32
f 5502/5456/32 5503/5457/32 5504/5458/32
f 5502/5456/32 5504/5458/32 5505/5459/32
f 5506/5460/103 5507/5461/103 5508/5462/103
f 5506/5460/103 5508/5462/103 5509/5463/103
f 5510/5464/101 5511/5465/101 5512/5466/101
f 5510/5464/101 5512/5466/101 5513/5467/101
f 5514/5468/102 5515/5469/102 5516/5470/102
f 5514/5468/102 5516/5470/102 5517/5471/102
f 5518/5472/102 5519/5473/102 5520/5474/102
f 5518/5472/102 5520/5474/102 5521/5475/102
f 5522/5476/102 5523/5477/102 5524/5478/102
f 5522/5476/102 5524/5478/102 5525/5479/102
f 5526/5480/101 5527/5481/101 5528/5482/101
f 5526/5480/101 5528/5482/101 5529/5483/101
f 5530/5484/32 5531/5485/32 5532/5486/32
f 5530/5484/32 5532/5486/32 5533/5487/32
f 5534/5488/32 5535/5489/32 5536/5490/32
f 5534/5488/32 5536/5490/32 5537/5491/32
f 5538/5492/102 5539/5493/102 5540/5494/102
f 5538/5492/102 5540/5494/102 5541/5495/102
f 5542/5496/1736 5543/5497/1736 5544/5498/1736
f 5542/5496/1736 5544/5498/1736 5545/5499/1736
f 5546/5500/101 5547/5501/101 5548/5502/101
f 5546/5500/101 5548/5502/101 5549/5503/101
f 5550/5504/103 5551/5505/103 5552/5506/103
f 5550/5504/103 5552/5506/103 5553/5507/103
f 5554/5508/1736 5555/5509/1736 5556/5510/1736
f 5554/5508/1736 5556/5510/1736 5557/5511/1736
f 5558/5512/21 5559/5513/21 5560/5514/21
f 5558/5512/21 5560/5514/21 5561/5515/21
f 5562/5516/102 5563/5517/102 5564/5518/102
f 5562/5516/102 5564/5518/102 5565/5519/102
f 5566/5520/101 5567/5521/101 5568/5467/101
f 5566/5520/101 5568/5467/101 5569/5522/101
f 5570/5523/102 5571/5524/102 5572/5525/102
f 5570/5523/102 5572/5525/102 5573/5526/102
f 5574/5527/102 5575/5528/102 5576/5529/102
f 5574/5527/102 5576/5529/102 5577/5530/102
f 5578/5531/102 5579/5532/102 5580/5533/102
f 5578/5531/102 5580/5533/102 5581/5534/102
f 5582/5535/102 5583/5536/102 5584/5537/102
f 5582/5535/102 5584/5537/102 5585/5538/102
f 5586/5539/102 5587/5540/102 5588/5541/102
f 5586/5539/102 5588/5541/102 5589/5542/102
f 5590/5543/102 5591/5544/102 5592/5545/102
f 5590/5543/102 5592/5545/102 5593/5546/102
f 5594/5547/1737 5595/5548/1737 5041/4998/1611
f 5594/5547/1737 5041/4998/1611 5040/4997/1611
f 5596/5549/55 5597/5550/55 5598/5551/55
f 5596/5549/55 5598/5551/55 5599/5552/55
f 5600/5553/55 5601/5554/55 5602/5555/55
f 5600/5553/55 5602/5555/55 5603/5556/55
f 5604/5557/55 5605/5558/55 5606/5559/55
f 5604/5557/55 5606/5559/55 5607/5560/55
f 5608/5561/55 5609/5562/55 5610/5563/55
f 5608/5561/55 5610/5563/55 5611/5564/55
f 5612/5565/55 5613/5566/55 5614/5567/55
f 5612/5565/55 5614/5567/55 5615/5568/55
f 5616/5569/55 5596/5549/55 5599/5552/55
f 5616/5569/55 5599/5552/55 5617/5570/55
f 5618/5571/55 5619/5572/55 5620/5573/55
f 5618/5571/55 5620/5573/55 5621/5574/55
f 5622/5575/55 5604/5557/55 5607/5560/55
f 5622/5575/55 5607/5560/55 5623/5576/55
f 5624/5577/55 5625/5578/55 5626/5579/55
f 5624/5577/55 5626/5579/55 5627/5580/55
f 5628/5581/55 5608/5561/55 5611/5564/55
f 5628/5581/55 5611/5564/55 5629/5582/55
f 5597/5550/55 5630/5583/55 5631/5584/55
f 5597/5550/55 5631/5584/55 5598/5551/55
f 5632/5585/55 5602/5555/55 5601/5554/55
f 5632/5585/55 5601/5554/55 5633/5586/55
f 5634/5587/55 5635/5588/55 5636/5589/55
f 5634/5587/55 5636/5589/55 5637/5590/55
f 5605/5558/55 5638/5591/55 5639/5592/55
f 5605/5558/55 5639/5592/55 5606/5559/55
f 5640/5593/55 5641/5594/55 5642/5595/55
f 5640/5593/55 5642/5595/55 5643/5596/55
f 5609/5562/55 5600/5553/55 5603/5556/55
f 5609/5562/55 5603/5556/55 5610/5563/55
f 5644/5597/55 5645/5598/55 5646/5599/55
f 5644/5597/55 5646/5599/55 5647/5600/55
f 5635/5588/55 5640/5593/55 5643/5596/55
f 5635/5588/55 5643/5596/55 5636/5589/55
f 5619/5572/55 5612/5565/55 5615/5568/55
f 5619/5572/55 5615/5568/55 5620/5573/55
f 5641/5594/55 5644/5597/55 5647/5600/55
f 5641/5594/55 5647/5600/55 5642/5595/55
f 5625/5578/55 5616/5569/55 5617/5570/55
f 5625/5578/55 5617/5570/55 5626/5579/55
f 5645/5598/55 5618/5571/55 5621/5574/55
f 5645/5598/55 5621/5574/55 5646/5599/55
f 5630/5583/55 5622/5575/55 5623/5576/55
f 5630/5583/55 5623/5576/55 5631/5584/55
f 5613/5566/55 5624/5577/55 5627/5580/55
f 5613/5566/55 5627/5580/55 5614/5567/55
f 5638/5591/55 5628/5581/55 5629/5582/55
f 5638/5591/55 5629/5582/55 5639/5592/55
f 5648/5601/21 5649/5602/128 5650/5603/128
f 5648/5601/21 5650/5603/128 5651/5604/21
f 5652/5605/45 5653/5606/122 5654/5607/122
f 5652/5605/45 5654/5607/122 5655/5608/45
f 5656/5609/48 5657/5610/121 5658/5611/121
f 5656/5609/48 5658/5611/121 5659/5612/48
f 5660/5613/88 5661/5614/126 5662/5615/126
f 5660/5613/88 5662/5615/126 5663/5616/88
f 5664/5617/52 5665/5618/123 5666/5619/123
f 5664/5617/52 5666/5619/123 5667/5620/52
f 5668/5621/28 5669/5622/130 5670/5623/130
f 5668/5621/28 5670/5623/130 5671/5624/28
f 5672/5625/32 5673/5626/125 5674/5627/125
f 5672/5625/32 5674/5627/125 5675/5628/32
f 5657/5610/121 5664/5617/52 5667/5620/52
f 5657/5610/121 5667/5620/52 5658/5611/121
f 5676/5629/127 5677/5630/85 5678/5631/85
f 5676/5629/127 5678/5631/85 5679/5632/127
f 5665/5618/123 5672/5625/32 5675/5628/32
f 5665/5618/123 5675/5628/32 5666/5619/123
f 5680/5633/116 5681/5634/25 5682/5635/25
f 5680/5633/116 5682/5635/25 5683/5636/116
f 5673/5626/125 5684/5637/95 5685/5638/95
f 5673/5626/125 5685/5638/95 5674/5627/125
f 5653/5606/122 5686/5639/13 5687/5640/13
f 5653/5606/122 5687/5640/13 5654/5607/122
f 5688/5641/129 5689/5642/7 5690/5643/7
f 5688/5641/129 5690/5643/7 5691/5644/129
f 5661/5614/126 5648/5601/21 5651/5604/21
f 5661/5614/126 5651/5604/21 5662/5615/126
f 5692/5645/119 5652/5605/45 5655/5608/45
f 5692/5645/119 5655/5608/45 5693/5646/119
f 5669/5622/130 5694/5647/1 5695/5648/1
f 5669/5622/130 5695/5648/1 5670/5623/130
f 5696/5649/124 5660/5613/88 5663/5616/88
f 5696/5649/124 5663/5616/88 5697/5650/124
f 5649/5602/128 5668/5621/28 5671/5624/28
f 5649/5602/128 5671/5624/28 5650/5603/128
f 5698/5651/85 5688/5641/129 5691/5644/129
f 5698/5651/85 5691/5644/129 5699/5652/85
f 5681/5634/25 5692/5645/119 5693/5646/119
f 5681/5634/25 5693/5646/119 5682/5635/25
f 5684/5637/95 5676/5629/127 5679/5632/127
f 5684/5637/95 5679/5632/127 5685/5638/95
f 5700/5653/13 5696/5649/124 5697/5650/124
f 5700/5653/13 5697/5650/124 5701/5654/13
f 5689/5642/7 5680/5633/116 5683/5636/116
f 5689/5642/7 5683/5636/116 5690/5643/7
f 5702/5655/55 5703/5656/55 5704/5657/55
f 5702/5655/55 5704/5657/55 5705/5658/55
f 5706/5659/55 5707/5660/55 5708/5661/55
f 5706/5659/55 5708/5661/55 5709/5662/55
f 5710/5663/55 5711/5664/55 5712/5665/55
f 5710/5663/55 5712/5665/55 5713/5666/55
f 5714/5667/55 5702/5655/55 5705/5658/55
f 5714/5667/55 5705/5658/55 5715/5668/55
f 5716/5669/55 5717/5670/55 5718/5671/55
f 5716/5669/55 5718/5671/55 5719/5672/55
f 5703/5656/55 5720/5673/55 5721/5674/55
f 5703/5656/55 5721/5674/55 5704/5657/55
f 5722/5675/55 5723/5676/55 5724/5677/55
f 5722/5675/55 5724/5677/55 5725/5678/55
f 5726/5679/55 5727/5680/55 5728/5681/55
f 5726/5679/55 5728/5681/55 5729/5682/55
f 5730/5683/55 5731/5684/55 5732/5685/55
f 5730/5683/55 5732/5685/55 5733/5686/55
f 5734/5687/55 5735/5688/55 5736/5689/55
f 5734/5687/55 5736/5689/55 5737/5690/55
f 5738/5691/55 5739/5692/55 5740/5693/55
f 5738/5691/55 5740/5693/55 5741/5694/55
f 5742/5695/55 5743/5696/55 5744/5697/55
f 5742/5695/55 5744/5697/55 5745/5698/55
f 5746/5699/55 5747/5700/55 5748/5701/55
f 5746/5699/55 5748/5701/55 5749/5702/55
f 5711/5664/55 5726/5679/55 5729/5682/55
f 5711/5664/55 5729/5682/55 5712/5665/55
f 5717/5670/55 5734/5687/55 5737/5690/55
f 5717/5670/55 5737/5690/55 5718/5671/55
f 5720/5673/55 5710/5663/55 5713/5666/55
f 5720/5673/55 5713/5666/55 5721/5674/55
f 5723/5676/55 5742/5695/55 5745/5698/55
f 5723/5676/55 5745/5698/55 5724/5677/55
f 5727/5680/55 5716/5669/55 5719/5672/55
f 5727/5680/55 5719/5672/55 5728/5681/55
f 5731/5684/55 5746/5699/55 5749/5702/55
f 5731/5684/55 5749/5702/55 5732/5685/55
f 5735/5688/55 5722/5675/55 5725/5678/55
f 5735/5688/55 5725/5678/55 5736/5689/55
f 5739/5692/55 5750/5703/55 5751/5704/55
f 5739/5692/55 5751/5704/55 5740/5693/55
f 5752/5705/55 5706/5659/55 5709/5662/55
f 5752/5705/55 5709/5662/55 5753/5706/55
f 5743/5696/55 5730/5683/55 5733/5686/55
f 5743/5696/55 5733/5686/55 5744/5697/55
f 5707/5660/55 5714/5667/55 5715/5668/55
f 5707/5660/55 5715/5668/55 5708/5661/55
f 5747/5700/55 5738/5691/55 5741/5694/55
f 5747/5700/55 5741/5694/55 5748/5701/55
f 5754/5707/45 5755/5708/122 5756/5709/122
f 5754/5707/45 5756/5709/122 5757/5710/45
f 5758/5711/48 5759/5712/121 5760/5713/121
f 5758/5711/48 5760/5713/121 5761/5714/48
f 5762/5715/88 5763/5716/126 5764/5717/126
f 5762/5715/88 5764/5717/126 5765/5718/88
f 5766/5719/52 5767/5720/123 5768/5721/123
f 5766/5719/52 5768/5721/123 5769/5722/52
f 5770/5723/28 5771/5724/130 5772/5725/130
f 5770/5723/28 5772/5725/130 5773/5726/28
f 5774/5727/32 5775/5728/125 5776/5729/125
f 5774/5727/32 5776/5729/125 5777/5730/32
f 5759/5712/121 5766/5719/52 5769/5722/52
f 5759/5712/121 5769/5722/52 5760/5713/121
f 5778/5731/127 5779/5732/85 5780/5733/85
f 5778/5731/127 5780/5733/85 5781/5734/127
f 5767/5720/123 5774/5727/32 5777/5730/32
f 5767/5720/123 5777/5730/32 5768/5721/123
f 5782/5735/116 5783/5736/25 5784/5737/25
f 5782/5735/116 5784/5737/25 5785/5738/116
f 5775/5728/125 5786/5739/95 5787/5740/95
f 5775/5728/125 5787/5740/95 5776/5729/125
f 5755/5708/122 5788/5741/13 5789/5742/13
f 5755/5708/122 5789/5742/13 5756/5709/122
f 5790/5743/129 5791/5744/7 5792/5745/7
f 5790/5743/129 5792/5745/7 5793/5746/129
f 5763/5716/126 5794/5747/21 5795/5748/21
f 5763/5716/126 5795/5748/21 5764/5717/126
f 5796/5749/119 5754/5707/45 5757/5710/45
f 5796/5749/119 5757/5710/45 5797/5750/119
f 5771/5724/130 5798/5751/1 5799/5752/1
f 5771/5724/130 5799/5752/1 5772/5725/130
f 5800/5753/124 5762/5715/88 5765/5718/88
f 5800/5753/124 5765/5718/88 5801/5754/124
f 5802/5755/128 5770/5723/28 5773/5726/28
f 5802/5755/128 5773/5726/28 5803/5756/128
f 5804/5757/85 5790/5743/129 5793/5746/129
f 5804/5757/85 5793/5746/129 5805/5758/85
f 5783/5736/25 5796/5749/119 5797/5750/119
f 5783/5736/25 5797/5750/119 5784/5737/25
f 5786/5739/95 5778/5731/127 5781/5734/127
f 5786/5739/95 5781/5734/127 5787/5740/95
f 5806/5759/13 5800/5753/124 5801/5754/124
f 5806/5759/13 5801/5754/124 5807/5760/13
f 5791/5744/7 5782/5735/116 5785/5738/116
f 5791/5744/7 5785/5738/116 5792/5745/7
f 5794/5747/21 5802/5755/128 5803/5756/128
f 5794/5747/21 5803/5756/128 5795/5748/21
f 5808/5761/1738 5809/5762/1739 5810/5763/1739
f 5808/5761/1738 5810/5763/1739 5811/5764/1738
f 5812/5765/1740 5813/5766/1741 5814/5767/1742
f 5812/5765/1740 5814/5767/1742 5815/5768/1740
f 5816/5769/214 5817/5770/214 5818/5771/214
f 5816/5769/214 5818/5771/214 5819/5772/214
f 5820/5773/1743 5821/5774/1743 5822/5775/1743
f 5820/5773/1743 5822/5775/1743 5823/5776/1743
f 5824/5777/132 5825/5778/132 5826/5779/132
f 5824/5777/132 5826/5779/132 5827/5780/132
f 5825/5778/132 5824/5777/132 5828/5781/132
f 5825/5778/132 5828/5781/132 5829/5782/132
f 5830/5783/1744 5831/5784/1745 5832/5785/1745
f 5830/5783/1744 5832/5785/1745 5833/5786/1744
f 5834/5787/1746 5835/5788/1747 5836/5789/1747
f 5834/5790/1746 5836/5791/1747 5837/5792/1746
f 5838/5793/1748 5839/5794/1749 5840/5795/1749
f 5838/5793/1748 5840/5795/1749 5841/5796/1750
f 5839/5794/1749 5838/5793/1748 5842/5797/1748
f 5839/5794/1749 5842/5797/1748 5843/5798/132
f 5844/5799/233 5845/5800/233 5846/5801/233
f 5844/5799/233 5846/5801/233 5847/5802/233
f 5848/5803/232 5849/5804/232 5850/5805/232
f 5848/5803/232 5850/5805/232 5851/5806/232
f 5852/5807/1751 5808/5808/1738 5811/5809/1738
f 5852/5810/1751 5811/5811/1738 5853/5812/1751
f 5813/5766/1741 5854/5813/1752 5855/5814/1752
f 5813/5766/1741 5855/5814/1752 5814/5767/1742
f 5856/5815/132 5857/5816/132 5858/5817/1748
f 5856/5815/132 5858/5817/1748 5859/5818/132
f 5857/5816/132 5856/5815/132 5860/5819/132
f 5857/5816/132 5860/5819/132 5861/5820/132
f 5862/5821/259 5863/5822/259 5864/5823/259
f 5862/5821/259 5864/5823/259 5865/5824/259
f 5866/5825/258 5867/5826/258 5868/5827/258
f 5866/5825/258 5868/5827/258 5869/5828/258
f 5870/5829/1753 5871/5830/1754 5872/5831/1754
f 5870/5832/1753 5872/5833/1754 5873/5834/1753
f 5874/5835/1755 5875/5836/1756 5876/5837/1756
f 5874/5835/1755 5876/5837/1756 5877/5838/1755
f 5878/5839/269 5879/5840/1757 5880/5841/1757
f 5878/5839/269 5880/5841/1757 5881/5842/269
f 5882/5843/267 5883/5844/267 5884/5845/267
f 5882/5843/267 5884/5845/267 5885/5846/267
f 5886/5847/132 5887/5848/132 5888/5849/132
f 5886/5847/132 5888/5849/132 5889/5850/132
f 5887/5848/132 5886/5847/132 5890/5851/132
f 5887/5848/132 5890/5851/132 5891/5852/132
f 5892/5853/1758 5893/5854/1758 5894/5855/1758
f 5892/5853/1758 5894/5855/1758 5895/5856/1758
f 5896/5857/1759 5897/5858/1760 5898/5859/1760
f 5896/5860/1759 5898/5861/1760 5899/5862/1759
f 5900/5863/295 5901/5864/295 5902/5865/295
f 5900/5863/295 5902/5865/295 5903/5866/295
f 5904/5867/293 5905/5868/293 5906/5802/293
f 5904/5867/293 5906/5802/293 5907/5869/293
f 5908/5870/1749 5909/5871/1748 5910/5872/1748
f 5908/5870/1749 5910/5872/1748 5911/5873/132
f 5909/5871/1748 5908/5870/1749 5912/5874/1749
f 5909/5871/1748 5912/5874/1749 5913/5875/1748
f 5914/5876/1761 5870/5877/1753 5873/5878/1753
f 5914/5876/1761 5873/5878/1753 5915/5879/1761
f 5875/5836/1756 5916/5880/1762 5917/5881/1762
f 5875/5836/1756 5917/5881/1762 5876/5837/1756
f 5918/5882/132 5919/5883/132 5920/5884/132
f 5918/5882/132 5920/5884/132 5921/5885/132
f 5919/5883/132 5918/5882/132 5922/5886/132
f 5919/5883/132 5922/5886/132 5923/5887/132
f 5924/5888/203 5925/5889/203 5926/5890/203
f 5924/5888/203 5926/5890/203 5927/5891/203
f 5928/5892/309 5929/5893/309 5930/5894/309
f 5928/5892/309 5930/5894/309 5931/5895/309
f 5932/5896/1763 5933/5897/1764 5934/5898/1764
f 5932/5896/1763 5934/5898/1764 5935/5899/1763
f 5936/5900/1765 5937/5901/1766 5938/5902/1766
f 5936/5900/1765 5938/5902/1766 5939/5903/1765
f 5940/5904/313 5941/5905/313 5942/5906/313
f 5940/5904/313 5942/5906/313 5943/5907/313
f 5944/5908/311 5945/5909/311 5946/5910/311
f 5944/5908/311 5946/5910/311 5947/5911/311
f 5948/5912/132 5949/5913/132 5950/5914/132
f 5948/5912/132 5950/5914/132 5951/5915/132
f 5949/5913/132 5948/5912/132 5952/5916/132
f 5949/5913/132 5952/5916/132 5953/5917/132
f 5897/5918/1760 5954/5919/1767 5955/5920/1767
f 5897/5858/1760 5955/5921/1767 5898/5859/1760
f 5956/5922/132 5957/5923/1749 5958/5924/132
f 5956/5922/132 5958/5924/132 5959/5925/1768
f 5957/5923/1749 5956/5922/132 5960/5926/1748
f 5957/5923/1749 5960/5926/1748 5961/5927/1749
f 5962/5928/325 5963/5929/325 5964/5930/325
f 5962/5928/325 5964/5930/325 5965/5931/325
f 5966/5932/1769 5932/5933/1763 5935/5934/1763
f 5966/5935/1769 5935/5936/1763 5967/5937/1769
f 5937/5901/1766 5968/5938/1770 5969/5939/1770
f 5937/5901/1766 5969/5939/1770 5938/5902/1766
f 5970/5940/132 5971/5941/132 5972/5942/1749
f 5970/5940/132 5972/5942/1749 5973/5943/132
f 5971/5941/132 5970/5940/132 5974/5944/132
f 5971/5941/132 5974/5944/132 5975/5945/132
f 5976/5946/347 5977/5947/1771 5978/5948/1771
f 5976/5946/347 5978/5948/1771 5979/5949/347
f 5980/5950/346 5981/5951/346 5982/5952/346
f 5980/5950/346 5982/5952/346 5983/5953/346
f 5984/5954/1772 5985/5955/1773 5986/5956/1774
f 5984/5954/1772 5986/5956/1774 5987/5957/1772
f 5988/5958/350 5989/5959/350 5990/5960/350
f 5988/5958/350 5990/5960/350 5991/5961/350
f 5992/5962/132 5993/5963/132 5994/5964/132
f 5992/5962/132 5994/5964/132 5995/5965/132
f 5993/5963/132 5992/5962/132 5996/5966/132
f 5993/5963/132 5996/5966/132 5997/5967/132
f 5831/5784/1745 5998/5968/1775 5999/5969/1775
f 5831/5784/1745 5999/5969/1775 5832/5785/1745
f 6000/5970/1776 5834/5790/1746 5837/5792/1746
f 6000/5971/1776 5837/5972/1746 6001/5973/1776
f 6002/5974/375 6003/5975/375 6004/5976/375
f 6002/5974/375 6004/5976/375 6005/5977/375
f 6006/5978/373 6007/5979/373 6008/5980/373
f 6006/5978/373 6008/5980/373 6009/5981/373
f 6010/5982/132 6011/5983/1748 6012/5984/1748
f 6010/5982/132 6012/5984/1748 6013/5985/132
f 6011/5983/1748 6010/5982/132 6014/5986/1749
f 6011/5983/1748 6014/5986/1749 6015/5987/132
f 5985/5955/1773 6016/5988/1777 6017/5989/1777
f 5985/5955/1773 6017/5989/1777 5986/5956/1774
f 6018/5990/132 6019/5991/132 6020/5992/132
f 6018/5990/132 6020/5992/132 6021/5993/132
f 6019/5991/132 6018/5990/132 6022/5994/132
f 6019/5991/132 6022/5994/132 6023/5995/132
f 6024/5996/387 6025/5997/387 6026/5998/387
f 6024/5996/387 6026/5998/387 6027/5999/387
f 6028/6000/1778 6029/6001/1778 6030/6002/1778
f 6028/6000/1778 6030/6002/1778 6031/6003/1778
f 6032/6004/1779 6033/6005/1780 6034/6006/1780
f 6032/6004/1779 6034/6006/1780 6035/6007/1779
f 6036/6008/1781 6037/6009/1782 6038/6010/1782
f 6036/6008/1781 6038/6010/1782 6039/6011/1781
f 6040/6012/132 6041/6013/132 6042/6014/1749
f 6040/6012/132 6042/6014/1749 6043/6015/132
f 6041/6013/132 6040/6012/132 6044/6016/132
f 6041/6013/132 6044/6016/132 6045/6017/1748
f 6046/6018/286 6047/6019/286 6048/6020/286
f 6046/6018/286 6048/6020/286 6049/6021/286
f 6050/6022/370 6051/6023/370 6052/6024/370
f 6050/6022/370 6052/6024/370 6053/6025/370
f 6054/6026/1783 6055/6027/1784 6056/6028/1784
f 6054/6026/1783 6056/6028/1784 6057/6029/1783
f 6058/6030/1785 6059/6031/1786 6060/6032/1786
f 6058/6030/1785 6060/6032/1786 6061/6033/1785
f 6062/6034/212 6063/6035/212 6064/6036/212
f 6062/6034/212 6064/6036/212 6065/6037/212
f 6066/6038/313 6067/6039/313 6068/6040/313
f 6066/6038/313 6068/6040/313 6069/6041/313
f 6070/6042/132 6071/6043/132 6072/6044/132
f 6070/6042/132 6072/6044/132 6073/6045/132
f 6074/6046/132 6075/6047/132 6076/6048/132
f 6074/6046/132 6076/6048/132 6077/6049/132
f 6078/6050/1787 6079/6051/1788 6080/6052/1789
f 6078/6050/1787 6080/6052/1789 6081/6053/1787
f 6082/6054/1790 6083/6055/1791 6084/6056/1791
f 6082/6054/1790 6084/6056/1791 6085/6057/1790
f 6086/6058/239 6087/6059/239 6088/6060/239
f 6086/6058/239 6088/6060/239 6089/6061/239
f 6090/6062/399 6091/6063/399 6092/6064/399
f 6090/6062/399 6092/6064/399 6093/6065/399
f 6094/6066/132 6095/6067/132 6096/6068/132
f 6094/6066/132 6096/6068/132 6097/6069/132
f 6095/6067/132 6094/6066/132 6098/6070/132
f 6095/6067/132 6098/6070/132 6099/6071/132
f 6100/6072/1792 6054/6073/1783 6057/6074/1783
f 6100/6075/1792 6057/6076/1783 6101/6077/1792
f 6059/6031/1786 6102/6078/1793 6103/6079/1793
f 6059/6031/1786 6103/6079/1793 6060/6032/1786
f 6071/6043/132 6104/6080/132 6105/6081/132
f 6071/6043/132 6105/6081/132 6072/6044/132
f 6104/6082/132 6074/6046/132 6077/6049/132
f 6104/6082/132 6077/6049/132 6106/6083/132
f 6107/6084/346 6108/6085/346 6109/6086/346
f 6107/6084/346 6109/6086/346 6110/6087/346
f 6111/6088/259 6112/6089/259 6113/6090/259
f 6111/6088/259 6113/6090/259 6114/6091/259
f 6115/6092/1794 6078/6050/1787 6081/6053/1787
f 6115/6092/1794 6081/6053/1787 6116/6093/1794
f 6083/6055/1791 6117/6094/1795 6118/6095/1795
f 6083/6055/1791 6118/6095/1795 6084/6056/1791
f 6119/6096/132 6120/6097/132 6121/6098/132
f 6119/6096/132 6121/6098/132 6122/6099/132
f 6120/6097/132 6119/6096/132 6123/6100/132
f 6120/6097/132 6123/6100/132 6124/6101/132
f 6125/6102/423 6126/6103/423 6127/6104/423
f 6125/6102/423 6127/6104/423 6128/6105/423
f 6129/6106/287 6130/6107/287 6131/6108/287
f 6129/6106/287 6131/6108/287 6132/6109/287
f 6133/6110/1796 6134/6111/1797 6135/6112/1797
f 6133/6110/1796 6135/6112/1797 6136/6113/1796
f 6137/6114/1798 6138/6115/1799 6139/6116/1800
f 6137/6114/1798 6139/6116/1800 6140/6117/1798
f 6141/6118/1801 6142/6119/311 6143/6120/311
f 6141/6118/1801 6143/6120/311 6144/6121/1801
f 6145/6122/1802 6146/6123/214 6147/6124/214
f 6145/6122/1802 6147/6124/214 6148/6125/1802
f 6149/6126/132 6150/6127/132 6151/6128/132
f 6149/6126/132 6151/6128/132 6152/6129/1749
f 6150/6127/132 6149/6126/132 6153/6130/132
f 6150/6127/132 6153/6130/132 6154/6131/132
f 6033/6005/1780 6155/6132/1803 6156/6133/1804
f 6033/6005/1780 6156/6133/1804 6034/6006/1780
f 6157/6134/1805 6036/6008/1781 6039/6011/1781
f 6157/6134/1805 6039/6011/1781 6158/6135/1805
f 6159/6136/1806 6160/6137/334 6161/6138/334
f 6159/6136/1806 6161/6138/334 6162/6139/1806
f 6163/6140/241 6164/6141/241 6165/6142/241
f 6163/6140/241 6165/6142/241 6166/6143/241
f 6167/6144/132 6168/6145/132 6169/6146/132
f 6167/6144/132 6169/6146/132 6170/6147/132
f 6168/6145/132 6167/6144/132 6171/6148/132
f 6168/6145/132 6171/6148/132 6172/6149/132
f 6173/6150/1807 6133/6151/1796 6136/6152/1796
f 6173/6153/1807 6136/6154/1796 6174/6155/1807
f 6138/6115/1799 6175/6156/1808 6176/6157/1809
f 6138/6115/1799 6176/6157/1809 6139/6116/1800
f 6177/6158/132 6178/6159/132 6179/6160/132
f 6177/6158/132 6179/6160/132 6180/6161/132
f 6178/6159/132 6177/6158/132 6181/6162/132
f 6178/6159/132 6181/6162/132 6182/6163/132
f 6183/6164/258 6184/6165/258 6185/6166/258
f 6183/6164/258 6185/6166/258 6186/6167/258
f 6187/6168/347 6188/6169/347 6189/6170/347
f 6187/6168/347 6189/6170/347 6190/6171/347
f 6191/6172/1810 6192/6173/1811 6193/6174/1811
f 6191/6172/1810 6193/6174/1811 6194/6175/1810
f 6195/6176/1812 6196/6177/1813 6197/6178/1813
f 6195/6179/1812 6197/6180/1813 6198/6181/1812
f 6199/6182/132 6200/6183/132 6201/6184/132
f 6199/6182/132 6201/6184/132 6202/6185/132
f 6200/6186/132 6203/6187/132 6204/6188/132
f 6200/6186/132 6204/6188/132 6205/6189/132
f 6206/6190/232 6207/6191/232 6208/6192/232
f 6206/6190/232 6208/6192/232 6209/6193/232
f 6210/6194/326 6211/6195/326 6212/6196/326
f 6210/6194/326 6212/6196/326 6213/6197/326
f 6214/6198/1814 6215/6199/1815 6216/6200/1815
f 6214/6201/1814 6216/6202/1815 6217/6203/1814
f 6218/6204/1816 6219/6205/1817 6220/6206/1817
f 6218/6204/1816 6220/6206/1817 6221/6207/1816
f 6222/6208/350 6223/6209/350 6224/6210/350
f 6222/6208/350 6224/6210/350 6225/6211/350
f 6226/6212/269 6227/6213/269 6228/6214/269
f 6226/6212/269 6228/6214/269 6229/6215/269
f 6230/6216/132 6231/6217/132 6232/6218/132
f 6230/6216/132 6232/6218/132 6233/6219/132
f 6234/6220/132 6235/6221/132 6236/6222/132
f 6234/6220/132 6236/6222/132 6237/6223/132
f 6238/6224/1818 6239/6225/1819 6240/6226/1819
f 6238/6224/1818 6240/6226/1819 6241/6227/1818
f 6242/6228/1820 6243/6229/1821 6244/6230/1822
f 6242/6231/1820 6244/6232/1822 6245/6233/1820
f 6246/6234/373 6247/6235/373 6248/6236/373
f 6246/6234/373 6248/6236/373 6249/6237/373
f 6250/6238/295 6251/6239/295 6252/6240/295
f 6250/6238/295 6252/6240/295 6253/6241/295
f 6254/6242/132 6255/6243/132 6256/6244/132
f 6254/6242/132 6256/6244/132 6257/6245/132
f 6255/6243/132 6254/6242/132 6258/6246/132
f 6255/6243/132 6258/6246/132 6259/6247/132
f 6260/6248/1823 6214/6249/1814 6217/6250/1814
f 6260/6248/1823 6217/6250/1814 6261/6251/1823
f 6219/6205/1817 6262/6252/1824 6263/6253/1824
f 6219/6205/1817 6263/6253/1824 6220/6206/1817
f 6231/6217/132 6264/6254/132 6265/6255/132
f 6231/6217/132 6265/6255/132 6232/6218/132
f 6264/6256/1749 6234/6220/132 6237/6223/132
f 6264/6256/1749 6237/6223/132 6266/6257/1749
f 6267/6258/309 6268/6259/1825 6269/6260/1825
f 6267/6258/309 6269/6260/1825 6270/6261/309
f 6271/6262/387 6272/6263/387 6273/6264/387
f 6271/6262/387 6273/6264/387 6274/6265/387
f 6275/6266/1826 6238/6224/1818 6241/6227/1818
f 6275/6266/1826 6241/6227/1818 6276/6267/1826
f 6243/6268/1821 6277/6269/1827 6278/6270/1827
f 6243/6229/1821 6278/6271/1827 6244/6230/1822
f 6279/6272/132 6280/6273/132 6281/6274/132
f 6279/6272/132 6281/6274/132 6282/6275/132
f 6280/6273/132 6279/6272/132 6283/6276/132
f 6280/6273/132 6283/6276/132 6284/6277/132
f 6285/6278/325 6286/6279/325 6287/6280/325
f 6285/6278/325 6287/6280/325 6288/6281/325
f 6289/6282/233 6290/6283/233 6291/6284/233
f 6289/6282/233 6291/6284/233 6292/6285/233
f 6293/6286/1828 6294/6287/1829 6295/6288/1830
f 6293/6289/1828 6295/6290/1830 6296/6291/1828
f 6297/6292/1831 6298/6293/1832 6299/6294/1832
f 6297/6292/1831 6299/6294/1832 6300/6295/1831
f 6301/6296/267 6302/6297/267 6303/6298/267
f 6301/6296/267 6303/6298/267 6304/6299/267
f 6305/6300/352 6306/6301/352 6307/6302/352
f 6305/6300/352 6307/6302/352 6308/6303/352
f 6309/6304/132 6310/6305/132 6311/6306/132
f 6309/6304/132 6311/6306/132 6312/6307/132
f 6310/6305/132 6309/6304/132 6313/6308/132
f 6310/6305/132 6313/6308/132 6314/6309/132
f 6192/6173/1811 6315/6310/1833 6316/6311/1833
f 6192/6173/1811 6316/6311/1833 6193/6174/1811
f 6317/6312/1834 6195/6179/1812 6198/6181/1812
f 6317/6313/1834 6198/6314/1812 6318/6315/1834
f 6319/6316/293 6320/6317/293 6321/6318/293
f 6319/6316/293 6321/6318/293 6322/6319/293
f 6323/6320/375 6324/6321/375 6325/6322/375
f 6323/6320/375 6325/6322/375 6326/6323/375
f 6327/6324/132 6199/6182/132 6202/6185/132
f 6327/6324/132 6202/6185/132 6328/6325/132
f 6203/6187/132 6329/6326/132 6330/6327/132
f 6203/6187/132 6330/6327/132 6204/6188/132
f 6331/6328/1835 6293/6329/1828 6296/6330/1828
f 6331/6328/1835 6296/6330/1828 6332/6331/1835
f 6298/6293/1832 6333/6332/1836 6334/6333/1836
f 6298/6293/1832 6334/6333/1836 6299/6294/1832
f 6335/6334/132 6336/6335/132 6337/6336/132
f 6335/6334/132 6337/6336/132 6338/6337/132
f 6336/6335/132 6335/6334/132 6339/6338/132
f 6336/6335/132 6339/6338/132 6340/6339/132
f 6341/6340/204 6342/6341/204 6343/6342/204
f 6341/6340/204 6343/6342/204 6344/6343/204
f 6345/6344/1837 6346/6345/1837 6347/6346/1837
f 6345/6344/1837 6347/6346/1837 6348/6347/1837
f 6349/6348/1838 6350/6349/1839 6351/6350/1839
f 6349/6348/1838 6351/6350/1839 6352/6351/1838
f 6353/6352/1840 6354/6353/1841 6355/6354/1841
f 6353/6352/1840 6355/6354/1841 6356/6355/1842
f 6357/6356/132 6358/6357/132 6359/6358/132
f 6357/6356/132 6359/6358/132 6360/6359/1748
f 6358/6357/132 6357/6356/132 6361/6360/1749
f 6358/6357/132 6361/6360/1749 6362/6361/1748
f 6363/6362/370 6364/6363/370 6365/6364/370
f 6363/6362/370 6365/6364/370 6366/6365/370
f 6367/6366/423 6368/6367/423 6369/6368/423
f 6367/6366/423 6369/6368/423 6370/6369/423
f 6371/6370/1843 6372/6371/1844 6373/6372/1845
f 6371/6370/1843 6373/6372/1845 6374/6373/1846
f 6375/6374/1847 6376/6375/1848 6377/6376/1848
f 6375/6374/1847 6377/6376/1848 6378/6377/1847
f 6379/6378/241 6380/6379/241 6381/6380/241
f 6379/6378/241 6381/6380/241 6382/6381/241
f 6383/6382/239 6384/6383/239 6385/6384/239
f 6383/6382/239 6385/6384/239 6386/6385/239
f 6387/6386/132 6388/6387/132 6389/6388/132
f 6387/6386/132 6389/6388/132 6390/6389/132
f 6388/6387/132 6387/6386/132 6391/6390/132
f 6388/6387/132 6391/6390/132 6392/6391/132
f 6393/6392/1849 6371/6370/1843 6374/6373/1846
f 6393/6392/1849 6374/6373/1846 6394/6393/1849
f 6376/6375/1848 6395/6394/1850 6396/6395/1850
f 6376/6375/1848 6396/6395/1850 6377/6376/1848
f 6397/6396/132 6398/6397/132 6399/6398/132
f 6397/6396/132 6399/6398/132 6400/6399/132
f 6398/6397/132 6397/6396/132 6401/6400/132
f 6398/6397/132 6401/6400/132 6402/6401/132
f 6403/6402/287 6404/6403/287 6405/6404/287
f 6403/6402/287 6405/6404/287 6406/6405/287
f 6407/6406/286 6408/6407/286 6409/6408/286
f 6407/6406/286 6409/6408/286 6410/6409/286
f 6350/6349/1839 6411/6410/1851 6412/6411/1852
f 6350/6349/1839 6412/6411/1852 6351/6350/1839
f 6413/6412/1853 6353/6352/1840 6356/6355/1842
f 6413/6412/1853 6356/6355/1842 6414/6413/1853
f 6415/6414/399 6416/6415/399 6417/6416/399
f 6415/6414/399 6417/6416/399 6418/6417/399
f 6419/6418/334 6420/6419/1806 6421/6420/1806
f 6419/6418/334 6421/6420/1806 6422/6421/334
f 6423/6422/132 6424/6423/132 6425/6424/132
f 6423/6422/132 6425/6424/132 6426/6425/1748
f 6424/6423/132 6423/6422/132 6427/6426/132
f 6424/6423/132 6427/6426/132 6428/6427/132
f 6429/6428/55 6430/6429/55 6431/6430/55
f 6429/6428/55 6431/6430/55 6432/6431/55
f 6430/6429/55 6429/6428/55 6433/6432/55
f 6430/6429/55 6433/6432/55 6434/6433/55
f 6435/6434/1806 6436/6435/334 6437/6436/334
f 6435/6434/1806 6437/6436/334 6438/6437/1806
f 6439/6438/1854 6440/6439/1855 6441/6440/1855
f 6439/6438/1854 6441/6440/1855 6442/6441/1854
f 6443/6442/1856 6444/6443/1857 6445/6444/1857
f 6443/6442/1856 6445/6444/1857 6446/6445/1856
f 6447/6446/55 6448/6447/55 6449/6448/55
f 6447/6446/55 6449/6448/55 6450/6449/55
f 6448/6447/55 6447/6446/55 6451/6450/55
f 6448/6447/55 6451/6450/55 6452/6451/55
f 6453/6452/1858 6454/6453/1859 6455/6454/1859
f 6453/6452/1858 6455/6454/1859 6456/6455/1858
f 6457/6456/1860 6458/6457/1861 6459/6458/1861
f 6457/6456/1860 6459/6458/1861 6460/6459/1862
f 6461/6460/287 6462/6461/287 6463/6462/287
f 6461/6460/287 6463/6462/287 6464/6463/287
f 6465/6464/286 6466/6465/286 6467/6466/286
f 6465/6464/286 6467/6466/286 6468/6467/286
f 6469/6468/55 6470/6469/55 6471/6470/55
f 6469/6468/55 6471/6470/55 6472/6471/55
f 6470/6469/55 6469/6468/55 6473/6472/55
f 6470/6469/55 6473/6472/55 6474/6473/55
f 6475/6474/241 6476/6475/241 6477/6476/241
f 6475/6474/241 6477/6476/241 6478/6477/241
f 6479/6478/239 6480/6479/239 6481/6480/239
f 6479/6478/239 6481/6480/239 6482/6481/239
f 6483/6482/1863 6453/6452/1858 6456/6455/1858
f 6483/6482/1863 6456/6455/1858 6484/6483/1863
f 6458/6457/1861 6485/6484/1864 6486/6485/1864
f 6458/6457/1861 6486/6485/1864 6459/6458/1861
f 6487/6486/55 6488/6487/55 6489/6488/55
f 6487/6486/55 6489/6488/55 6490/6489/54
f 6488/6487/55 6487/6486/55 6491/6490/55
f 6488/6487/55 6491/6490/55 6492/6491/54
f 6440/6439/1855 6493/6492/1865 6494/6493/1866
f 6440/6439/1855 6494/6493/1866 6441/6440/1855
f 6495/6494/1867 6443/6442/1856 6446/6445/1856
f 6495/6494/1867 6446/6445/1856 6496/6495/1868
f 6497/6496/370 6498/6497/370 6499/6498/370
f 6497/6496/370 6499/6498/370 6500/6499/370
f 6501/6500/423 6502/6501/423 6503/6502/423
f 6501/6500/423 6503/6502/423 6504/6503/423
f 6505/6504/55 6506/6505/55 6507/6506/55
f 6505/6504/55 6507/6506/55 6508/6507/55
f 6506/6505/55 6505/6504/55 6509/6508/55
f 6506/6505/55 6509/6508/55 6510/6509/55
f 6511/6510/1869 6512/6511/1870 6513/6512/1870
f 6511/6510/1869 6513/6512/1870 6514/6513/1869
f 6515/6514/1871 6516/6515/1872 6517/6516/1872
f 6515/6514/1871 6517/6516/1872 6518/6517/1871
f 6519/6518/204 6520/6519/204 6521/6520/204
f 6519/6518/204 6521/6520/204 6522/6521/204
f 6523/6522/1837 6524/6523/1837 6525/6524/1837
f 6523/6522/1837 6525/6524/1837 6526/6525/1837
f 6527/6526/55 6528/6527/55 6529/6528/55
f 6527/6526/55 6529/6528/55 6530/6529/55
f 6531/6530/55 6532/6531/55 6533/6532/55
f 6531/6530/55 6533/6532/55 6534/6533/55
f 6535/6534/293 6536/6535/293 6537/6536/293
f 6535/6534/293 6537/6536/293 6538/6537/293
f 6539/6538/375 6540/6539/375 6541/6540/375
f 6539/6538/375 6541/6540/375 6542/6541/375
f 6543/6542/1873 6544/6543/1874 6545/6544/1874
f 6543/6545/1873 6545/6546/1874 6546/6547/1873
f 6547/6548/1875 6548/6549/1876 6549/6550/1876
f 6547/6548/1875 6549/6550/1876 6550/6551/1875
f 6551/6552/55 6552/6553/55 6553/6554/55
f 6551/6552/55 6553/6554/55 6554/6555/55
f 6552/6553/55 6551/6552/55 6555/6556/55
f 6552/6553/55 6555/6556/55 6556/6557/55
f 6557/6558/267 6558/6559/267 6559/6560/267
f 6557/6558/267 6559/6560/267 6560/6561/267
f 6561/6562/352 6562/6563/1877 6563/6564/1877
f 6561/6562/352 6563/6564/1877 6564/6565/352
f 6565/6566/1878 6566/6567/1869 6567/6568/1869
f 6565/6569/1878 6567/6570/1869 6568/6571/1878
f 6516/6515/1872 6569/6572/1879 6570/6573/1880
f 6516/6515/1872 6570/6573/1880 6517/6516/1872
f 6571/6574/55 6572/6575/55 6573/6576/55
f 6571/6574/55 6573/6576/55 6574/6577/55
f 6572/6575/55 6571/6574/55 6575/6578/55
f 6572/6575/55 6575/6578/55 6576/6579/55
f 6577/6580/1881 6578/6581/1882 6579/6582/1882
f 6577/6583/1881 6579/6584/1882 6580/6585/1881
f 6581/6586/1883 6582/6587/1884 6583/6588/1884
f 6581/6586/1883 6583/6588/1884 6584/6589/1883
f 6585/6590/325 6586/6591/325 6587/6592/325
f 6585/6590/325 6587/6592/325 6588/6593/325
f 6589/6594/233 6590/6595/233 6591/6596/233
f 6589/6594/233 6591/6596/233 6592/6597/233
f 6593/6598/55 6594/6599/55 6595/6600/55
f 6593/6598/55 6595/6600/55 6596/6601/55
f 6597/6602/55 6598/6603/55 6599/6604/55
f 6597/6602/55 6599/6604/55 6600/6605/55
f 6601/6606/1885 6602/6607/1886 6603/6608/1886
f 6601/6606/1885 6603/6608/1886 6604/6609/1887
f 6605/6610/1888 6606/6611/1889 6607/6612/1890
f 6605/6610/1888 6607/6612/1890 6608/6613/1888
f 6609/6614/1825 6610/6615/309 6611/6616/309
f 6609/6614/1825 6611/6616/309 6612/6617/1825
f 6613/6618/387 6614/6619/387 6615/6620/387
f 6613/6618/387 6615/6620/387 6616/6621/387
f 6617/6622/55 6618/6623/55 6619/6624/55
f 6617/6622/55 6619/6624/55 6620/6625/55
f 6618/6623/55 6617/6622/55 6621/6626/55
f 6618/6623/55 6621/6626/55 6622/6627/55
f 6623/6628/373 6624/6629/373 6625/6630/373
f 6623/6628/373 6625/6630/373 6626/6631/373
f 6627/6632/295 6628/6633/295 6629/6634/295
f 6627/6632/295 6629/6634/295 6630/6635/295
f 6631/6636/1891 6577/6583/1881 6580/6585/1881
f 6631/6637/1891 6580/6155/1881 6632/6638/1891
f 6582/6587/1884 6633/6639/1892 6634/6640/1892
f 6582/6587/1884 6634/6640/1892 6583/6588/1884
f 6594/6599/55 6635/6641/55 6636/6642/55
f 6594/6599/55 6636/6642/55 6595/6600/55
f 6635/6643/55 6597/6602/55 6600/6605/55
f 6635/6643/55 6600/6605/55 6637/6644/55
f 6638/6645/350 6639/6646/350 6640/6647/350
f 6638/6645/350 6640/6647/350 6641/6648/350
f 6642/6649/269 6643/6650/269 6644/6651/269
f 6642/6649/269 6644/6651/269 6645/6652/269
f 6646/6653/1893 6647/6654/1894 6648/6655/1894
f 6646/6656/1893 6648/6657/1894 6649/6658/1893
f 6606/6611/1889 6650/6659/1895 6651/6660/1895
f 6606/6611/1889 6651/6660/1895 6607/6612/1890
f 6652/6661/55 6527/6526/55 6530/6529/55
f 6652/6661/55 6530/6529/55 6653/6662/55
f 6532/6531/55 6654/6663/55 6655/6664/55
f 6532/6531/55 6655/6664/55 6533/6532/55
f 6544/6665/1874 6656/6666/1896 6657/6667/1896
f 6544/6543/1874 6657/6668/1896 6545/6544/1874
f 6658/6669/1897 6547/6548/1875 6550/6551/1875
f 6658/6669/1897 6550/6551/1875 6659/6670/1897
f 6660/6671/232 6661/6672/232 6662/6673/232
f 6660/6671/232 6662/6673/232 6663/6674/232
f 6664/6675/326 6665/6676/326 6666/6677/326
f 6664/6675/326 6666/6677/326 6667/6678/326
f 6668/6679/55 6669/6680/55 6670/6681/55
f 6668/6679/55 6670/6681/55 6671/6682/55
f 6669/6680/55 6668/6679/55 6672/6683/55
f 6669/6680/55 6672/6683/55 6673/6684/55
f 6674/6685/1898 6675/6686/1899 6676/6687/1900
f 6674/6688/1898 6676/6689/1900 6677/6690/1898
f 6678/6691/1901 6679/6692/1902 6680/6693/1902
f 6678/6691/1901 6680/6693/1902 6681/6694/1901
f 6682/6695/258 6683/6696/258 6684/6697/258
f 6682/6695/258 6684/6697/258 6685/6698/258
f 6686/6699/347 6687/6700/347 6688/6701/347
f 6686/6699/347 6688/6701/347 6689/6702/347
f 6690/6703/55 6691/6704/55 6692/6705/55
f 6690/6703/55 6692/6705/55 6693/6706/56
f 6691/6704/55 6690/6703/55 6694/6707/55
f 6691/6704/55 6694/6707/55 6695/6708/56
f 6696/6709/334 6697/6710/1806 6698/6711/1806
f 6696/6709/334 6698/6711/1806 6699/6712/334
f 6700/6713/241 6701/6714/241 6702/6715/241
f 6700/6713/241 6702/6715/241 6703/6716/241
f 6704/6717/1903 6705/6718/1904 6706/6719/1904
f 6704/6717/1903 6706/6719/1904 6707/6454/1903
f 6708/6720/1905 6709/6721/1906 6710/6722/1906
f 6708/6720/1905 6710/6722/1906 6711/6723/1905
f 6712/6724/55 6713/6725/55 6714/6726/55
f 6712/6724/55 6714/6726/55 6715/6727/55
f 6713/6725/55 6712/6724/55 6716/6728/55
f 6713/6725/55 6716/6728/55 6717/6729/55
f 6718/6730/311 6719/6731/1801 6720/6732/1801
f 6718/6730/311 6720/6732/1801 6721/6733/311
f 6722/6734/214 6723/6735/214 6724/6736/214
f 6722/6734/214 6724/6736/214 6725/6737/214
f 6726/6738/1907 6727/6739/1898 6728/6740/1898
f 6726/6738/1907 6728/6740/1898 6729/6741/1907
f 6679/6692/1902 6730/6742/1908 6731/6743/1908
f 6679/6692/1902 6731/6743/1908 6680/6693/1902
f 6732/6744/55 6733/6745/55 6734/6746/55
f 6732/6744/55 6734/6746/55 6735/6747/55
f 6733/6745/55 6732/6744/55 6736/6748/55
f 6733/6745/55 6736/6748/55 6737/6749/54
f 6738/6750/1909 6739/6751/1910 6740/6752/1910
f 6738/6750/1909 6740/6752/1910 6741/6753/1909
f 6742/6754/1911 6743/6755/1912 6744/6756/1912
f 6742/6754/1911 6744/6756/1912 6745/6757/1911
f 6746/6758/423 6747/6759/423 6748/6760/423
f 6746/6758/423 6748/6760/423 6749/6761/423
f 6750/6762/1913 6751/6763/287 6752/6764/287
f 6750/6762/1913 6752/6764/287 6753/6765/1913
f 6754/6766/55 6755/6767/55 6756/6768/55
f 6754/6766/55 6756/6768/55 6757/6769/55
f 6758/6770/55 6754/6771/55 6759/6772/55
f 6758/6770/55 6759/6772/55 6760/6773/55
f 6761/6774/1914 6762/6775/1915 6763/6776/1915
f 6761/6777/1914 6763/6688/1915 6764/6778/1914
f 6765/6779/1916 6766/6780/1917 6767/6781/1918
f 6765/6779/1916 6767/6781/1918 6768/6782/1916
f 6769/6783/346 6770/6784/346 6771/6785/346
f 6769/6783/346 6771/6785/346 6772/6786/346
f 6773/6787/259 6774/6788/259 6775/6789/259
f 6773/6787/259 6775/6789/259 6776/6790/259
f 6777/6791/54 6778/6792/55 6779/6793/55
f 6777/6791/54 6779/6793/55 6780/6794/54
f 6778/6792/55 6777/6791/54 6781/6795/55
f 6778/6792/55 6781/6795/55 6782/6796/55
f 6783/6797/239 6784/6798/239 6785/6799/239
f 6783/6797/239 6785/6799/239 6786/6800/239
f 6787/6801/399 6788/6802/399 6789/6803/399
f 6787/6801/399 6789/6803/399 6790/6804/399
f 6791/6805/1919 6738/6750/1909 6741/6753/1909
f 6791/6805/1919 6741/6753/1909 6792/6806/1919
f 6743/6755/1912 6793/6807/1920 6794/6808/1920
f 6743/6755/1912 6794/6808/1920 6744/6756/1912
f 6755/6767/55 6795/6809/55 6796/6810/55
f 6755/6767/55 6796/6810/55 6756/6768/55
f 6797/6811/55 6758/6770/55 6760/6773/55
f 6797/6811/55 6760/6773/55 6798/6812/55
f 6799/6813/212 6800/6814/212 6801/6519/212
f 6799/6813/212 6801/6519/212 6802/6815/212
f 6803/6816/313 6804/6817/313 6805/6818/313
f 6803/6816/313 6805/6818/313 6806/6819/313
f 6807/6820/1921 6808/6821/1914 6809/6822/1914
f 6807/6820/1921 6809/6822/1914 6810/6823/1921
f 6766/6780/1917 6811/6824/1922 6812/6825/1922
f 6766/6780/1917 6812/6825/1922 6767/6781/1918
f 6813/6826/54 6814/6827/55 6815/6828/55
f 6813/6826/54 6815/6828/55 6816/6829/54
f 6814/6827/55 6813/6826/54 6817/6830/55
f 6814/6827/55 6817/6830/55 6818/6831/55
f 6705/6718/1904 6819/6832/1923 6820/6833/1923
f 6705/6718/1904 6820/6833/1923 6706/6719/1904
f 6821/6834/1924 6708/6720/1905 6711/6723/1905
f 6821/6834/1924 6711/6723/1905 6822/6835/1924
f 6823/6836/286 6824/6837/286 6825/6838/286
f 6823/6836/286 6825/6838/286 6826/6839/286
f 6827/6840/370 6828/6841/370 6829/6842/370
f 6827/6840/370 6829/6842/370 6830/6843/370
f 6831/6844/55 6832/6845/55 6833/6846/55
f 6831/6844/55 6833/6846/55 6834/6847/55
f 6835/6848/1925 6836/6849/1926 6837/6850/1926
f 6835/6848/1925 6837/6850/1926 6838/6851/1927
f 6839/6852/387 6840/6853/387 6841/6854/387
f 6839/6852/387 6841/6854/387 6842/6855/387
f 6843/6856/1778 6844/6857/1778 6845/6858/1778
f 6843/6856/1778 6845/6858/1778 6846/6859/1778
f 6847/6860/55 6848/6861/55 6849/6862/55
f 6847/6860/55 6849/6862/55 6850/6863/55
f 6848/6861/55 6847/6860/55 6851/6864/55
f 6848/6861/55 6851/6864/55 6852/6865/54
f 6853/6866/375 6854/6867/375 6855/6868/375
f 6853/6866/375 6855/6868/375 6856/6869/375
f 6857/6870/373 6858/6871/373 6859/6872/373
f 6857/6870/373 6859/6872/373 6860/6873/373
f 6861/6874/1928 6862/6875/1929 6863/6876/1929
f 6861/6877/1928 6863/6878/1929 6864/6879/1928
f 6865/6880/1930 6866/6881/1931 6867/6882/1931
f 6865/6880/1930 6867/6882/1931 6868/6883/1930
f 6869/6884/55 6870/6885/55 6871/6886/55
f 6869/6884/55 6871/6886/55 6872/6887/55
f 6873/6888/350 6874/6889/350 6875/6890/350
f 6873/6888/350 6875/6890/350 6876/6891/350
f 6836/6849/1926 6877/6892/1932 6878/6893/1932
f 6836/6849/1926 6878/6893/1932 6837/6850/1926
f 6879/6894/55 6880/6895/55 6881/6896/55
f 6879/6894/55 6881/6896/55 6882/6897/55
f 6880/6895/55 6879/6894/55 6883/6898/55
f 6880/6895/55 6883/6898/55 6884/6899/56
f 6885/6900/1933 6886/6901/1934 6887/6902/1934
f 6885/6903/1933 6887/6904/1934 6888/6905/1933
f 6889/6906/1935 6890/6907/1936 6891/6908/1936
f 6889/6906/1935 6891/6908/1936 6892/6909/1935
f 6893/6910/1771 6894/6911/347 6895/6912/347
f 6893/6910/1771 6895/6912/347 6896/6913/1771
f 6897/6914/346 6898/6915/346 6899/6916/346
f 6897/6914/346 6899/6916/346 6900/6917/346
f 6901/6918/55 6902/6919/56 6903/6920/55
f 6901/6918/55 6903/6920/55 6904/6921/55
f 6902/6919/56 6901/6918/55 6905/6922/55
f 6902/6919/56 6905/6922/55 6906/6923/56
f 6907/6924/1937 6908/6925/1938 6909/6926/1938
f 6907/6924/1937 6909/6926/1938 6910/6927/1937
f 6911/6928/325 6912/6929/325 6913/6930/325
f 6911/6928/325 6913/6930/325 6914/6931/325
f 6915/6932/55 6916/6933/55 6917/6934/55
f 6915/6932/55 6917/6934/55 6918/6935/55
f 6916/6933/55 6915/6932/55 6919/6936/55
f 6916/6933/55 6919/6936/55 6920/6937/55
f 6921/6938/313 6922/6939/313 6923/6940/313
f 6921/6938/313 6923/6940/313 6924/6941/313
f 6925/6942/311 6926/6943/1801 6927/6944/1801
f 6925/6942/311 6927/6944/1801 6928/6945/311
f 6929/6946/1939 6930/6947/1933 6931/6948/1933
f 6929/6946/1939 6931/6948/1933 6932/6949/1939
f 6890/6907/1936 6933/6950/1940 6934/6951/1941
f 6890/6907/1936 6934/6951/1941 6891/6908/1936
f 6935/6952/55 6936/6953/55 6937/6954/55
f 6935/6952/55 6937/6954/55 6938/6955/55
f 6936/6953/55 6935/6952/55 6939/6956/55
f 6936/6953/55 6939/6956/55 6940/6957/55
f 6941/6958/1942 6942/6959/1943 6943/6960/1943
f 6941/6958/1942 6943/6960/1943 6944/6961/1942
f 6945/6962/1944 6946/6963/1945 6947/6964/1945
f 6945/6962/1944 6947/6964/1945 6948/6965/1944
f 6949/6966/203 6950/6967/203 6951/6968/203
f 6949/6966/203 6951/6968/203 6952/6969/203
f 6953/6970/309 6954/6971/309 6955/6972/309
f 6953/6970/309 6955/6972/309 6956/6973/309
f 6957/6974/54 6958/6975/56 6959/6976/56
f 6957/6974/54 6959/6976/56 6960/6977/54
f 6958/6975/56 6957/6974/54 6961/6978/55
f 6958/6975/56 6961/6978/55 6962/6979/55
f 6963/6980/295 6964/6981/295 6965/6982/295
f 6963/6980/295 6965/6982/295 6966/6983/295
f 6967/6984/293 6968/6985/293 6969/6986/293
f 6967/6984/293 6969/6986/293 6970/6987/293
f 6971/6988/1946 6972/6989/1946 6973/6990/1946
f 6971/6991/1946 6973/6992/1946 6974/6993/1946
f 6908/6994/1938 6975/6995/1947 6976/6996/1947
f 6908/6925/1938 6976/6997/1947 6909/6926/1938
f 6977/6998/55 6978/6999/55 6979/7000/55
f 6977/6998/55 6979/7000/55 6980/7001/55
f 6978/6999/55 6977/6998/55 6981/7002/55
f 6978/6999/55 6981/7002/55 6982/7003/54
f 6983/7004/269 6984/7005/269 6985/7006/269
f 6983/7004/269 6985/7006/269 6986/7007/269
f 6987/7008/267 6988/7009/267 6989/7010/267
f 6987/7008/267 6989/7010/267 6990/7011/267
f 6991/7012/1948 6992/7013/1942 6993/7014/1942
f 6991/7015/1948 6993/7016/1942 6994/7017/1948
f 6946/6963/1945 6995/7018/1949 6996/7019/1950
f 6946/6963/1945 6996/7019/1950 6947/6964/1945
f 6997/7020/55 6998/7021/55 6999/7022/55
f 6997/7020/55 6999/7022/55 7000/7023/55
f 6998/7021/55 6997/7020/55 7001/7024/55
f 6998/7021/55 7001/7024/55 7002/7025/55
f 7003/7026/1951 7004/7027/1952 7005/7028/1952
f 7003/7029/1951 7005/7030/1952 7006/7031/1951
f 7007/7032/1953 7008/7033/1954 7009/7034/1954
f 7007/7032/1953 7009/7034/1954 7010/7035/1953
f 7011/7036/259 7012/7037/259 7013/7038/259
f 7011/7036/259 7013/7038/259 7014/7039/259
f 7015/7040/258 7016/7041/258 7017/7042/258
f 7015/7040/258 7017/7042/258 7018/7043/258
f 7019/7044/56 7020/7045/54 7021/7046/55
f 7019/7044/56 7021/7046/55 7022/7047/55
f 7020/7045/54 7019/7044/56 7023/7048/1955
f 7020/7045/54 7023/7048/1955 7024/7049/54
f 6862/7050/1929 7025/7051/1956 7026/7052/1956
f 6862/6875/1929 7026/7053/1956 6863/6876/1929
f 7027/7054/1957 6865/6880/1930 6868/6883/1930
f 7027/7054/1957 6868/6883/1930 7028/7055/1957
f 7029/7056/233 7030/7057/233 7031/7058/233
f 7029/7056/233 7031/7058/233 7032/7059/233
f 7033/7060/232 7034/7061/232 7035/7062/232
f 7033/7060/232 7035/7062/232 7036/7063/232
f 7037/7064/55 7038/7065/55 7039/7066/55
f 7037/7064/55 7039/7066/55 7040/7067/55
f 7038/7065/55 7037/7064/55 7041/7068/55
f 7038/7065/55 7041/7068/55 7042/7069/56
f 7043/7070/214 7044/7071/214 7045/7072/214
f 7043/7070/214 7045/7072/214 7046/7073/214
f 7047/7074/1743 7048/7075/1743 7049/7076/1743
f 7047/7074/1743 7049/7076/1743 7050/7077/1743
f 7051/7078/1958 7052/7079/1951 7053/7080/1951
f 7051/7078/1958 7053/7080/1951 7054/7081/1958
f 7008/7033/1954 7055/7082/1959 7056/7083/1960
f 7008/7033/1954 7056/7083/1960 7009/7034/1954
f 7057/7084/225 7058/7085/225 7059/7086/225
f 7057/7084/225 7059/7086/225 7060/7087/225
f 7061/7088/222 7062/7089/222 7063/7090/222
f 7061/7088/222 7063/7090/222 7064/7091/222
f 7065/7092/85 7066/7093/85 7067/7094/85
f 7065/7092/85 7067/7094/85 7068/7095/85
f 7069/7096/48 7070/7097/48 7071/7098/48
f 7069/7096/48 7071/7098/48 7072/7099/48
f 7073/7100/1961 7074/7101/13 7075/7102/13
f 7073/7100/1961 7075/7102/13 7076/7103/1961
f 7077/7104/1 7078/7105/1962 7079/7106/1962
f 7077/7104/1 7079/7106/1962 7080/7107/1
f 7081/7108/1963 7082/7109/1963 7083/7110/1963
f 7081/7108/1963 7083/7110/1963 7084/7111/1963
f 7085/7112/1964 7086/7113/1964 7087/7114/1964
f 7085/7112/1964 7087/7114/1964 7088/7115/1964
f 7089/7116/13 7090/7117/13 7091/7118/13
f 7089/7116/13 7091/7118/13 7092/7119/13
f 7093/7120/1 7094/7121/1 7095/7122/1
f 7093/7120/1 7095/7122/1 7096/7123/1
f 7097/7124/85 7098/7125/1965 7099/7126/1965
f 7097/7124/85 7099/7126/1965 7100/7127/85
f 7101/7128/1966 7102/7129/48 7103/7130/48
f 7101/7128/1966 7103/7130/48 7104/7131/1966
f 7105/7132/85 7106/7133/85 7107/7134/85
f 7105/7132/85 7107/7134/85 7108/7135/85
f 7109/7136/48 7110/7137/48 7111/7138/48
f 7109/7136/48 7111/7138/48 7112/7139/48
f 7113/7140/13 7114/7141/13 7115/766/13
f 7113/7140/13 7115/766/13 7116/7142/13
f 7117/7143/1 7118/7144/1 7119/7145/1
f 7117/7143/1 7119/7145/1 7120/7146/1
f 7121/7147/1967 7122/7148/1963 7123/7149/1963
f 7121/7147/1967 7123/7149/1963 7124/7150/1967
f 7125/7151/1964 7126/7152/1968 7127/7153/1968
f 7125/7151/1964 7127/7153/1968 7128/7154/1964
f 7129/7155/13 7130/7156/13 7131/7157/13
f 7129/7155/13 7131/7157/13 7132/7158/13
f 7133/7159/1 7134/7160/1 7135/7161/1
f 7133/7159/1 7135/7161/1 7136/7162/1
f 7137/7163/85 7138/7164/85 7139/7165/85
f 7137/7163/85 7139/7165/85 7140/7166/85
f 7141/7167/48 7142/7168/48 7143/7169/48
f 7141/7167/48 7143/7169/48 7144/7170/48
f 7145/7171/1969 7146/7172/225 7147/7173/225
f 7145/7171/1969 7147/7173/225 7148/7174/1969
f 7149/7175/222 7150/7176/1970 7151/7177/1970
f 7149/7175/222 7151/7177/1970 7152/7178/222
f 7153/7179/85 7154/7180/85 7155/7181/85
f 7153/7179/85 7155/7181/85 7156/7182/85
f 7157/7183/48 7158/7184/48 7159/7185/48
f 7157/7183/48 7159/7185/48 7160/7186/48
f 7161/7187/13 7113/7140/13 7116/7142/13
f 7161/7187/13 7116/7142/13 7162/7188/13
f 7118/7144/1 7163/7189/1 7164/7190/1
f 7118/7144/1 7164/7190/1 7119/7145/1
f 7165/7191/1963 7166/7192/1963 7167/7193/1963
f 7165/7191/1963 7167/7193/1963 7168/7194/1963
f 7169/7195/1964 7170/7196/1964 7171/7197/1964
f 7169/7195/1964 7171/7197/1964 7172/7198/1964
f 7173/7199/13 7174/7200/13 7175/7201/13
f 7173/7199/13 7175/7201/13 7176/7202/13
f 7177/7203/1 7178/7204/1 7179/7205/1
f 7177/7203/1 7179/7205/1 7180/7206/1
f 7138/7164/85 7181/7207/85 7182/7208/85
f 7138/7164/85 7182/7208/85 7139/7165/85
f 7183/7209/48 7141/7167/48 7144/7170/48
f 7183/7209/48 7144/7170/48 7184/7210/48
f 7185/7211/225 7186/7212/225 7187/7213/225
f 7185/7211/225 7187/7213/225 7188/7214/225
f 7189/7215/222 7190/7216/222 7191/7217/222
f 7189/7215/222 7191/7217/222 7192/7218/222
f 7193/7219/85 7194/7220/85 7195/7221/85
f 7193/7219/85 7195/7221/85 7196/7222/85
f 7197/7223/48 7198/7224/48 7199/7225/48
f 7197/7223/48 7199/7225/48 7200/7226/48
f 7201/7227/13 7161/7187/13 7162/7188/13
f 7201/7227/13 7162/7188/13 7202/7228/13
f 7163/7189/1 7203/7229/1 7204/7230/1
f 7163/7189/1 7204/7230/1 7164/7190/1
f 7205/7231/1963 7206/7232/1963 7207/7233/1963
f 7205/7231/1963 7207/7233/1963 7208/7234/1963
f 7209/7235/1964 7210/7236/1964 7211/7237/1964
f 7209/7235/1964 7211/7237/1964 7212/7238/1964
f 7213/7239/13 7214/7240/13 7215/7241/13
f 7213/7239/13 7215/7241/13 7216/7242/13
f 7217/7243/1 7218/7244/1 7219/7245/1
f 7217/7243/1 7219/7245/1 7220/7246/1
f 7181/7207/85 7221/7247/85 7222/7248/85
f 7181/7207/85 7222/7248/85 7182/7208/85
f 7223/7249/48 7183/7209/48 7184/7210/48
f 7223/7249/48 7184/7210/48 7224/7250/48
f 7225/7251/225 7226/7252/225 7227/7253/225
f 7225/7251/225 7227/7253/225 7228/7254/225
f 7229/7255/222 7230/7256/222 7231/7257/222
f 7229/7255/222 7231/7257/222 7232/7258/222
f 7233/7259/85 7234/7260/85 7235/7261/85
f 7233/7259/85 7235/7261/85 7236/7262/85
f 7237/7263/48 7238/7264/48 7239/7265/48
f 7237/7263/48 7239/7265/48 7240/7266/48
f 7241/7267/13 7201/7227/13 7202/7228/13
f 7241/7267/13 7202/7228/13 7242/7268/13
f 7203/7229/1 7243/7269/1 7244/7270/1
f 7203/7229/1 7244/7270/1 7204/7230/1
f 7245/7271/1967 7246/7272/1963 7247/7273/1963
f 7245/7271/1967 7247/7273/1963 7248/7274/1967
f 7249/7275/1964 7250/7276/1971 7251/7277/1971
f 7249/7275/1964 7251/7277/1971 7252/7278/1964
f 7253/7279/13 7254/7280/13 7255/7281/13
f 7253/7279/13 7255/7281/13 7256/7282/13
f 7257/7283/1 7258/7284/1 7259/7285/1
f 7257/7283/1 7259/7285/1 7260/7286/1
f 7221/7247/85 7261/7287/85 7262/7288/85
f 7221/7247/85 7262/7288/85 7222/7248/85
f 7263/7289/48 7223/7249/48 7224/7250/48
f 7263/7289/48 7224/7250/48 7264/7290/48
f 7265/7291/225 7266/7292/225 7267/7293/225
f 7265/7291/225 7267/7293/225 7268/7294/225
f 7269/7295/222 7270/7296/222 7271/7297/222
f 7269/7295/222 7271/7297/222 7272/7298/222
f 7273/7299/85 7274/7300/85 7275/7301/85
f 7273/7299/85 7275/7301/85 7276/7302/85
f 7277/7303/48 7278/7304/48 7279/7305/48
f 7277/7303/48 7279/7305/48 7280/7306/48
f 7281/7307/13 7241/7267/13 7242/7268/13
f 7281/7307/13 7242/7268/13 7282/7308/13
f 7243/7269/1 7283/7309/1 7284/7310/1
f 7243/7269/1 7284/7310/1 7244/7270/1
f 7285/7311/1963 7286/7312/1963 7287/7313/1963
f 7285/7311/1963 7287/7313/1963 7288/7314/1963
f 7289/7315/1964 7290/7316/1964 7291/7317/1964
f 7289/7315/1964 7291/7317/1964 7292/7318/1964
f 7293/7319/13 7294/7320/13 7295/7321/13
f 7293/7319/13 7295/7321/13 7296/7322/13
f 7297/7323/1 7298/7324/1 7299/7325/1
f 7297/7323/1 7299/7325/1 7300/7326/1
f 7261/7287/85 7301/7327/85 7302/7328/85
f 7261/7287/85 7302/7328/85 7262/7288/85
f 7303/7329/48 7263/7289/48 7264/7290/48
f 7303/7329/48 7264/7290/48 7304/7330/48
f 7305/7331/225 7306/7332/225 7307/7333/225
f 7305/7331/225 7307/7333/225 7308/7334/225
f 7309/7335/222 7310/7336/222 7311/7337/222
f 7309/7335/222 7311/7337/222 7312/7338/222
f 7313/7339/85 7314/7340/85 7315/7341/85
f 7313/7339/85 7315/7341/85 7316/7342/85
f 7317/7343/48 7318/7344/48 7319/7345/48
f 7317/7343/48 7319/7345/48 7320/7346/48
f 7321/7347/13 7281/7307/13 7282/7308/13
f 7321/7347/13 7282/7308/13 7322/7348/13
f 7283/7309/1 7323/7349/1 7324/7350/1
f 7283/7309/1 7324/7350/1 7284/7310/1
f 7325/7351/1963 7326/7352/1963 7327/7353/1963
f 7325/7351/1963 7327/7353/1963 7328/7354/1963
f 7329/7355/1964 7330/7356/1964 7331/7357/1964
f 7329/7355/1964 7331/7357/1964 7332/7358/1964
f 7333/7359/13 7334/7360/13 7335/7361/13
f 7333/7359/13 7335/7361/13 7336/7362/13
f 7337/7363/1 7338/7364/1 7339/7365/1
f 7337/7363/1 7339/7365/1 7340/7366/1
f 7301/7327/85 7341/7367/85 7342/7368/85
f 7301/7327/85 7342/7368/85 7302/7328/85
f 7343/7369/48 7303/7329/48 7304/7330/48
f 7343/7369/48 7304/7330/48 7344/7370/48
f 7345/7371/225 7346/7372/225 7347/7373/225
f 7345/7371/225 7347/7373/225 7348/7374/225
f 7349/7375/222 7350/7376/222 7351/7377/222
f 7349/7375/222 7351/7377/222 7352/7378/222
f 7353/7379/85 7354/7380/85 7355/7381/85
f 7353/7379/85 7355/7381/85 7356/7382/85
f 7357/7383/48 7358/7384/48 7359/7385/48
f 7357/7383/48 7359/7385/48 7360/7386/48
f 7361/7387/13 7321/7347/13 7322/7348/13
f 7361/7387/13 7322/7348/13 7362/7388/13
f 7323/7349/1 7363/7389/1 7364/7390/1
f 7323/7349/1 7364/7390/1 7324/7350/1
f 7365/7391/1963 7366/7392/1963 7367/7393/1963
f 7365/7391/1963 7367/7393/1963 7368/7394/1963
f 7369/7395/1964 7370/7396/1971 7371/7397/1964
f 7369/7395/1964 7371/7397/1964 7372/7398/1964
f 7373/7399/13 7374/7400/13 7375/7401/13
f 7373/7399/13 7375/7401/13 7376/7402/13
f 7377/7403/1 7378/7404/1 7379/7405/1
f 7377/7403/1 7379/7405/1 7380/7406/1
f 7341/7367/85 7381/7407/85 7382/7408/85
f 7341/7367/85 7382/7408/85 7342/7368/85
f 7383/7409/48 7343/7369/48 7344/7370/48
f 7383/7409/48 7344/7370/48 7384/7410/48
f 7385/7411/1969 7386/7412/225 7387/7413/225
f 7385/7411/1969 7387/7413/225 7388/7414/1969
f 7389/7415/222 7390/7416/1970 7391/7417/1970
f 7389/7415/222 7391/7417/1970 7392/7418/222
f 7393/7419/85 7394/7420/85 7395/7421/85
f 7393/7419/85 7395/7421/85 7396/7422/85
f 7397/7423/48 7398/7424/48 7399/7425/48
f 7397/7423/48 7399/7425/48 7400/7426/48
f 7074/7101/13 7361/7387/13 7362/7388/13
f 7074/7101/13 7362/7388/13 7075/7102/13
f 7363/7389/1 7077/7104/1 7080/7107/1
f 7363/7389/1 7080/7107/1 7364/7390/1
f 7401/7427/1963 7402/7428/1972 7403/7429/1963
f 7401/7427/1963 7403/7429/1963 7404/7430/1963
f 7405/7431/1964 7406/7432/1971 7407/7433/1964
f 7405/7431/1964 7407/7433/1964 7408/7434/1964
f 7409/7435/13 7410/7436/13 7411/7437/13
f 7409/7435/13 7411/7437/13 7412/7438/13
f 7413/7439/1 7414/7440/1 7415/7441/1
f 7413/7439/1 7415/7441/1 7416/7442/1
f 7381/7407/85 7097/7124/85 7100/7127/85
f 7381/7407/85 7100/7127/85 7382/7408/85
f 7102/7129/48 7383/7409/48 7384/7410/48
f 7102/7129/48 7384/7410/48 7103/7130/48
f 7417/7443/1973 7418/7444/225 7419/7445/225
f 7417/7443/1973 7419/7445/225 7420/7446/1973
f 7421/7447/222 7422/7448/1970 7423/7449/1970
f 7421/7447/222 7423/7449/1970 7424/7450/222
f 7425/7451/85 7426/7452/85 7427/7453/85
f 7425/7451/85 7427/7453/85 7428/7454/85
f 7429/7455/48 7430/7456/48 7431/7457/48
f 7429/7455/48 7431/7457/48 7432/7458/48
f 7433/7459/13 7434/7460/13 7435/7461/13
f 7433/7459/13 7435/7461/13 7436/7462/13
f 7437/7463/1 7438/7464/1 7439/7465/1
f 7437/7463/1 7439/7465/1 7440/7466/1
f 7441/7467/13 7442/7468/13 7443/7469/13
f 7441/7467/13 7443/7469/13 7444/7470/13
f 7445/7471/1 7446/7472/1 7447/7473/1
f 7445/7471/1 7447/7473/1 7448/7474/1
f 7449/7475/85 7450/7476/85 7451/7477/85
f 7449/7475/85 7451/7477/85 7452/7478/85
f 7453/7479/48 7454/7480/48 7455/7481/48
f 7453/7479/48 7455/7481/48 7456/7482/48
f 7457/7483/1973 7458/7484/225 7459/7485/225
f 7457/7483/1973 7459/7485/225 7460/7486/1973
f 7461/7487/1974 7462/7488/222 7463/7489/222
f 7461/7487/1974 7463/7489/222 7464/7490/1974
f 7465/7491/85 7466/7492/85 7467/7493/85
f 7465/7491/85 7467/7493/85 7468/7494/85
f 7469/7495/48 7470/7496/48 7471/7497/48
f 7469/7495/48 7471/7497/48 7472/7498/48
f 7473/7499/13 7474/7500/13 7475/7501/13
f 7473/7499/13 7475/7501/13 7476/7502/13
f 7477/7503/1 7478/7504/1 7479/7505/1
f 7477/7503/1 7479/7505/1 7480/7506/1
f 7481/7507/1963 7482/7508/1963 7483/7509/1963
f 7481/7507/1963 7483/7509/1963 7484/7510/1963
f 7485/7511/1964 7486/7512/1964 7487/7513/1964
f 7485/7511/1964 7487/7513/1964 7488/7514/1964
f 7489/7515/13 7490/7516/13 7491/7517/13
f 7489/7515/13 7491/7517/13 7492/7518/13
f 7493/7519/1 7494/7520/1 7495/7521/1
f 7493/7519/1 7495/7521/1 7496/7522/1
f 7497/7523/85 7498/7524/85 7499/7525/85
f 7497/7523/85 7499/7525/85 7500/7526/85
f 7501/7527/48 7502/7528/48 7503/7529/48
f 7501/7527/48 7503/7529/48 7504/7530/48
f 7505/7531/225 7506/7532/225 7507/7533/225
f 7505/7531/225 7507/7533/225 7508/7534/225
f 7509/7535/222 7510/7536/222 7511/7537/222
f 7509/7535/222 7511/7537/222 7512/7538/222
f 7513/7539/85 7514/7540/85 7515/7541/85
f 7513/7539/85 7515/7541/85 7516/7542/85
f 7517/7543/48 7518/7544/48 7519/7545/48
f 7517/7543/48 7519/7545/48 7520/7546/48
f 7521/7547/13 7473/7499/13 7476/7502/13
f 7521/7547/13 7476/7502/13 7522/7548/13
f 7478/7504/1 7523/7549/1 7524/7550/1
f 7478/7504/1 7524/7550/1 7479/7505/1
f 7525/7551/1963 7526/7552/1963 7527/7553/1963
f 7525/7551/1963 7527/7553/1963 7528/7554/1963
f 7529/7555/1964 7530/7556/1964 7531/7557/1964
f 7529/7555/1964 7531/7557/1964 7532/7558/1964
f 7533/7559/13 7534/7560/13 7535/7561/13
f 7533/7559/13 7535/7561/13 7536/7562/13
f 7537/7563/1 7538/7564/1 7539/7565/1
f 7537/7563/1 7539/7565/1 7540/7566/1
f 7498/7524/85 7541/7567/85 7542/7568/85
f 7498/7524/85 7542/7568/85 7499/7525/85
f 7543/7569/48 7501/7527/48 7504/7530/48
f 7543/7569/48 7504/7530/48 7544/7570/48
f 7545/7571/225 7546/7572/225 7547/7573/225
f 7545/7571/225 7547/7573/225 7548/7574/225
f 7549/7575/222 7550/7576/222 7551/7577/222
f 7549/7575/222 7551/7577/222 7552/7578/222
f 7553/7579/85 7554/7580/85 7555/7581/85
f 7553/7579/85 7555/7581/85 7556/7582/85
f 7557/7583/48 7558/7584/48 7559/7585/48
f 7557/7583/48 7559/7585/48 7560/7586/48
f 7561/7587/13 7521/7547/13 7522/7548/13
f 7561/7587/13 7522/7548/13 7562/7588/13
f 7523/7549/1 7563/7589/1 7564/7590/1
f 7523/7549/1 7564/7590/1 7524/7550/1
f 7565/7591/1963 7566/7592/1972 7567/7593/1972
f 7565/7591/1963 7567/7593/1972 7568/7594/1963
f 7569/7595/1971 7570/7596/1964 7571/7597/1964
f 7569/7595/1971 7571/7597/1964 7572/7598/1971
f 7573/7599/13 7574/7600/13 7575/7601/13
f 7573/7599/13 7575/7601/13 7576/7602/13
f 7577/7603/1 7578/7604/1 7579/7605/1
f 7577/7603/1 7579/7605/1 7580/7606/1
f 7541/7567/85 7581/7607/85 7582/7608/85
f 7541/7567/85 7582/7608/85 7542/7568/85
f 7583/7609/48 7543/7569/48 7544/7570/48
f 7583/7609/48 7544/7570/48 7584/7610/48
f 7585/7611/225 7586/7612/225 7587/7613/225
f 7585/7611/225 7587/7613/225 7588/7614/225
f 7589/7615/1974 7590/7616/1975 7591/7617/1976
f 7589/7615/1974 7591/7617/1976 7592/7618/1974
f 7593/7619/85 7594/7620/85 7595/7621/85
f 7593/7619/85 7595/7621/85 7596/7622/85
f 7597/7623/48 7598/7624/48 7599/7625/48
f 7597/7623/48 7599/7625/48 7600/7626/48
f 7601/7627/13 7561/7587/13 7562/7588/13
f 7601/7627/13 7562/7588/13 7602/7628/13
f 7563/7589/1 7603/7629/1 7604/7630/1
f 7563/7589/1 7604/7630/1 7564/7590/1
f 7605/7631/1963 7606/7632/1963 7607/7633/1963
f 7605/7631/1963 7607/7633/1963 7608/7634/1963
f 7609/7635/1964 7610/7636/1964 7611/7637/1964
f 7609/7635/1964 7611/7637/1964 7612/7638/1964
f 7613/7639/13 7614/7640/13 7615/7641/13
f 7613/7639/13 7615/7641/13 7616/7642/13
f 7617/7643/1 7618/7644/1 7619/7645/1
f 7617/7643/1 7619/7645/1 7620/7646/1
f 7581/7607/85 7621/7647/85 7622/7648/85
f 7581/7607/85 7622/7648/85 7582/7608/85
f 7623/7649/48 7583/7609/48 7584/7610/48
f 7623/7649/48 7584/7610/48 7624/7650/48
f 7625/7651/225 7626/7652/225 7627/7653/225
f 7625/7651/225 7627/7653/225 7628/7654/225
f 7629/7655/222 7630/7656/222 7631/7657/222
f 7629/7655/222 7631/7657/222 7632/7658/222
f 7633/7659/85 7634/7660/85 7635/7661/85
f 7633/7659/85 7635/7661/85 7636/7662/85
f 7637/7663/48 7638/7664/48 7639/7665/48
f 7637/7663/48 7639/7665/48 7640/7666/48
f 7641/7667/13 7601/7627/13 7602/7628/13
f 7641/7667/13 7602/7628/13 7642/7668/13
f 7603/7629/1 7643/7669/1 7644/7670/1
f 7603/7629/1 7644/7670/1 7604/7630/1
f 7645/7671/1963 7646/7672/1972 7647/7673/1963
f 7645/7671/1963 7647/7673/1963 7648/7674/1963
f 7649/7675/1964 7650/7676/1964 7651/7677/1964
f 7649/7675/1964 7651/7677/1964 7652/7678/1964
f 7653/7679/13 7654/7680/13 7655/7681/13
f 7653/7679/13 7655/7681/13 7656/7682/13
f 7657/7683/1 7658/7684/1 7659/7685/1
f 7657/7683/1 7659/7685/1 7660/7686/1
f 7621/7647/85 7661/7687/85 7662/7688/85
f 7621/7647/85 7662/7688/85 7622/7648/85
f 7663/7689/48 7623/7649/48 7624/7650/48
f 7663/7689/48 7624/7650/48 7664/7690/48
f 7665/7691/225 7666/7692/225 7667/7693/225
f 7665/7691/225 7667/7693/225 7668/7694/225
f 7669/7695/222 7670/7696/222 7671/7697/222
f 7669/7695/222 7671/7697/222 7672/7698/222
f 7673/7699/85 7674/7700/85 7675/7701/85
f 7673/7699/85 7675/7701/85 7676/7702/85
f 7677/7703/48 7678/7704/48 7679/7705/48
f 7677/7703/48 7679/7705/48 7680/7706/48
f 7681/7707/13 7641/7667/13 7642/7668/13
f 7681/7707/13 7642/7668/13 7682/7708/13
f 7643/7669/1 7683/7709/1 7684/7710/1
f 7643/7669/1 7684/7710/1 7644/7670/1
f 7685/7711/1963 7686/7712/1963 7687/7713/1963
f 7685/7711/1963 7687/7713/1963 7688/7714/1963
f 7689/7715/1964 7690/7716/1964 7691/7717/1964
f 7689/7715/1964 7691/7717/1964 7692/7718/1964
f 7693/7719/13 7694/7720/13 7695/7721/13
f 7693/7719/13 7695/7721/13 7696/7722/13
f 7697/7723/1 7698/7724/1 7699/7725/1
f 7697/7723/1 7699/7725/1 7700/7726/1
f 7661/7687/85 7701/7727/85 7702/7728/85
f 7661/7687/85 7702/7728/85 7662/7688/85
f 7703/7729/48 7663/7689/48 7664/7690/48
f 7703/7729/48 7664/7690/48 7704/7730/48
f 7705/7731/225 7706/7732/225 7707/7733/225
f 7705/7731/225 7707/7733/225 7708/7734/225
f 7709/7735/222 7710/7736/222 7711/7737/222
f 7709/7735/222 7711/7737/222 7712/7738/222
f 7713/7739/85 7714/7740/85 7715/7741/85
f 7713/7739/85 7715/7741/85 7716/7742/85
f 7717/7743/48 7718/7744/48 7719/7745/48
f 7717/7743/48 7719/7745/48 7720/7746/48
f 7721/7747/13 7681/7707/13 7682/7708/13
f 7721/7747/13 7682/7708/13 7722/7748/13
f 7683/7709/1 7723/7749/1 7724/7750/1
f 7683/7709/1 7724/7750/1 7684/7710/1
f 7725/7751/1963 7726/7752/1977 7727/7753/1963
f 7725/7751/1963 7727/7753/1963 7728/7754/1963
f 7729/7755/1964 7730/7756/1978 7731/7757/1978
f 7729/7755/1964 7731/7757/1978 7732/7758/1964
f 7733/7759/13 7734/7760/13 7735/7761/13
f 7733/7759/13 7735/7761/13 7736/7762/13
f 7737/7763/1 7738/7764/1 7739/7765/1
f 7737/7763/1 7739/7765/1 7740/7766/1
f 7701/7727/85 7741/7767/85 7742/7768/85
f 7701/7727/85 7742/7768/85 7702/7728/85
f 7743/7769/48 7703/7729/48 7704/7730/48
f 7743/7769/48 7704/7730/48 7744/7770/48
f 7745/7771/225 7746/7772/225 7747/7773/225
f 7745/7771/225 7747/7773/225 7748/7774/225
f 7749/7775/222 7750/7776/222 7751/7777/222
f 7749/7775/222 7751/7777/222 7752/7778/222
f 7753/7779/85 7754/7780/85 7755/7781/85
f 7753/7779/85 7755/7781/85 7756/7782/85
f 7757/7783/48 7758/7784/48 7759/7785/48
f 7757/7783/48 7759/7785/48 7760/7786/48
f 7434/7460/13 7721/7747/13 7722/7748/13
f 7434/7460/13 7722/7748/13 7435/7461/13
f 7723/7749/1 7437/7463/1 7440/7466/1
f 7723/7749/1 7440/7466/1 7724/7750/1
f 7761/7787/1967 7762/7788/1963 7763/7789/1963
f 7761/7787/1967 7763/7789/1963 7764/7790/1967
f 7765/7791/1964 7766/7792/1968 7767/7793/1968
f 7765/7791/1964 7767/7793/1968 7768/7794/1964
f 7769/7795/13 7770/7796/13 7771/7797/13
f 7769/7795/13 7771/7797/13 7772/7798/13
f 7773/7799/1 7774/7800/1 7775/7801/1
f 7773/7799/1 7775/7801/1 7776/7802/1
f 7741/7767/85 7449/7475/85 7452/7478/85
f 7741/7767/85 7452/7478/85 7742/7768/85
f 7454/7480/48 7743/7769/48 7744/7770/48
f 7454/7480/48 7744/7770/48 7455/7481/48
f 7777/7803/1963 7778/7804/1977 7779/7805/1963
f 7777/7803/1963 7779/7805/1963 7780/7806/1963
f 7781/7807/1964 7782/7808/1978 7783/7809/1978
f 7781/7807/1964 7783/7809/1978 7784/7810/1964
f 7785/7811/13 7786/7812/13 7787/7813/13
f 7785/7811/13 7787/7813/13 7788/7814/13
f 7789/7815/1 7790/7816/1 7791/7817/1
f 7789/7815/1 7791/7817/1 7792/7818/1
f 7793/7819/85 7497/7523/85 7500/7526/85
f 7793/7819/85 7500/7526/85 7794/7820/85
f 7502/7528/48 7795/7821/48 7796/7822/48
f 7502/7528/48 7796/7822/48 7503/7529/48
f 7797/7823/225 7798/7824/225 7799/7825/225
f 7797/7823/225 7799/7825/225 7800/7826/225
f 7801/7827/222 7802/7828/222 7803/7829/222
f 7801/7827/222 7803/7829/222 7804/7830/222
f 7805/7831/85 7806/7832/85 7807/7833/85
f 7805/7831/85 7807/7833/85 7808/7834/85
f 7809/7835/48 7810/7836/48 7811/7837/48
f 7809/7835/48 7811/7837/48 7812/7838/48
f 7474/7500/13 7813/7839/13 7814/7840/13
f 7474/7500/13 7814/7840/13 7475/7501/13
f 7815/7841/1 7477/7503/1 7480/7506/1
f 7815/7841/1 7480/7506/1 7816/7842/1
f 7817/7843/1963 7818/7844/1963 7819/7845/1963
f 7817/7843/1963 7819/7845/1963 7820/7846/1963
f 7821/7847/1964 7822/7848/1964 7823/7849/1964
f 7821/7847/1964 7823/7849/1964 7824/7850/1964
f 7825/7851/13 7826/7852/13 7827/7853/13
f 7825/7851/13 7827/7853/13 7828/7781/13
f 7829/7854/1 7830/7855/1 7831/7856/1
f 7829/7854/1 7831/7856/1 7832/7857/1
f 7833/7858/85 7793/7819/85 7794/7820/85
f 7833/7858/85 7794/7820/85 7834/7859/85
f 7795/7821/48 7835/7860/48 7836/7861/48
f 7795/7821/48 7836/7861/48 7796/7822/48
f 7837/7862/225 7838/7863/225 7839/7864/225
f 7837/7862/225 7839/7864/225 7840/7865/225
f 7841/7866/222 7842/7867/222 7843/7868/222
f 7841/7866/222 7843/7868/222 7844/7869/222
f 7845/7870/85 7846/7871/85 7847/7872/85
f 7845/7870/85 7847/7872/85 7848/7873/85
f 7849/7874/48 7850/7875/48 7851/7876/48
f 7849/7874/48 7851/7876/48 7852/7877/48
f 7813/7839/13 7853/7878/13 7854/7879/13
f 7813/7839/13 7854/7879/13 7814/7840/13
f 7855/7880/1 7815/7841/1 7816/7842/1
f 7855/7880/1 7816/7842/1 7856/7881/1
f 7857/7882/1963 7858/7883/1972 7859/7884/1972
f 7857/7882/1963 7859/7884/1972 7860/7885/1963
f 7861/7886/1964 7862/7887/1971 7863/7888/1971
f 7861/7886/1964 7863/7888/1971 7864/7889/1964
f 7865/7890/13 7866/7891/13 7867/7873/13
f 7865/7890/13 7867/7873/13 7868/7892/13
f 7869/7893/1 7870/7894/1 7871/7895/1
f 7869/7893/1 7871/7895/1 7872/7896/1
f 7873/7897/85 7833/7858/85 7834/7859/85
f 7873/7897/85 7834/7859/85 7874/7898/85
f 7835/7860/48 7875/7899/48 7876/7900/48
f 7835/7860/48 7876/7900/48 7836/7861/48
f 7877/7901/225 7878/7902/225 7879/7903/225
f 7877/7901/225 7879/7903/225 7880/7904/225
f 7881/7905/222 7882/7906/222 7883/7907/222
f 7881/7905/222 7883/7907/222 7884/7908/222
f 7885/7909/85 7886/7910/85 7887/7911/85
f 7885/7909/85 7887/7911/85 7888/7912/85
f 7889/7913/48 7890/7914/48 7891/7915/48
f 7889/7913/48 7891/7915/48 7892/7916/48
f 7853/7878/13 7893/7917/13 7894/7918/13
f 7853/7878/13 7894/7918/13 7854/7879/13
f 7895/7919/1 7855/7880/1 7856/7881/1
f 7895/7919/1 7856/7881/1 7896/7920/1
f 7897/7921/1963 7898/7922/1967 7899/7923/1972
f 7897/7921/1963 7899/7923/1972 7900/7924/1963
f 7901/7925/1964 7902/7926/1971 7903/7927/1971
f 7901/7925/1964 7903/7927/1971 7904/7928/1964
f 7905/7929/13 7906/7930/13 7907/7931/13
f 7905/7929/13 7907/7931/13 7908/7932/13
f 7909/7933/1 7910/7934/1 7911/7935/1
f 7909/7933/1 7911/7935/1 7912/7936/1
f 7913/7937/85 7873/7897/85 7874/7898/85
f 7913/7937/85 7874/7898/85 7914/7938/85
f 7915/7939/48 7916/7940/48 7917/7941/48
f 7915/7939/48 7917/7941/48 7918/7942/48
f 7919/7943/85 7920/7944/85 7921/7945/85
f 7919/7943/85 7921/7945/85 7922/7946/85
f 7923/7947/48 7924/7948/48 7925/7949/48
f 7923/7947/48 7925/7949/48 7926/7950/48
f 7927/7951/13 7928/7952/13 7929/7953/13
f 7927/7951/13 7929/7953/13 7930/7954/13
f 7931/7955/1 7895/7919/1 7896/7920/1
f 7931/7955/1 7896/7920/1 7932/7956/1
f 7933/7957/1979 7934/7958/1980 7935/7959/1981
f 7933/7957/1979 7935/7959/1981 7936/7960/1982
f 7937/7961/1983 7938/7962/1984 7939/7963/1985
f 7937/7964/1983 7939/7965/1985 7940/7966/1983
f 7941/7967/1986 7942/7968/1987 7943/7969/1988
f 7941/7970/1986 7943/7971/1988 7944/7972/1986
f 7945/7973/1989 7946/7974/1990 7947/7975/1990
f 7945/7973/1989 7947/7975/1990 7948/7976/1991
f 7949/7977/55 7950/7978/55 7951/7979/55
f 7949/7977/55 7951/7979/55 7952/7980/55
f 7950/7978/55 7949/7977/55 7953/7981/55
f 7950/7978/55 7953/7981/55 7954/7982/55
f 7955/7983/132 7956/7984/132 7957/7985/132
f 7955/7983/132 7957/7985/132 7958/7986/132
f 7956/7984/132 7955/7983/132 7959/7987/132
f 7956/7984/132 7959/7987/132 7960/7988/132
f 7961/7989/1992 7962/7990/1993 7963/7991/1994
f 7961/7992/1992 7963/7993/1994 7964/7994/1992
f 7965/7995/1995 7966/7996/1996 7967/7997/1996
f 7965/7998/1995 7967/7999/1996 7968/8000/1997
f 7969/8001/1998 7970/8002/1999 7971/8003/1999
f 7969/8001/1998 7971/8003/1999 7972/8004/2000
f 7973/8005/2001 7974/8006/2002 7975/8007/2003
f 7973/8005/2001 7975/8007/2003 7976/8008/2001
f 7977/8009/225 7978/8010/225 7979/8011/225
f 7977/8009/225 7979/8011/225 7980/8012/225
f 7981/8013/222 7982/8014/222 7983/8015/222
f 7981/8013/222 7983/8015/222 7984/8016/222
f 7985/8017/2004 7986/8018/2004 7987/8019/2004
f 7985/8017/2004 7987/8019/2004 7988/8020/2004
f 7989/8021/2005 7990/8022/2006 7991/8023/2007
f 7989/8021/2005 7991/8023/2007 7992/8024/2005
f 7993/8025/2008 7073/7100/1961 7076/7103/1961
f 7993/8025/2008 7076/7103/1961 7994/8026/2009
f 7995/8027/1962 7996/8028/2010 7997/8029/2011
f 7995/8030/1962 7997/8031/2011 7998/8032/1962
f 7999/8033/2012 8000/8034/2013 8001/8035/2014
f 7999/8033/2012 8001/8035/2014 8002/8036/2012
f 8003/8037/2015 8004/8038/2015 8005/8039/2015
f 8003/8037/2015 8005/8039/2015 8006/8040/2015
f 8007/8041/2016 8008/8042/2017 8009/8043/2017
f 8007/8018/2016 8009/8044/2017 8010/8045/2016
f 8011/8046/2018 8012/8047/2018 8013/8048/2018
f 8011/8046/2018 8013/8048/2018 8014/8049/2019
f 8015/8050/1965 8016/8051/2020 8017/8052/2021
f 8015/8050/1965 8017/8052/2021 8018/8053/1965
f 8019/8054/2022 8020/8055/1966 8021/8056/1966
f 8019/8054/2022 8021/8056/1966 8022/8057/2023
f 8023/8058/2024 8024/8059/2024 8025/8060/2024
f 8023/8058/2024 8025/8060/2024 8026/8061/2024
f 8027/8062/2025 8028/8063/2025 8029/8064/2025
f 8027/8062/2025 8029/8064/2025 8030/8065/2025
f 8031/8066/2026 8032/8067/2027 8033/8068/2028
f 8031/8069/2026 8033/8070/2028 8034/8071/2029
f 8035/8072/2030 8036/8073/2031 8037/8074/2032
f 8035/8075/2030 8037/8076/2032 8038/8077/2033
f 8039/8078/2034 8040/8079/2035 8041/8080/2009
f 8039/8081/2034 8041/8082/2009 8042/8083/2034
f 8043/8084/2036 8044/8085/2037 8045/8086/2037
f 8043/8084/2036 8045/8086/2037 8046/8087/2038
f 8047/8088/2039 8048/8089/2040 8049/8090/2041
f 8047/8091/2039 8049/8092/2041 8050/8093/2042
f 8051/8094/2043 8052/8095/2044 8053/8096/2044
f 8051/8094/2043 8053/8096/2044 8054/8097/2045
f 8055/8098/2046 8056/8099/2047 8057/8100/2048
f 8055/8098/2046 8057/8100/2048 8058/8101/2021
f 8059/8102/2049 8060/8103/2050 8061/8104/2023
f 8059/8102/2049 8061/8104/2023 8062/8105/2049
f 8063/8106/2051 8064/8107/2052 8065/8108/2053
f 8063/8109/2051 8065/8110/2053 8066/8111/2051
f 8067/8112/2054 8035/8075/2030 8038/8077/2033
f 8067/8112/2054 8038/8077/2033 8068/8113/2055
f 8069/8114/2056 8070/8115/2057 8071/8116/2057
f 8069/8114/2056 8071/8116/2057 8072/8117/2058
f 8044/8085/2037 8073/8118/2059 8074/8119/2060
f 8044/8085/2037 8074/8119/2060 8045/8086/2037
f 8075/8120/2061 8076/8121/2062 8077/8122/2062
f 8075/8120/2061 8077/8122/2062 8078/8123/2061
f 8079/8124/2063 8080/8125/2063 8081/8126/2063
f 8079/8124/2063 8081/8126/2063 8082/8127/2063
f 8083/8128/2064 8084/8129/2065 8085/8130/2039
f 8083/8131/2064 8085/8132/2039 8086/8133/2064
f 8052/8134/2044 8087/8135/2066 8088/8136/2067
f 8052/8095/2044 8088/8137/2067 8053/8096/2044
f 8089/8138/2068 8090/8139/2069 8091/8140/2070
f 8089/8141/2068 8091/8142/2070 8092/8143/2071
f 8093/8144/2072 8059/8102/2049 8062/8105/2049
f 8093/8144/2072 8062/8105/2049 8094/8145/2073
f 8095/8146/2074 8096/8147/2075 8097/8148/2076
f 8095/8149/2074 8097/8150/2076 8098/8151/2077
f 8099/8152/2078 8100/8153/2079 8101/8154/2080
f 8099/8152/2078 8101/8154/2080 8102/8155/2081
f 8103/8156/2082 8104/8157/2083 8105/8158/2084
f 8103/8159/2082 8105/8160/2084 8106/8161/2085
f 8107/8162/2086 8108/8163/2087 8109/8164/2087
f 8107/8162/2086 8109/8164/2087 8110/8165/2088
f 8111/8166/2089 8112/8167/2089 8113/8168/2089
f 8111/8166/2089 8113/8168/2089 8114/8169/2089
f 8115/8170/2090 8116/8171/2090 8117/8172/2090
f 8115/8170/2090 8117/8172/2090 8118/8173/2090
f 8119/8174/2091 8120/8175/2092 8121/8151/2093
f 8119/8174/2091 8121/8151/2093 8122/8150/2091
f 8123/8176/2094 8124/8177/2095 8125/8178/2096
f 8123/8179/2094 8125/8180/2096 8126/8181/2097
f 8127/8182/2098 8128/8183/2099 8129/8184/2100
f 8127/8182/2098 8129/8184/2100 8130/8185/2101
f 8131/8186/2102 8132/8187/2103 8133/8188/2104
f 8131/8186/2102 8133/8188/2104 8134/8189/2102
f 8135/8190/2105 8136/8191/2106 8137/8192/2106
f 8135/8190/2105 8137/8192/2106 8138/8193/2107
f 8139/8194/2108 8140/8195/2108 8141/8196/2108
f 8139/8194/2108 8141/8196/2108 8142/8197/2108
f 8143/8198/2109 7933/7957/1979 7936/7960/1982
f 8143/8198/2109 7936/7960/1982 8144/8199/2110
f 7938/8200/1984 8145/8201/2111 8146/8202/2112
f 7938/7962/1984 8146/8203/2112 7939/7963/1985
f 8147/8204/2113 8148/8205/2114 8149/8206/2114
f 8147/8204/2113 8149/8206/2114 8150/8207/1988
f 8108/8163/2087 8151/8208/2115 8152/8209/1991
f 8108/8163/2087 8152/8209/1991 8109/8164/2087
f 7962/8210/1993 8153/8211/2116 8154/8212/2116
f 7962/7990/1993 8154/8213/2116 7963/7991/1994
f 8155/8214/2117 7965/7998/1995 7968/8000/1997
f 8155/8214/2117 7968/8000/1997 8156/8215/2118
f 8157/8216/2119 8158/8217/2120 8159/8218/2000
f 8157/8219/2119 8159/8220/2000 8160/8221/2119
f 8161/8222/2121 8131/8186/2102 8134/8189/2102
f 8161/8222/2121 8134/8189/2102 8162/8223/2003
f 8163/8224/2122 8164/8225/2122 8165/8226/2122
f 8163/8224/2122 8165/8226/2122 8166/8227/2122
f 8167/8228/2123 8168/8229/2123 8169/8230/2123
f 8167/8228/2123 8169/8230/2123 8170/8231/2123
f 8171/8232/2124 8095/8149/2074 8098/8151/2077
f 8171/8232/2124 8098/8151/2077 8172/8233/2124
f 8100/8234/2079 8173/8235/2125 8174/8236/2126
f 8100/8153/2079 8174/8237/2126 8101/8154/2080
f 8175/8238/2127 8176/8239/2128 8177/8240/2129
f 8175/8238/2127 8177/8240/2129 8178/8241/2130
f 8073/8242/2059 8107/8243/2086 8110/8244/2088
f 8073/8242/2059 8110/8244/2088 8074/8245/2060
f 8120/8246/2092 8179/8247/2131 8180/8248/2131
f 8120/8175/2092 8180/8233/2131 8121/8151/2093
f 8181/8249/2132 8123/8179/2094 8126/8181/2097
f 8181/8250/2132 8126/8251/2097 8182/8252/2133
f 8183/8253/2134 8184/8254/2135 8185/8255/2136
f 8183/8253/2134 8185/8255/2136 8186/8256/2137
f 8132/8257/2103 8093/8258/2072 8094/8245/2073
f 8132/8257/2103 8094/8245/2073 8133/8244/2104
f 8187/8259/225 8188/8260/1969 8189/8261/1973
f 8187/8259/225 8189/8261/1973 8190/8262/225
f 8191/8263/222 8192/8264/1970 8193/8265/1974
f 8191/8263/222 8193/8265/1974 8194/8266/222
f 8195/8267/1963 8196/8268/1963 8197/8269/1963
f 8195/8267/1963 8197/8269/1963 8198/8270/1963
f 8199/8271/1964 8200/8272/1964 8201/8273/1964
f 8199/8271/1964 8201/8273/1964 8202/8274/1964
f 7875/7899/48 7915/7939/48 7918/7942/48
f 7875/7899/48 7918/7942/48 7876/7900/48
f 8203/8275/85 7913/7937/85 7914/7938/85
f 8203/8275/85 7914/7938/85 8204/8276/85
f 8205/8277/1 7909/7933/1 7912/7936/1
f 8205/8277/1 7912/7936/1 8206/8278/1
f 8207/8279/13 7905/7929/13 7908/7932/13
f 8207/8279/13 7908/7932/13 8208/8280/13
f 8209/8281/1 7931/7955/1 7932/7956/1
f 8209/8281/1 7932/7956/1 8210/8282/1
f 7893/7917/13 7927/7951/13 7930/7954/13
f 7893/7917/13 7930/7954/13 7894/7918/13
f 8211/8283/48 7923/7947/48 7926/7950/48
f 8211/8283/48 7926/7950/48 8212/8284/48
f 8213/8285/85 7919/7943/85 7922/7946/85
f 8213/8285/85 7922/7946/85 8214/8286/85
f 8215/8287/2138 8216/8288/2138 8217/4835/2138
f 8215/8287/2138 8217/4835/2138 8218/8289/2138
f 8219/8290/25 8220/8291/25 8221/8292/25
f 8219/8290/25 8221/8292/25 8222/8293/25
f 8223/8294/132 8224/8295/132 8225/8296/132
f 8223/8294/132 8225/8296/132 8226/8297/132
f 8227/8298/32 8228/8299/32 8229/8300/32
f 8227/8298/32 8229/8300/32 8230/8301/32
f 8231/8302/21 8232/8303/21 8233/8304/21
f 8231/8302/21 8233/8304/21 8234/8305/21
f 8235/8306/1309 8236/8307/1309 8237/8308/1309
f 8235/8306/1309 8237/8308/1309 8238/8309/1309
f 8239/8310/25 8240/8311/25 8241/8312/25
f 8239/8310/25 8241/8312/25 8242/8313/25
f 8243/8314/132 8244/8315/132 8245/8316/132
f 8243/8314/132 8245/8316/132 8246/8317/132
f 8247/8318/32 8248/8319/32 8249/8320/32
f 8247/8318/32 8249/8320/32 8250/8321/32
f 8251/8322/21 8252/8323/21 8253/8324/21
f 8251/8322/21 8253/8324/21 8254/8325/21
f 8255/8326/55 8256/8327/55 8257/8328/55
f 8255/8326/55 8257/8328/55 8258/8329/55
f 8259/8330/55 8260/8331/55 8261/8332/55
f 8259/8330/55 8261/8332/55 8262/8333/55
f 8263/8334/1729 5345/5302/1729 5348/5305/1731
f 8263/8334/1729 5348/5305/1731 5360/5317/1733
f 5049/5006/1615 5048/5005/1615 8264/8335/1614
f 5049/5006/1615 8264/8335/1614 8265/8336/1614
f 8266/8337/1628 5076/5033/1628 5187/5144/1649
f 8266/8337/1628 5187/5144/1649 8267/8338/1649
f 8268/8339/1654 5198/5155/1654 5204/5161/1627
f 8268/8339/1654 5204/5161/1627 8269/8340/1627
f 8270/8341/1646 5182/5139/1646 5198/5155/1654
f 8270/8341/1646 5198/5155/1654 8268/8339/1654
f 8271/8342/1636 5092/5049/1636 5097/5054/1639
f 8271/8342/1636 5097/5054/1639 8272/8343/1639
f 8273/8344/1632 5084/5041/1632 5089/5046/1635
f 8273/8344/1632 5089/5046/1635 8274/8345/1635
f 8275/8346/1640 8276/8347/1640 5345/5302/1729
f 8275/8346/1640 5345/5302/1729 8263/8334/1729
f 8267/8338/1649 5187/5144/1649 5081/5038/1631
f 8267/8338/1649 5081/5038/1631 8277/8348/1631
f 8278/8349/1623 5066/5023/1623 5182/5139/1646
f 8278/8349/1623 5182/5139/1646 8270/8341/1646
f 8272/8343/1639 5097/5054/1639 5100/5057/1640
f 8272/8343/1639 5100/5057/1640 8279/8350/1640
f 8274/8345/1635 5089/5046/1635 5092/5049/1636
f 8274/8345/1635 5092/5049/1636 8271/8342/1636
f 8277/8348/1631 5081/5038/1631 5084/5041/1632
f 8277/8348/1631 5084/5041/1632 8273/8344/1632
f 8280/8351/1627 5073/5030/1627 5076/5033/1628
f 8280/8351/1627 5076/5033/1628 8266/8337/1628
f 8281/8352/1570 4963/4920/1570 5066/5023/1623
f 8281/8352/1570 5066/5023/1623 8278/8349/1623
f 8282/8353/1584 5057/5014/1584 4982/4939/1580
f 8282/8353/1584 4982/4939/1580 8283/8354/1580
f 8284/8355/1594 5011/4968/1594 5004/4961/1591
f 8284/8355/1594 5004/4961/1591 8285/8356/1591
f 8286/8357/2139 8287/8358/1615 5048/5005/1615
f 8286/8357/2139 5048/5005/1615 5020/4977/1600
f 8288/8359/1614 5046/5003/1614 5024/4981/1603
f 8288/8359/1614 5024/4981/1603 8289/8360/1603
f 8289/8360/1603 5024/4981/1603 5014/4971/1596
f 8289/8360/1603 5014/4971/1596 8290/8361/1596
f 8290/8361/1596 5014/4971/1596 5008/4965/1593
f 8290/8361/1596 5008/4965/1593 8291/8362/1593
f 8291/8362/1593 5008/4965/1593 5011/4968/1594
f 8291/8362/1593 5011/4968/1594 8284/8355/1594
f 8285/8356/1591 5004/4961/1591 4994/4951/1586
f 8285/8356/1591 4994/4951/1586 8292/8363/1586
f 8292/8363/1586 4994/4951/1586 4988/4945/1583
f 8292/8363/1586 4988/4945/1583 8293/8364/1583
f 8293/8364/1583 4988/4945/1583 4991/4948/1584
f 8293/8364/1583 4991/4948/1584 8294/8365/1584
f 8283/8354/1580 4982/4939/1580 4968/4925/1573
f 8283/8354/1580 4968/4925/1573 8295/8366/1573
f 8295/8366/1573 4968/4925/1573 4960/4917/1569
f 8295/8366/1573 4960/4917/1569 8296/8367/1569
f 8296/8367/1569 4960/4917/1569 4963/4920/1570
f 8296/8367/1569 4963/4920/1570 8281/8352/1570
f 5348/5305/1731 8297/8368/2140 5361/5318/1734
f 5348/5305/1731 5361/5318/1734 5360/5317/1733
f 5020/4977/1600 5050/5007/1616 5359/5316/1732
f 5020/4977/1600 5359/5316/1732 5021/4978/1601
f 5348/5305/1731 5595/5548/1737 5594/5547/1737
f 5348/5305/1731 5594/5547/1737 8297/8368/2140
f 8298/8369/21 8299/8370/21 8300/8371/21
f 8298/8369/21 8300/8371/21 8301/8372/21
f 8302/8373/55 8303/8374/55 5752/5705/55
f 8302/8373/55 5752/5705/55 5753/5706/55
f 8304/8375/32 8305/8376/32 8306/8377/32
f 8304/8375/32 8306/8377/32 8307/8378/32
f 8308/8379/21 8309/8380/21 8310/8381/21
f 8308/8379/21 8310/8381/21 8311/8382/21
f 8312/8383/55 5634/5587/55 5637/5590/55
f 8312/8383/55 5637/5590/55 8313/8384/55
f 8314/8385/83 8315/8386/83 8316/8387/83
f 8314/8385/83 8316/8387/83 8317/8388/83
f 8318/8389/32 8319/8390/32 8320/8391/32
f 8318/8389/32 8320/8391/32 8321/8392/32
f 8322/8393/55 8323/8394/55 8324/8395/55
f 8322/8393/55 8324/8395/55 8325/8396/55
f 8312/8383/55 8313/8384/55 5632/5585/55
f 8312/8383/55 5632/5585/55 5633/5586/55
f 8326/8397/83 8327/8398/83 8328/8399/83
f 8326/8397/83 8328/8399/83 8329/8400/83
f 8330/8401/83 8331/8402/83 8332/8403/83
f 8330/8401/83 8332/8403/83 8333/8404/83
f 8334/8405/83 8335/8406/83 8336/8407/83
f 8334/8405/83 8336/8407/83 8337/8408/83
f 8338/8409/83 8334/8405/83 8337/8408/83
f 8338/8409/83 8337/8408/83 8339/8410/83
f 8331/8402/83 8340/8411/83 8341/8412/83
f 8331/8402/83 8341/8412/83 8332/8403/83
f 8340/8411/83 8338/8409/83 8339/8410/83
f 8340/8411/83 8339/8410/83 8341/8412/83
f 8335/8406/83 8342/8413/83 8343/8414/83
f 8335/8406/83 8343/8414/83 8336/8407/83
f 8342/8413/83 8326/8397/83 8329/8400/83
f 8342/8413/83 8329/8400/83 8343/8414/83
f 8344/8415/132 8345/8416/132 8346/8417/132
f 8344/8415/132 8346/8417/132 8347/8418/132
f 8348/8419/2141 8349/8420/2141 8350/8421/2142
f 8348/8419/2141 8350/8421/2142 8351/8422/2142
f 8352/8423/132 8353/8424/132 8354/8425/132
f 8352/8423/132 8354/8425/132 8355/8426/132
f 8356/8427/2143 8357/8428/2143 8358/8429/2144
f 8356/8427/2143 8358/8429/2144 8359/8430/2144
f 8360/8431/2145 8361/8432/2145 8362/8433/2146
f 8360/8431/2145 8362/8433/2146 8363/8434/2146
f 8364/8435/132 8365/8436/132 8366/8437/132
f 8364/8435/132 8366/8437/132 8367/8438/132
f 8368/8439/2147 8369/8440/2147 8357/8428/2143
f 8368/8439/2147 8357/8428/2143 8356/8427/2143
f 8359/8430/2144 8358/8429/2144 8361/8432/2145
f 8359/8430/2144 8361/8432/2145 8360/8431/2145
f 8367/8438/132 8366/8437/132 8370/8441/132
f 8367/8438/132 8370/8441/132 8371/8442/132
f 8347/8418/132 8346/8417/132 8365/8436/132
f 8347/8418/132 8365/8436/132 8364/8435/132
f 8351/8422/2142 8350/8421/2142 8372/8443/2148
f 8351/8422/2142 8372/8443/2148 8373/8444/2148
f 8374/8445/132 8375/8446/132 8353/8424/132
f 8374/8445/132 8353/8424/132 8352/8423/132
f 8373/8444/2148 8372/8443/2148 8376/8447/2149
f 8373/8444/2148 8376/8447/2149 8377/8448/2150
f 8378/8449/132 8379/8450/132 8375/8446/132
f 8378/8449/132 8375/8446/132 8374/8445/132
f 8377/8448/2150 8376/8447/2149 8369/8440/2147
f 8377/8448/2150 8369/8440/2147 8368/8439/2147
f 8380/8451/21 8381/8452/21 8382/8453/21
f 8380/8451/21 8382/8453/21 8383/8454/21
f 8371/8442/132 8370/8441/132 8379/8450/132
f 8371/8442/132 8379/8450/132 8378/8449/132
f 8344/8415/132 8384/8455/132 8385/8456/132
f 8344/8415/132 8385/8456/132 8345/8416/132
f 8386/8457/132 8387/8458/132 8388/8459/132
f 8386/8457/132 8388/8459/132 8389/8460/132
f 8390/8461/55 8391/8462/55 8392/8463/55
f 8390/8461/55 8392/8463/55 8393/8464/55
f 8394/8465/83 8395/8466/83 8396/8467/83
f 8394/8465/83 8396/8467/83 8397/8468/83
f 8398/8469/21 8399/8470/21 8400/8471/21
f 8398/8469/21 8400/8471/21 8401/8472/21
f 8402/8473/132 8403/8474/132 8404/8475/132
f 8402/8473/132 8404/8475/132 8405/8476/132
f 8406/8477/55 8407/8478/55 8408/8479/55
f 8406/8477/55 8408/8479/55 8409/8480/55
f 8410/8481/83 8411/8482/83 8412/8483/83
f 8410/8481/83 8412/8483/83 8413/8484/83
f 8414/8485/21 8415/8486/21 8416/8487/21
f 8414/8485/21 8416/8487/21 8417/8488/21
f 8418/8489/132 8402/8473/132 8405/8476/132
f 8418/8489/132 8405/8476/132 8419/8490/132
f 8420/8491/25 8421/8492/25 8422/8493/25
f 8420/8491/25 8422/8493/25 8423/8494/25
f 8424/8495/32 8425/8496/32 8426/8497/32
f 8424/8495/32 8426/8497/32 8427/8498/32
f 8428/8499/21 8429/8500/21 8430/8501/21
f 8428/8499/21 8430/8501/21 8431/8502/21
f 8432/8503/2151 8433/8504/2151 8434/8505/2151
f 8432/8503/2151 8434/8505/2151 8435/8506/2151
f 8436/8507/83 8437/8508/83 8438/950/83
f 8436/8507/83 8438/950/83 8439/8509/83
f 8440/8510/2152 8441/8511/2152 8442/8512/2152
f 8440/8510/2152 8442/8512/2152 8443/8513/2152
f 8444/8514/2153 8445/8515/2153 8446/8516/2153
f 8444/8514/2153 8446/8516/2153 8447/8517/2153
f 8448/8518/2154 8449/8519/2154 8450/8520/2154
f 8448/8518/2154 8450/8520/2154 8451/8521/2154
f 8452/8522/2155 8453/8523/2155 8454/8524/2155
f 8452/8522/2155 8454/8524/2155 8455/8525/2155
f 8456/8526/55 8457/8527/55 8458/8528/55
f 8456/8526/55 8458/8528/55 8459/8529/55
f 8460/8530/2156 8461/8531/2156 8462/8532/2156
f 8460/8530/2156 8462/8532/2156 8463/8533/2156
f 8464/8534/2157 8465/8535/2157 8466/8536/2157
f 8464/8534/2157 8466/8536/2157 8467/8537/2157
f 8468/8538/2158 8469/8539/2158 8470/8540/2158
f 8468/8538/2158 8470/8540/2158 8471/8541/2158
f 8472/8542/2154 8473/8543/2154 8474/8544/2154
f 8472/8542/2154 8474/8544/2154 8475/8545/2154
f 8476/8546/2153 8477/8547/2153 8478/8548/2153
f 8476/8546/2153 8478/8548/2153 8479/8549/2153
f 8480/8550/2155 8481/8551/2155 8482/8552/2155
f 8480/8550/2155 8482/8552/2155 8483/8553/2155
f 8484/8554/2152 8485/8555/2152 8486/8556/2152
f 8484/8554/2152 8486/8556/2152 8487/8557/2152
f 8488/8558/2159 8489/8559/2159 8490/8560/2159
f 8488/8558/2159 8490/8560/2159 8491/8561/2159
f 8492/8562/2160 8493/8563/2160 8494/8564/2160
f 8492/8562/2160 8494/8564/2160 8495/8565/2160
f 8496/8566/2161 8497/8567/2161 8498/275/2161
f 8496/8566/2161 8498/275/2161 8499/8568/2161
f 8500/8569/2162 8501/8570/2162 8502/8571/2162
f 8500/8569/2162 8502/8571/2162 8503/8572/2162
f 8504/8573/2151 8505/8574/2151 8506/8506/2151
f 8504/8573/2151 8506/8506/2151 8507/8575/2151
f 8508/8576/55 8509/8577/55 8510/8578/55
f 8508/8576/55 8510/8578/55 8511/8579/55
f 8512/8580/2156 8513/8581/2156 8514/8582/2156
f 8512/8580/2156 8514/8582/2156 8515/8583/2156
f 8516/8584/2157 8517/8585/2157 8518/8586/2157
f 8516/8584/2157 8518/8586/2157 8519/8587/2157
f 8520/8588/2158 8521/8589/2158 8522/8590/2158
f 8520/8588/2158 8522/8590/2158 8523/8591/2158
f 8524/8592/2154 8525/8593/2154 8526/8594/2154
f 8524/8592/2154 8526/8594/2154 8527/8595/2154
f 8528/8596/2153 8529/8597/2153 8530/8598/2153
f 8528/8596/2153 8530/8598/2153 8531/8599/2153
f 8532/8600/2155 8533/8601/2155 8534/8602/2155
f 8532/8600/2155 8534/8602/2155 8535/8603/2155
f 8536/8604/2152 8537/8605/2152 8538/8606/2152
f 8536/8604/2152 8538/8606/2152 8539/8607/2152
f 8540/8608/100 8541/8609/100 8542/8610/100
f 8540/8608/100 8542/8610/100 8543/8611/100
f 8544/8612/97 8545/8613/97 8546/8614/97
f 8544/8612/97 8546/8614/97 8547/8615/97
f 8548/8616/2163 8549/8617/2163 8550/8618/2163
f 8548/8616/2163 8550/8618/2163 8551/8619/2163
f 8552/8620/2164 8553/8621/2164 8554/8622/2164
f 8552/8620/2164 8554/8622/2164 8555/8623/2164
f 8556/8624/2165 8557/8625/2165 8558/8626/2165
f 8556/8624/2165 8558/8626/2165 8559/8627/2165
f 8560/8628/2165 8561/8629/2165 8562/8630/2165
f 8560/8628/2165 8562/8630/2165 8563/8631/2165
f 8564/8632/2166 8565/8633/2166 8566/8634/2167
f 8564/8632/2166 8566/8634/2167 8567/8635/2167
f 8568/8636/2168 8569/8637/2169 8570/8638/2170
f 8568/8636/2168 8570/8638/2170 8571/8639/2170
f 8572/8640/2171 8573/8641/2171 8574/8642/2172
f 8572/8640/2171 8574/8642/2172 8575/8643/2172
f 8576/8644/83 8577/8645/83 8578/8646/83
f 8576/8644/83 8578/8646/83 8579/8647/83
f 8580/8648/32 8581/8649/32 8582/8650/32
f 8580/8648/32 8582/8650/32 8583/8651/32
f 8584/8652/55 8585/8653/55 8586/8654/55
f 8584/8652/55 8586/8654/55 8587/8655/55
f 8588/8656/21 8589/8657/21 8590/8658/21
f 8588/8656/21 8590/8658/21 8591/8659/21
f 8592/8660/2173 8593/8661/52 8594/8662/52
f 8592/8660/2173 8594/8662/52 8595/8663/2174
f 8596/8664/32 8592/8660/2173 8595/8663/2174
f 8596/8664/32 8595/8663/2174 8597/8665/32
f 8598/8666/2175 8599/8667/2175 8600/8668/2175
f 8598/8666/2175 8600/8668/2175 8601/8669/2175
f 8602/8670/21 8603/8671/21 8604/8672/21
f 8602/8670/21 8604/8672/21 8605/8673/21
f 8606/8674/2176 8607/8675/10 8608/8676/10
f 8606/8674/2176 8608/8676/10 8609/8677/48
f 8593/8661/52 8610/8678/2177 8611/8679/2177
f 8593/8661/52 8611/8679/2177 8594/8662/52
f 8607/8675/10 8612/8680/83 8613/8681/83
f 8607/8675/10 8613/8681/83 8608/8676/10
f 8614/8682/18 8615/8683/1 8616/8684/1
f 8614/8682/18 8616/8684/1 8617/8685/18
f 8612/8680/83 8614/8682/18 8617/8685/18
f 8612/8680/83 8617/8685/18 8613/8681/83
f 8618/8686/2178 8619/8687/28 8620/8688/28
f 8618/8686/2178 8620/8688/28 8621/8689/2178
f 8622/8690/21 8623/8691/88 8624/8692/88
f 8622/8690/21 8624/8692/88 8625/8693/21
f 8619/8687/28 8622/8690/21 8625/8693/21
f 8619/8687/28 8625/8693/21 8620/8688/28
f 8623/8691/88 8626/8694/2179 8627/8695/2179
f 8623/8691/88 8627/8695/2179 8624/8692/88
f 8628/8696/45 8629/8697/119 8630/8698/119
f 8628/8696/45 8630/8698/119 8631/8699/45
f 8632/8700/13 8628/8696/45 8631/8699/45
f 8632/8700/13 8631/8699/45 8633/8701/13
f 8363/8434/2146 8362/8433/2146 8634/8702/2180
f 8363/8434/2146 8634/8702/2180 8635/8703/2180
f 8636/8704/83 8637/8705/83 8638/8706/83
f 8636/8704/83 8638/8706/83 8639/8707/83
f 8640/8708/2181 8641/8709/2182 8565/8633/2166
f 8640/8708/2181 8565/8633/2166 8564/8632/2166
f 8642/8710/2167 8643/8711/2167 8569/8637/2169
f 8642/8710/2167 8569/8637/2169 8568/8636/2168
f 8571/8639/2170 8570/8638/2170 8573/8641/2171
f 8571/8639/2170 8573/8641/2171 8572/8640/2171
f 8644/8712/83 8636/8704/83 8639/8707/83
f 8644/8712/83 8639/8707/83 8645/8713/83
f 8646/8714/83 8647/8715/83 8648/8716/83
f 8646/8714/83 8648/8716/83 8649/8717/83
f 8637/8705/83 8650/8718/83 8651/8719/83
f 8637/8705/83 8651/8719/83 8638/8706/83
f 8652/8720/83 8653/8721/83 8651/8719/83
f 8652/8720/83 8651/8719/83 8650/8718/83
f 8647/8715/83 8644/8712/83 8645/8713/83
f 8647/8715/83 8645/8713/83 8648/8716/83
f 8641/8709/2182 8640/8708/2181 8654/8722/55
f 8641/8709/2182 8654/8722/55 8655/8723/55
f 8656/8724/83 8657/8725/83 8658/8726/83
f 8656/8724/83 8658/8726/83 8659/8727/83
f 8660/8728/83 8661/560/83 8662/8729/83
f 8660/8728/83 8662/8729/83 8663/8730/83
f 8664/8731/83 8665/8732/83 8666/8733/83
f 8664/8731/83 8666/8733/83 8667/8734/83
f 8668/8735/83 8669/8736/83 8665/8732/83
f 8668/8735/83 8665/8732/83 8664/8731/83
f 8663/8730/83 8662/8729/83 8670/8737/83
f 8663/8730/83 8670/8737/83 8671/8738/83
f 8671/8738/83 8670/8737/83 8669/8736/83
f 8671/8738/83 8669/8736/83 8668/8735/83
f 8667/8734/83 8666/8733/83 8672/8739/83
f 8667/8734/83 8672/8739/83 8673/8740/83
f 8673/8740/83 8672/8739/83 8657/8725/83
f 8673/8740/83 8657/8725/83 8656/8724/83
f 8674/8741/132 8675/8742/132 8676/8743/132
f 8674/8741/132 8676/8743/132 8677/8744/132
f 8678/8745/2183 8679/8746/2184 8680/8747/2184
f 8678/8745/2183 8680/8747/2184 8681/8748/2183
f 8682/8749/132 8683/8750/132 8684/8751/132
f 8682/8749/132 8684/8751/132 8685/8752/132
f 8686/8753/2185 8687/8754/2186 8688/8755/2186
f 8686/8753/2185 8688/8755/2186 8689/8756/2185
f 8690/8757/2187 8691/8758/2188 8692/8759/2188
f 8690/8757/2187 8692/8759/2188 8693/8760/2187
f 8694/8761/132 8695/8762/132 8696/8763/132
f 8694/8761/132 8696/8763/132 8697/8764/132
f 8698/8765/2189 8686/8753/2185 8689/8756/2185
f 8698/8765/2189 8689/8756/2185 8699/8766/2189
f 8687/8754/2186 8690/8757/2187 8693/8760/2187
f 8687/8754/2186 8693/8760/2187 8688/8755/2186
f 8695/8762/132 8700/8767/132 8701/8768/132
f 8695/8762/132 8701/8768/132 8696/8763/132
f 8675/8742/132 8694/8761/132 8697/8764/132
f 8675/8742/132 8697/8764/132 8676/8743/132
f 8679/8746/2184 8702/8769/2190 8703/8770/2190
f 8679/8746/2184 8703/8770/2190 8680/8747/2184
f 8704/8771/132 8682/8749/132 8685/8752/132
f 8704/8771/132 8685/8752/132 8705/8772/132
f 8702/8769/2190 8706/8773/2191 8707/8774/2192
f 8702/8769/2190 8707/8774/2192 8703/8770/2190
f 8708/8775/132 8704/8771/132 8705/8772/132
f 8708/8775/132 8705/8772/132 8709/8776/132
f 8706/8773/2191 8698/8765/2189 8699/8766/2189
f 8706/8773/2191 8699/8766/2189 8707/8774/2192
f 8710/8777/32 8711/8778/32 8712/8779/32
f 8710/8777/32 8712/8779/32 8713/8780/32
f 8700/8767/132 8708/8775/132 8709/8776/132
f 8700/8767/132 8709/8776/132 8701/8768/132
f 8674/8741/132 8677/8744/132 8385/8456/132
f 8674/8741/132 8385/8456/132 8384/8455/132
f 8386/8457/132 8714/8781/132 8715/8782/132
f 8386/8457/132 8715/8782/132 8387/8458/132
f 8390/8461/55 8393/8464/55 8716/8783/55
f 8390/8461/55 8716/8783/55 8717/8784/55
f 8394/8465/83 8397/8468/83 8718/8785/83
f 8394/8465/83 8718/8785/83 8719/8786/83
f 8720/8787/32 8721/8788/32 8722/8789/32
f 8720/8787/32 8722/8789/32 8723/8790/32
f 8724/8791/132 8725/8792/132 8404/8475/132
f 8724/8791/132 8404/8475/132 8403/8474/132
f 8406/8477/55 8409/8480/55 8726/8793/55
f 8406/8477/55 8726/8793/55 8727/8794/55
f 8410/8481/83 8413/8484/83 8728/8795/83
f 8410/8481/83 8728/8795/83 8729/8796/83
f 8730/8797/32 8731/8798/32 8732/8799/32
f 8730/8797/32 8732/8799/32 8733/8800/32
f 8734/8801/132 8735/8802/132 8725/8792/132
f 8734/8801/132 8725/8792/132 8724/8791/132
f 8736/8803/25 8737/8804/25 8738/8805/25
f 8736/8803/25 8738/8805/25 8739/8806/25
f 8740/8807/21 8741/8808/21 8742/8809/21
f 8740/8807/21 8742/8809/21 8743/8498/21
f 8744/8810/32 8745/8811/32 8746/8812/32
f 8744/8810/32 8746/8812/32 8747/8813/32
f 8748/8814/2156 8749/8815/2156 8750/8816/2156
f 8748/8814/2156 8750/8816/2156 8751/8817/2156
f 8752/8818/83 8753/8819/83 8754/8820/83
f 8752/8818/83 8754/8820/83 8755/8821/83
f 8756/8822/2152 8757/8823/2152 8758/8824/2152
f 8756/8822/2152 8758/8824/2152 8759/8825/2152
f 8760/8826/2155 8761/8827/2155 8762/8828/2155
f 8760/8826/2155 8762/8828/2155 8763/8829/2155
f 8764/8830/2154 8765/8831/2154 8766/8832/2154
f 8764/8830/2154 8766/8832/2154 8767/8833/2154
f 8768/8834/2153 8769/8835/2153 8770/8836/2153
f 8768/8834/2153 8770/8836/2153 8771/8837/2153
f 8772/8838/55 8773/8839/55 8774/4258/55
f 8772/8838/55 8774/4258/55 8775/8840/55
f 8776/8841/2151 8777/8842/2151 8778/8843/2151
f 8776/8841/2151 8778/8843/2151 8779/8844/2151
f 8780/8845/2157 8781/8846/2157 8782/8847/2157
f 8780/8845/2157 8782/8847/2157 8783/8848/2157
f 8784/8849/2158 8785/8850/2158 8786/8851/2158
f 8784/8849/2158 8786/8851/2158 8787/8852/2158
f 8788/8853/2154 8789/8854/2154 8790/8855/2154
f 8788/8853/2154 8790/8855/2154 8791/8856/2154
f 8792/8857/2155 8793/8858/2155 8794/8859/2155
f 8792/8857/2155 8794/8859/2155 8795/8860/2155
f 8796/8861/2153 8797/8862/2153 8798/8863/2153
f 8796/8861/2153 8798/8863/2153 8799/8864/2153
f 8800/8865/2152 8801/8866/2152 8802/8867/2152
f 8800/8865/2152 8802/8867/2152 8803/8868/2152
f 8804/8869/2159 8805/8870/2159 8806/8871/2159
f 8804/8869/2159 8806/8871/2159 8807/8872/2159
f 8808/8873/2161 8809/8874/2161 8810/8875/2161
f 8808/8873/2161 8810/8875/2161 8811/8876/2161
f 8812/8877/2160 8813/8878/2160 8814/8879/2160
f 8812/8877/2160 8814/8879/2160 8815/8880/2160
f 8816/8881/2162 8817/8882/2162 8818/8883/2162
f 8816/8881/2162 8818/8883/2162 8819/8884/2162
f 8820/8885/2156 8821/8886/2156 8822/8887/2156
f 8820/8885/2156 8822/8887/2156 8823/8888/2156
f 8824/8889/55 8825/8890/55 8826/8891/55
f 8824/8889/55 8826/8891/55 8827/8892/55
f 8828/8893/2151 8829/8894/2151 8830/8895/2151
f 8828/8893/2151 8830/8895/2151 8831/8896/2151
f 8832/8897/2157 8833/8898/2157 8834/8899/2157
f 8832/8897/2157 8834/8899/2157 8835/8900/2157
f 8836/8901/2158 8837/8902/2158 8838/8903/2158
f 8836/8901/2158 8838/8903/2158 8839/8904/2158
f 8840/8905/2154 8841/8906/2154 8842/8907/2154
f 8840/8905/2154 8842/8907/2154 8843/8908/2154
f 8844/8909/2155 8845/8910/2155 8846/8911/2155
f 8844/8909/2155 8846/8911/2155 8847/8912/2155
f 8848/8913/2153 8849/8914/2153 8850/8915/2153
f 8848/8913/2153 8850/8915/2153 8851/8916/2153
f 8852/8917/2152 8853/8918/2152 8854/8919/2152
f 8852/8917/2152 8854/8919/2152 8855/8920/2152
f 8856/8921/100 8857/8922/100 8858/8923/100
f 8856/8921/100 8858/8923/100 8859/8924/100
f 8860/8925/97 8861/8926/97 8862/8927/97
f 8860/8925/97 8862/8927/97 8863/8928/97
f 8864/8929/2164 8865/8930/2164 8866/8931/2164
f 8864/8929/2164 8866/8931/2164 8867/8932/2164
f 8868/8933/2163 8869/8934/2163 8870/8935/2163
f 8868/8933/2163 8870/8935/2163 8871/8936/2163
f 8872/8937/2193 8873/8938/2193 8874/8939/2193
f 8872/8937/2193 8874/8939/2193 8875/8940/2193
f 8876/8941/2193 8877/8942/2193 8878/8943/2193
f 8876/8941/2193 8878/8943/2193 8879/8944/2193
f 8880/8945/2194 8881/8946/2195 8882/8947/2195
f 8880/8945/2194 8882/8947/2195 8883/8948/2194
f 8884/8949/2196 8885/8950/2197 8886/8951/2197
f 8884/8949/2196 8886/8951/2197 8887/8952/2198
f 8888/8953/2199 8889/8954/2200 8890/8955/2200
f 8888/8953/2199 8890/8955/2200 8891/8956/2199
f 8892/8957/83 8893/8958/83 8894/8959/83
f 8892/8957/83 8894/8959/83 8895/8960/83
f 8896/8961/21 8897/8962/21 8898/8963/21
f 8896/8961/21 8898/8963/21 8899/8964/21
f 8900/8965/55 8901/8966/55 8902/8967/55
f 8900/8965/55 8902/8967/55 8903/8968/55
f 8904/8969/32 8905/8970/32 8906/8971/32
f 8904/8969/32 8906/8971/32 8907/8972/32
f 8908/8973/2201 8909/8974/2202 8910/8975/28
f 8908/8973/2201 8910/8975/28 8911/8976/28
f 8912/8977/21 8913/8978/21 8909/8974/2202
f 8912/8977/21 8909/8974/2202 8908/8973/2201
f 8914/8979/2175 8915/8980/2175 8916/8981/2175
f 8914/8979/2175 8916/8981/2175 8917/8982/2175
f 8918/8983/32 8919/8984/32 8920/8985/32
f 8918/8983/32 8920/8985/32 8921/8986/32
f 8922/8987/1 8923/8988/1 8924/8989/18
f 8922/8987/1 8924/8989/18 8925/8990/18
f 8911/8976/28 8910/8975/28 8926/8991/2178
f 8911/8976/28 8926/8991/2178 8927/8992/2178
f 8925/8990/18 8924/8989/18 8928/8993/83
f 8925/8990/18 8928/8993/83 8929/8994/83
f 8930/8995/10 8931/8996/10 8932/8997/48
f 8930/8995/10 8932/8997/48 8933/8998/48
f 8929/8994/83 8928/8993/83 8931/8996/10
f 8929/8994/83 8931/8996/10 8930/8995/10
f 8934/8999/2177 8935/9000/2177 8936/9001/52
f 8934/8999/2177 8936/9001/52 8937/9002/52
f 8938/9003/32 8939/9004/32 8940/9005/95
f 8938/9003/32 8940/9005/95 8941/9006/95
f 8937/9002/52 8936/9001/52 8939/9004/32
f 8937/9002/52 8939/9004/32 8938/9003/32
f 8941/9006/95 8940/9005/95 8942/9007/2203
f 8941/9006/95 8942/9007/2203 8943/9008/2203
f 8944/9009/7 8945/9010/7 8946/9011/116
f 8944/9009/7 8946/9011/116 8947/9012/116
f 8948/9013/85 8949/9014/85 8945/9010/7
f 8948/9013/85 8945/9010/7 8944/9009/7
f 8691/8758/2188 8950/9015/2204 8951/9016/2204
f 8691/8758/2188 8951/9016/2204 8692/8759/2188
f 8952/9017/83 8639/8707/83 8638/8706/83
f 8952/9017/83 8638/8706/83 8953/9018/83
f 8954/9019/2205 8880/8945/2194 8883/8948/2194
f 8954/9019/2205 8883/8948/2194 8955/9020/2206
f 8956/9021/2195 8884/8949/2196 8887/8952/2198
f 8956/9021/2195 8887/8952/2198 8957/9022/2195
f 8885/8950/2197 8888/8953/2199 8891/8956/2199
f 8885/8950/2197 8891/8956/2199 8886/8951/2197
f 8958/9023/83 8645/8713/83 8639/8707/83
f 8958/9023/83 8639/8707/83 8952/9017/83
f 8959/9024/83 8649/8717/83 8648/8716/83
f 8959/9024/83 8648/8716/83 8960/9025/83
f 8953/9018/83 8638/8706/83 8651/8719/83
f 8953/9018/83 8651/8719/83 8961/9026/83
f 8962/9027/83 8961/9026/83 8651/8719/83
f 8962/9027/83 8651/8719/83 8653/8721/83
f 8960/9025/83 8648/8716/83 8645/8713/83
f 8960/9025/83 8645/8713/83 8958/9023/83
f 8955/9020/2206 8655/8723/55 8654/8722/55
f 8955/9020/2206 8654/8722/55 8954/9019/2205
f 8963/9028/83 8964/9029/83 8965/9030/83
f 8963/9028/83 8965/9030/83 8966/9031/83
f 8967/9032/83 8968/9033/83 8969/9034/83
f 8967/9032/83 8969/9034/83 8970/9035/83
f 8971/9036/83 8972/9037/83 8973/9038/83
f 8971/9036/83 8973/9038/83 8974/9039/83
f 8975/9040/83 8976/9041/83 8977/9042/83
f 8975/9040/83 8977/9042/83 8978/9043/83
f 8979/9044/32 8980/9045/32 8981/9046/32
f 8979/9044/32 8981/9046/32 8982/9047/32
f 8983/9048/83 8975/9040/83 8978/9043/83
f 8983/9048/83 8978/9043/83 8984/9049/83
f 8985/9050/83 8986/9051/83 8987/9052/83
f 8985/9050/83 8987/9052/83 8988/9053/83
f 8989/9054/83 8990/9055/83 8991/9056/83
f 8989/9054/83 8991/9056/83 8992/9057/83
f 8993/9058/55 8994/9059/55 8995/9060/55
f 8993/9058/55 8995/9060/55 8996/9061/55
f 8997/9062/32 8998/9063/32 8999/9064/32
f 8997/9062/32 8999/9064/32 9000/9065/32
f 9001/9066/55 9002/9067/55 9003/9068/55
f 9001/9066/55 9003/9068/55 9004/9069/55
f 9005/9070/21 9006/9071/21 9007/9072/21
f 9005/9070/21 9007/9072/21 9008/9073/21
f 9009/9074/83 9010/9075/83 9011/9076/83
f 9009/9074/83 9011/9076/83 9012/9077/83
f 8974/9039/83 8973/9038/83 9013/9078/83
f 8974/9039/83 9013/9078/83 9014/9079/83
f 9015/9080/32 9016/9081/32 9017/9082/32
f 9015/9080/32 9017/9082/32 9018/9083/32
f 8985/9050/83 8988/9053/83 8977/9042/83
f 8985/9050/83 8977/9042/83 8976/9041/83
f 8989/9054/83 8992/9057/83 8987/9052/83
f 8989/9054/83 8987/9052/83 8986/9051/83
f 8986/9051/83 8968/9033/83 9013/9078/83
f 8986/9051/83 9013/9078/83 8989/9054/83
f 8976/9041/83 9019/9084/83 8969/9034/83
f 8976/9041/83 8969/9034/83 8985/9050/83
f 9020/9085/83 8987/9052/83 8992/9057/83
f 9020/9085/83 8992/9057/83 9021/9086/83
f 9022/9087/83 8977/9042/83 8988/9053/83
f 9022/9087/83 8988/9053/83 9023/9088/83
f 8968/9033/83 8967/9032/83 9014/9079/83
f 8968/9033/83 9014/9079/83 9013/9078/83
f 9019/9084/83 9024/9089/83 8970/9035/83
f 9019/9084/83 8970/9035/83 8969/9034/83
f 9025/9090/83 9020/9085/83 9021/9086/83
f 9025/9090/83 9021/9086/83 9026/9091/83
f 9027/9092/83 9022/9087/83 9023/9088/83
f 9027/9092/83 9023/9088/83 9028/9093/83
f 9024/9089/83 9019/9084/83 8964/9029/83
f 9024/9089/83 8964/9029/83 8963/9028/83
f 9029/9094/83 9030/9095/83 9031/9096/83
f 9029/9094/83 9031/9096/83 9032/9097/83
f 9033/9098/83 9034/9099/83 9035/9100/83
f 9033/9098/83 9035/9100/83 9036/9101/83
f 9037/9102/83 9038/9103/83 9039/9104/83
f 9037/9102/83 9039/9104/83 9040/9105/83
f 9041/9106/83 9042/9107/83 9043/9108/83
f 9041/9106/83 9043/9108/83 9044/9109/83
f 9045/9110/83 9046/9111/83 9047/9112/83
f 9045/9110/83 9047/9112/83 9048/9113/83
f 9049/9114/83 9050/9115/83 9051/9116/83
f 9049/9114/83 9051/9116/83 9052/9117/83
f 9053/9118/132 9054/9119/132 9055/9120/132
f 9053/9118/132 9055/9120/132 9056/9121/132
f 9057/9122/55 9058/9123/55 9059/9124/55
f 9057/9122/55 9059/9124/55 9060/9125/55
f 9061/9126/32 9062/9127/32 9063/9128/32
f 9061/9126/32 9063/9128/32 9064/9129/32
f 9065/9130/132 9066/9131/132 9067/9132/132
f 9065/9130/132 9067/9132/132 9068/9133/132
f 9069/9134/21 9070/9135/21 9071/9136/21
f 9069/9134/21 9071/9136/21 9072/9137/21
f 9073/9138/132 9074/9139/132 9075/9140/132
f 9073/9138/132 9075/9140/132 9076/9141/132
f 9077/9065/32 9078/9142/32 9079/9143/32
f 9077/9065/32 9079/9143/32 9080/9144/32
f 9081/9145/55 9082/9146/55 9083/9147/55
f 9081/9145/55 9083/9147/55 9084/9148/55
f 9085/9149/21 9086/9150/21 9087/9151/21
f 9085/9149/21 9087/9151/21 9088/9152/21
f 9089/9153/21 9090/9154/21 9091/9155/21
f 9089/9153/21 9091/9155/21 9092/9156/21
f 9093/9157/55 9094/9158/55 9095/9159/55
f 9093/9157/55 9095/9159/55 9096/9145/55
f 9097/9160/132 9098/9161/132 9099/9162/132
f 9097/9160/132 9099/9162/132 9100/9157/132
f 9101/9163/55 9102/9164/55 9103/9165/55
f 9101/9163/55 9103/9165/55 9104/9166/55
f 9105/9167/21 9106/9168/21 9107/9169/21
f 9105/9167/21 9107/9169/21 9108/9170/21
f 9109/9171/32 9110/9172/32 9111/9173/32
f 9109/9171/32 9111/9173/32 9112/9174/32
f 9113/9175/21 9114/9176/21 9115/9177/21
f 9113/9175/21 9115/9177/21 9116/9178/21
f 9117/9179/132 9118/9180/132 9119/9181/132
f 9117/9179/132 9119/9181/132 9120/9163/132
f 9121/9182/132 9122/9183/132 9123/9184/132
f 9121/9182/132 9123/9184/132 9124/9185/132
f 9125/9186/83 9126/9187/83 8984/9049/83
f 9125/9186/83 8984/9049/83 8978/9043/83
f 9125/9186/83 9127/9188/83 9128/9189/83
f 9125/9186/83 9128/9189/83 9126/9187/83
f 9129/9190/83 9130/9191/83 9026/9091/83
f 9129/9190/83 9026/9091/83 9021/9086/83
f 9022/9087/83 9027/9092/83 9127/9188/83
f 9022/9087/83 9127/9188/83 9125/9186/83
f 9020/9085/83 9025/9090/83 9028/9093/83
f 9020/9085/83 9028/9093/83 9023/9088/83
f 9131/9192/83 9132/9193/83 9130/9191/83
f 9131/9192/83 9130/9191/83 9129/9190/83
f 9133/9194/32 9134/9195/32 9135/9196/32
f 9133/9194/32 9135/9196/32 9136/9197/32
f 9137/9198/32 9138/9199/32 9139/9200/32
f 9137/9198/32 9139/9200/32 9140/9201/32
f 9141/9202/32 9142/9203/32 9143/9204/32
f 9141/9202/32 9143/9204/32 9144/9205/32
f 9145/9206/32 9146/9207/32 9147/9208/32
f 9145/9206/32 9147/9208/32 9148/9209/32
f 9149/9210/32 9150/9211/32 9151/9212/32
f 9149/9210/32 9151/9212/32 9152/9213/32
f 9153/9214/32 9154/9215/32 9155/9216/32
f 9153/9214/32 9155/9216/32 9156/9217/32
f 9157/4630/32 9158/9218/32 9159/9219/32
f 9157/4630/32 9159/9219/32 9160/9220/32
f 9161/9221/83 9162/9222/83 9163/9223/83
f 9161/9221/83 9163/9223/83 9164/9224/83
f 9165/9225/83 9166/9226/83 9167/9227/83
f 9165/9225/83 9167/9227/83 9168/9228/83
f 9169/9229/83 9170/9230/83 9171/9231/83
f 9169/9229/83 9171/9231/83 9172/9232/83
f 9173/9233/83 9174/9234/83 9175/9235/83
f 9173/9233/83 9175/9235/83 9176/9236/83
f 9177/9237/32 9178/9238/32 9179/9239/32
f 9177/9237/32 9179/9239/32 9180/9240/32
f 9181/9241/83 9173/9233/83 9176/9236/83
f 9181/9241/83 9176/9236/83 9182/9242/83
f 9183/9243/83 9184/9244/83 9185/9245/83
f 9183/9243/83 9185/9245/83 9186/9246/83
f 9187/9247/83 197/197/83 199/199/83
f 9187/9247/83 199/199/83 9188/9248/83
f 9189/9249/55 9190/9250/55 9191/9251/55
f 9189/9249/55 9191/9251/55 9192/9252/55
f 9193/9253/32 9194/9254/32 9195/9255/32
f 9193/9253/32 9195/9255/32 9196/9256/32
f 9197/9257/55 9198/9258/55 9199/9259/55
f 9197/9257/55 9199/9259/55 9200/9260/55
f 9201/9261/21 9202/9262/21 9203/9263/21
f 9201/9261/21 9203/9263/21 9204/9264/21
f 9173/9233/83 9181/9241/83 9163/9223/83
f 9173/9233/83 9163/9223/83 9162/9222/83
f 9172/9232/83 9171/9231/83 9205/9265/83
f 9172/9232/83 9205/9265/83 9206/9266/83
f 9207/9267/32 9208/9268/32 9209/9269/32
f 9207/9267/32 9209/9269/32 9210/9270/32
f 9183/9243/83 9186/9246/83 9175/9235/83
f 9183/9243/83 9175/9235/83 9174/9234/83
f 9187/9247/83 9188/9248/83 9185/9245/83
f 9187/9247/83 9185/9245/83 9184/9244/83
f 9184/9244/83 9166/9226/83 9205/9265/83
f 9184/9244/83 9205/9265/83 9187/9247/83
f 9174/9234/83 9211/9271/83 9167/9227/83
f 9174/9234/83 9167/9227/83 9183/9243/83
f 9212/9272/83 9185/9245/83 9188/9248/83
f 9212/9272/83 9188/9248/83 9213/9273/83
f 9214/9274/83 9175/9235/83 9186/9246/83
f 9214/9274/83 9186/9246/83 9215/9275/83
f 9166/9226/83 9165/9225/83 9206/9266/83
f 9166/9226/83 9206/9266/83 9205/9265/83
f 9211/9271/83 9216/9276/83 9168/9228/83
f 9211/9271/83 9168/9228/83 9167/9227/83
f 9217/9277/83 9212/9272/83 9213/9273/83
f 9217/9277/83 9213/9273/83 9218/9278/83
f 9219/9279/83 9214/9274/83 9215/9275/83
f 9219/9279/83 9215/9275/83 9220/9280/83
f 9216/9276/83 9211/9271/83 9162/9222/83
f 9216/9276/83 9162/9222/83 9161/9221/83
f 9221/9281/83 9222/9282/83 9223/9283/83
f 9221/9281/83 9223/9283/83 9224/9284/83
f 9225/9285/83 9226/9286/83 9227/9287/83
f 9225/9285/83 9227/9287/83 9228/9288/83
f 9229/9289/83 9230/9290/83 9231/9291/83
f 9229/9289/83 9231/9291/83 9232/9292/83
f 9233/9293/83 9234/9294/83 9235/9295/83
f 9233/9293/83 9235/9295/83 9236/9296/83
f 9237/9297/83 9238/9298/83 9239/9299/83
f 9237/9297/83 9239/9299/83 9240/9300/83
f 9241/9301/83 9242/9302/83 9243/9303/83
f 9241/9301/83 9243/9303/83 9244/9304/83
f 9245/9305/132 9246/9306/132 9247/9307/132
f 9245/9305/132 9247/9307/132 9248/9308/132
f 9249/9309/55 9250/9310/55 9251/9250/55
f 9249/9309/55 9251/9250/55 9252/9249/55
f 9253/9311/32 9254/9312/32 9255/9313/32
f 9253/9311/32 9255/9313/32 9256/9314/32
f 9257/9315/132 9258/9316/132 9259/9317/132
f 9257/9315/132 9259/9317/132 9260/9318/132
f 9261/9319/21 9262/9320/21 9263/9321/21
f 9261/9319/21 9263/9321/21 9264/9322/21
f 9265/9323/132 9266/9324/132 9267/9325/132
f 9265/9323/132 9267/9325/132 9268/9315/132
f 9269/9326/32 9270/9327/32 9271/9328/32
f 9269/9326/32 9271/9328/32 9272/9329/32
f 9273/9330/55 9274/9331/55 9275/9332/55
f 9273/9330/55 9275/9332/55 9276/3833/55
f 9277/9333/21 9278/9334/21 9279/9335/21
f 9277/9333/21 9279/9335/21 9280/9336/21
f 9281/9337/21 9282/9338/21 9283/9339/21
f 9281/9337/21 9283/9339/21 9284/9340/21
f 9285/9341/55 9286/9342/55 9287/9343/55
f 9285/9341/55 9287/9343/55 9288/9344/55
f 9289/9345/132 9290/9346/132 9291/9347/132
f 9289/9345/132 9291/9347/132 9292/9330/132
f 9293/9348/55 9294/9349/55 9295/9350/55
f 9293/9348/55 9295/9350/55 9296/9351/55
f 9297/9352/21 9298/9353/21 9299/9354/21
f 9297/9352/21 9299/9354/21 9300/9355/21
f 9301/9356/32 9302/9357/32 9303/9358/32
f 9301/9356/32 9303/9358/32 9304/9359/32
f 9305/9360/21 9306/9361/21 9307/9362/21
f 9305/9360/21 9307/9362/21 9308/9363/21
f 9309/9260/132 9310/9364/132 9311/9365/132
f 9309/9260/132 9311/9365/132 9312/9341/132
f 9313/9366/132 9314/9367/132 9315/9368/132
f 9313/9366/132 9315/9368/132 9316/9369/132
f 9317/9370/83 9318/9371/83 9182/9242/83
f 9317/9370/83 9182/9242/83 9176/9236/83
f 9317/9370/83 9319/9372/83 9320/9373/83
f 9317/9370/83 9320/9373/83 9318/9371/83
f 9321/9374/83 9322/9375/83 9218/9278/83
f 9321/9374/83 9218/9278/83 9213/9273/83
f 9214/9274/83 9219/9279/83 9319/9372/83
f 9214/9274/83 9319/9372/83 9317/9370/83
f 9212/9272/83 9217/9277/83 9220/9280/83
f 9212/9272/83 9220/9280/83 9215/9275/83
f 9323/9376/83 9324/9377/83 9322/9375/83
f 9323/9376/83 9322/9375/83 9321/9374/83
f 9128/9189/83 9325/9378/83 9326/9379/83
f 9128/9189/83 9326/9379/83 9327/9380/83
f 9328/9381/83 9329/9382/83 9330/9383/83
f 9328/9381/83 9330/9383/83 9331/9384/83
f 9332/9385/21 9333/9386/21 9334/9387/21
f 9332/9385/21 9334/9387/21 9335/9388/21
f 9335/9388/21 9334/9387/21 9336/9389/21
f 9335/9388/21 9336/9389/21 9337/9390/21
f 9338/9391/21 9339/9392/21 9340/9393/21
f 9338/9391/21 9340/9393/21 9341/9394/21
f 9342/9395/21 9343/9396/21 9344/9397/21
f 9342/9395/21 9344/9397/21 9345/9398/21
f 9346/9399/55 9347/9400/55 9348/9401/55
f 9346/9399/55 9348/9401/55 9349/9402/55
f 9350/9403/55 9351/9404/55 9347/9400/55
f 9350/9403/55 9347/9400/55 9346/9399/55
f 9352/9405/32 9353/9406/32 9354/9407/32
f 9352/9405/32 9354/9407/32 9355/9408/32
f 9356/9409/55 9357/9410/55 9358/9411/55
f 9356/9409/55 9358/9411/55 9359/9412/55
f 9341/9394/21 9340/9393/21 9360/9413/21
f 9341/9394/21 9360/9413/21 9361/9414/21
f 9362/9415/21 9363/9416/21 9333/9386/21
f 9362/9415/21 9333/9386/21 9332/9385/21
f 9364/9417/21 9365/9418/21 9363/9416/21
f 9364/9417/21 9363/9416/21 9362/9415/21
f 9337/9390/21 9336/9389/21 9339/9392/21
f 9337/9390/21 9339/9392/21 9338/9391/21
f 9366/9419/83 9367/9420/83 9368/9421/83
f 9366/9419/83 9368/9421/83 9369/9422/83
f 9370/9423/83 9371/9424/83 9372/9425/83
f 9370/9423/83 9372/9425/83 9373/9426/83
f 9373/9426/83 9372/9425/83 9374/9427/83
f 9373/9426/83 9374/9427/83 9375/9428/83
f 9369/9422/83 9368/9421/83 9376/9429/83
f 9369/9422/83 9376/9429/83 9377/9430/83
f 9375/9428/83 9374/9427/83 9367/9420/83
f 9375/9428/83 9367/9420/83 9366/9419/83
f 9378/9431/83 9379/9432/83 9371/9424/83
f 9378/9431/83 9371/9424/83 9370/9423/83
f 9380/9433/83 9381/9434/83 9379/9432/83
f 9380/9433/83 9379/9432/83 9378/9431/83
f 9028/9093/83 9382/9435/83 9383/9436/83
f 9028/9093/83 9383/9436/83 9027/9092/83
f 9132/9193/83 9384/9437/83 9385/9438/83
f 9132/9193/83 9385/9438/83 9130/9191/83
f 9027/9092/83 9383/9436/83 9386/9439/83
f 9027/9092/83 9386/9439/83 9127/9188/83
f 9026/9091/83 9387/9440/83 9388/9441/83
f 9026/9091/83 9388/9441/83 9025/9090/83
f 9127/9188/83 9386/9439/83 9325/9378/83
f 9127/9188/83 9325/9378/83 9128/9189/83
f 9025/9090/83 9388/9441/83 9382/9435/83
f 9025/9090/83 9382/9435/83 9028/9093/83
f 9130/9191/83 9385/9438/83 9387/9440/83
f 9130/9191/83 9387/9440/83 9026/9091/83
f 9389/9442/132 9390/9443/132 9391/9444/132
f 9389/9442/132 9391/9444/132 9392/9445/132
f 9393/9446/132 9394/9447/132 9395/9448/132
f 9393/9446/132 9395/9448/132 9396/9449/132
f 9392/9445/132 9391/9444/132 9397/9450/132
f 9392/9445/132 9397/9450/132 9398/9451/132
f 9398/9451/132 9397/9450/132 9399/9452/132
f 9398/9451/132 9399/9452/132 9400/9453/132
f 9400/9453/132 9399/9452/132 9394/9447/132
f 9400/9453/132 9394/9447/132 9393/9446/132
f 9401/9454/83 9402/9455/83 9403/9456/83
f 9401/9454/83 9403/9456/83 9404/9457/83
f 9405/9458/83 9406/9459/83 9407/9460/83
f 9405/9458/83 9407/9460/83 9408/9461/83
f 9409/9462/83 9410/9463/83 9402/9455/83
f 9409/9462/83 9402/9455/83 9401/9454/83
f 8984/9049/83 9411/9464/83 9412/9465/83
f 8984/9049/83 9412/9465/83 8983/9048/83
f 9413/9466/83 9414/9467/83 9415/9468/83
f 9413/9466/83 9415/9468/83 9416/9469/83
f 9417/9470/83 9418/9471/83 9419/9459/83
f 9417/9470/83 9419/9459/83 9420/9472/83
f 8966/9473/83 9421/9474/83 9410/9463/83
f 8966/9473/83 9410/9463/83 9409/9462/83
f 9404/9457/83 9403/9456/83 9422/9475/83
f 9404/9457/83 9422/9475/83 9423/9476/83
f 9126/9187/83 9424/9477/83 9411/9464/83
f 9126/9187/83 9411/9464/83 8984/9049/83
f 8983/9048/83 9412/9465/83 9425/9478/83
f 8983/9048/83 9425/9478/83 8965/9030/83
f 9170/9230/83 9426/9479/83 9427/9480/83
f 9170/9230/83 9427/9480/83 9171/9231/83
f 9321/9374/83 9428/9481/83 9429/9482/83
f 9321/9374/83 9429/9482/83 9323/9376/83
f 8972/9037/83 9430/9483/83 9431/9484/83
f 8972/9037/83 9431/9484/83 8973/9038/83
f 9129/9190/83 9432/9485/83 9433/9486/83
f 9129/9190/83 9433/9486/83 9131/9192/83
f 9434/9487/83 9323/9376/83 9429/9482/83
f 9434/9487/83 9429/9482/83 9435/9488/83
f 9436/9489/55 9437/9490/55 9357/9410/55
f 9436/9489/55 9357/9410/55 9356/9409/55
f 9170/9230/83 9434/9487/83 9435/9488/83
f 9170/9230/83 9435/9488/83 9426/9479/83
f 9438/9491/132 9439/9492/132 9440/9493/132
f 9438/9491/132 9440/9493/132 9441/9494/132
f 9442/9495/83 9443/9496/83 9444/9497/83
f 9442/9495/83 9444/9497/83 9445/9498/83
f 9446/9499/32 9447/9500/32 9448/9501/32
f 9446/9499/32 9448/9501/32 9449/9502/32
f 9450/9503/83 9131/9192/83 9433/9486/83
f 9450/9503/83 9433/9486/83 9451/9504/83
f 9452/9505/132 9453/9506/132 9439/9492/132
f 9452/9505/132 9439/9492/132 9438/9491/132
f 9454/9507/132 9455/9508/132 9456/9509/132
f 9454/9507/132 9456/9509/132 9457/9510/132
f 9458/9511/21 9459/9512/21 9460/9513/21
f 9458/9511/21 9460/9513/21 9461/9514/21
f 9462/9515/132 9463/9516/132 9455/9508/132
f 9462/9515/132 9455/9508/132 9454/9507/132
f 8991/9056/83 9464/9517/83 9432/9485/83
f 8991/9056/83 9432/9485/83 9129/9190/83
f 197/197/83 9171/9231/83 9427/9480/83
f 197/197/83 9427/9480/83 198/198/83
f 9465/9518/83 9466/9519/83 9467/9520/83
f 9465/9518/83 9467/9520/83 9468/9521/83
f 9321/9374/83 199/199/83 198/198/83
f 9321/9374/83 198/198/83 9428/9481/83
f 9469/9522/83 9470/9523/83 9471/9524/83
f 9469/9522/83 9471/9524/83 9472/9525/83
f 9473/9526/83 9474/9527/83 9475/9528/83
f 9473/9526/83 9475/9528/83 9476/9529/83
f 9477/9530/83 9478/9531/83 9479/9532/83
f 9477/9530/83 9479/9532/83 9480/9533/83
f 9481/9534/83 9482/9535/83 9483/9536/83
f 9481/9534/83 9483/9536/83 9484/9537/83
f 9485/9538/83 9486/9539/83 9487/9540/83
f 9485/9538/83 9487/9540/83 9488/9541/83
f 9489/9542/83 9490/9543/83 9491/9544/83
f 9489/9542/83 9491/9544/83 9492/9545/83
f 9493/9546/83 9494/9547/83 9495/9548/83
f 9493/9546/83 9495/9548/83 9496/9549/83
f 9497/9550/83 9498/9551/83 9499/9552/83
f 9497/9550/83 9499/9552/83 9500/9553/83
f 9501/9554/32 9502/9555/32 9503/9556/32
f 9501/9554/32 9503/9556/32 9504/9557/32
f 9505/9558/2207 9506/9559/2207 9507/9560/2208
f 9505/9558/2207 9507/9560/2208 9508/9561/2208
f 9509/9562/2209 9510/9563/2209 9511/9564/2210
f 9509/9562/2209 9511/9564/2210 9512/9565/2210
f 9513/9566/2211 9514/9567/2211 9515/9568/2211
f 9513/9566/2211 9515/9568/2211 9516/9569/2211
f 9517/9570/2212 9518/9571/2212 9519/9572/2213
f 9517/9570/2212 9519/9572/2213 9520/9573/2213
f 9521/9574/2212 9522/9575/2212 9523/9576/2213
f 9521/9574/2212 9523/9576/2213 9524/9577/2213
f 9525/9578/2213 9526/9579/2213 9527/9580/2212
f 9525/9578/2213 9527/9580/2212 9528/9581/2212
f 9529/9582/2213 9530/9583/2213 9531/9584/2212
f 9529/9582/2213 9531/9584/2212 9532/9585/2212
f 9533/9586/2211 9534/9587/2211 9535/9588/2211
f 9533/9586/2211 9535/9588/2211 9536/9589/2211
f 9537/9590/2209 9538/9591/2209 9539/9592/2210
f 9537/9590/2209 9539/9592/2210 9540/9593/2210
f 9541/9594/2214 9542/9595/2214 9543/9596/2215
f 9541/9594/2214 9543/9596/2215 9544/9597/2215
f 9545/9598/2216 9546/9599/2216 9547/9600/2216
f 9545/9598/2216 9547/9600/2216 9548/9601/2216
f 9549/9602/2214 9550/9603/2214 9551/9604/2215
f 9549/9602/2214 9551/9604/2215 9552/9605/2215
f 9553/9606/2217 9554/9607/2217 9555/9608/2217
f 9553/9606/2217 9555/9608/2217 9556/9609/2217
f 9557/9610/32 9558/9611/32 9559/9612/32
f 9557/9610/32 9559/9612/32 9560/9613/32
f 9561/9614/32 9562/9615/32 9563/9616/32
f 9561/9614/32 9563/9616/32 9564/9617/32
f 9565/9618/32 9566/9619/32 9567/9620/32
f 9565/9618/32 9567/9620/32 9568/9556/32
f 9569/9621/2216 9570/9622/2216 9571/9623/2216
f 9569/9621/2216 9571/9623/2216 9572/9624/2216
f 9573/9625/21 9574/9626/21 9575/9627/21
f 9573/9625/21 9575/9627/21 9576/9628/21
f 9577/9629/2217 9578/9630/2217 9579/9631/2217
f 9577/9629/2217 9579/9631/2217 9580/9632/2217
f 9581/9633/21 9582/9634/21 9583/9635/21
f 9581/9633/21 9583/9635/21 9584/9636/21
f 9585/9637/2210 9586/9638/2210 9587/9639/2209
f 9585/9637/2210 9587/9639/2209 9588/9640/2209
f 9589/9638/2208 9590/9580/2208 9591/9641/2207
f 9589/9638/2208 9591/9641/2207 9592/9642/2207
f 9593/9643/2218 9594/9644/2218 9595/9607/2218
f 9593/9643/2218 9595/9607/2218 9596/9645/2218
f 9597/9569/2216 9598/9646/2216 9599/9587/2216
f 9597/9569/2216 9599/9587/2216 9600/9566/2216
f 9601/9647/2210 9602/9648/2210 9603/9649/2209
f 9601/9647/2210 9603/9649/2209 9604/9650/2209
f 9605/9651/2215 9606/9652/2215 9607/9653/2214
f 9605/9651/2215 9607/9653/2214 9608/9647/2214
f 9609/9654/2218 9610/9631/2218 9611/9655/2218
f 9609/9654/2218 9611/9655/2218 9612/9656/2218
f 9613/9657/21 9614/9658/21 9615/9659/21
f 9613/9657/21 9615/9659/21 9616/9660/21
f 9617/9661/2217 9618/9662/2217 9619/9663/2217
f 9617/9661/2217 9619/9663/2217 9620/9664/2217
f 9621/9665/2215 9622/9666/2215 9623/9667/2214
f 9621/9665/2215 9623/9667/2214 9624/9668/2214
f 9625/9669/2211 9626/9670/2211 9627/9671/2211
f 9625/9669/2211 9627/9671/2211 9628/9672/2211
f 9629/9673/21 9630/9625/21 9631/9674/21
f 9629/9673/21 9631/9674/21 9632/9675/21
f 9633/9559/2207 9634/9676/2207 9635/9677/2208
f 9633/9559/2207 9635/9677/2208 9636/9678/2208
f 9637/9679/2211 9638/9680/2211 9639/9681/2211
f 9637/9679/2211 9639/9681/2211 9640/9682/2211
f 9641/9683/2216 9642/9684/2216 9643/9685/2216
f 9641/9683/2216 9643/9685/2216 9644/9686/2216
f 9645/9577/2208 9646/9687/2208 9647/9688/2207
f 9645/9577/2208 9647/9688/2207 9648/9574/2207
f 9649/9689/2218 9650/9690/2218 9651/9691/2218
f 9649/9689/2218 9651/9691/2218 9652/9692/2218
f 9653/9693/2218 9654/9694/2218 9655/9695/2218
f 9653/9693/2218 9655/9695/2218 9656/9696/2218
f 9657/9697/2219 9658/9698/2219 9659/9699/2220
f 9657/9697/2219 9659/9699/2220 9660/9700/2220
f 9661/9701/2219 9662/9702/2219 9663/9703/2220
f 9661/9701/2219 9663/9703/2220 9664/9704/2220
f 9665/9705/2221 9666/9706/2221 9667/9707/2221
f 9665/9705/2221 9667/9707/2221 9668/9708/2221
f 9669/9709/2221 9670/9710/2221 9671/9711/2221
f 9669/9709/2221 9671/9711/2221 9672/9712/2221
f 9673/9713/2220 9674/9714/2220 9675/9715/2220
f 9673/9713/2220 9675/9715/2220 9676/9716/2220
f 9677/9717/2220 9678/9718/2220 9679/9719/2220
f 9677/9717/2220 9679/9719/2220 9680/9720/2220
f 9681/9721/2222 9682/9722/2222 9683/9723/2222
f 9681/9721/2222 9683/9723/2222 9684/9724/2223
f 9685/9725/2222 9686/9726/2222 9687/9727/2222
f 9685/9725/2222 9687/9727/2222 9688/9728/2222
f 9689/9729/2224 9690/9730/2224 9691/9731/2224
f 9689/9729/2224 9691/9731/2224 9692/9732/2225
f 9693/9733/2224 9694/9734/2224 9695/9735/2224
f 9693/9733/2224 9695/9735/2224 9696/9736/2225
f 9697/9737/2226 9698/9738/2227 9699/9739/2228
f 9697/9737/2226 9699/9739/2228 9700/9740/2228
f 9701/9741/2228 9702/9742/2228 9703/9743/2229
f 9701/9741/2228 9703/9743/2229 9704/9744/2229
f 9705/9745/2224 9706/9746/2224 9707/9747/2225
f 9705/9745/2224 9707/9747/2225 9708/9748/2225
f 9709/9749/2224 9710/9750/2224 9711/9751/2225
f 9709/9749/2224 9711/9751/2225 9712/9752/2225
f 9713/9753/2230 9714/9754/2230 9715/9755/2226
f 9713/9753/2230 9715/9755/2226 9716/9756/2226
f 9717/9757/2230 9718/9758/2230 9719/9759/2226
f 9717/9757/2230 9719/9759/2226 9720/9760/2226
f 9721/9761/2231 9722/9762/2231 9723/9763/2232
f 9721/9761/2231 9723/9763/2232 9724/9764/2232
f 9725/9765/2233 9726/9766/2233 9727/9767/2234
f 9725/9765/2233 9727/9767/2234 9728/9768/2234
f 9729/9769/2234 9730/9770/2234 9731/9771/2233
f 9729/9769/2234 9731/9771/2233 9732/9772/2233
f 9733/9773/2231 9734/9774/2231 9735/9775/2232
f 9733/9773/2231 9735/9775/2232 9736/9776/2232
f 9737/9777/2235 9738/9778/2235 9739/9779/2235
f 9737/9777/2235 9739/9779/2235 9740/9780/2235
f 9741/9781/2235 9742/9782/2235 9743/9783/2235
f 9741/9781/2235 9743/9783/2235 9744/9784/2235
f 9745/9785/2236 9746/9786/2237 9747/9787/2236
f 9745/9785/2236 9747/9787/2236 9748/9788/2238
f 9749/9789/2239 9750/9790/2239 9751/9791/2236
f 9749/9789/2239 9751/9791/2236 9752/9792/2238
f 9753/9793/2232 9754/9794/2232 9755/9795/2232
f 9753/9793/2232 9755/9795/2232 9756/9796/2232
f 9757/9797/2234 9758/9798/2234 9759/9799/2234
f 9757/9797/2234 9759/9799/2234 9760/9800/2234
f 9761/9801/2234 9762/9802/2234 9763/9803/2234
f 9761/9801/2234 9763/9803/2234 9764/9804/2234
f 9765/9805/2232 9766/9806/2232 9767/9807/2232
f 9765/9805/2232 9767/9807/2232 9768/9808/2232
f 9769/9809/2240 9770/9810/2240 9771/9811/2235
f 9769/9809/2240 9771/9811/2235 9772/9812/2235
f 9773/9813/2240 9774/9814/2240 9775/9815/2235
f 9773/9813/2240 9775/9815/2235 9776/9816/2235
f 9777/9817/2238 9778/8110/2238 9779/9818/2238
f 9777/9817/2238 9779/9818/2238 9780/9819/2238
f 9781/9820/2238 9782/9821/2238 9783/9822/2241
f 9781/9820/2238 9783/9822/2241 9784/9823/2241
f 9785/9824/2242 9786/9825/2242 9787/9826/2242
f 9785/9824/2242 9787/9826/2242 9788/9827/2242
f 9789/9828/2242 9790/9829/2242 9791/9830/2242
f 9789/9828/2242 9791/9830/2242 9792/9831/2242
f 9793/9832/2243 9794/9833/2243 9795/9834/2243
f 9793/9832/2243 9795/9834/2243 9796/9835/2243
f 9797/9836/2243 9798/9837/2243 9799/9838/2244
f 9797/9836/2243 9799/9838/2244 9800/9839/2244
f 9801/9840/2242 9802/9841/2242 9803/9842/2242
f 9801/9840/2242 9803/9842/2242 9804/9843/2242
f 9805/9844/2242 9806/9845/2242 9807/9846/2242
f 9805/9844/2242 9807/9846/2242 9808/9847/2242
f 9809/9848/2245 9810/9849/2245 9811/9850/2245
f 9809/9848/2245 9811/9850/2245 9812/9851/2245
f 9813/9852/2245 9814/9853/2245 9815/9854/2245
f 9813/9852/2245 9815/9854/2245 9816/9855/2245
f 9817/9856/2217 9818/9857/2217 9819/9858/2217
f 9817/9856/2217 9819/9858/2217 9820/9859/2217
f 9821/9860/2246 9822/9861/2246 9823/9862/2246
f 9821/9860/2246 9823/9862/2246 9824/9863/2246
f 9825/9864/2247 9826/9865/2247 9827/9866/2247
f 9825/9864/2247 9827/9866/2247 9828/9867/2247
f 9829/9868/2248 9830/9869/2248 9831/9870/2248
f 9829/9868/2248 9831/9870/2248 9832/9871/2248
f 9833/9872/2249 9834/9873/2249 9835/9874/2249
f 9833/9872/2249 9835/9874/2249 9836/9875/2249
f 9837/9876/2250 9838/9877/2250 9839/9878/2250
f 9837/9876/2250 9839/9878/2250 9840/9879/2250
f 9841/9880/55 9842/9881/55 9843/9882/55
f 9841/9880/55 9843/9882/55 9844/9883/55
f 9845/9884/2251 9846/9885/2251 9847/9886/2251
f 9845/9884/2251 9847/9886/2251 9848/9887/2251
f 9849/9888/2252 9850/9889/2252 9851/9890/2252
f 9849/9888/2252 9851/9890/2252 9852/9891/2252
f 9853/9892/2253 9854/9893/2253 9855/9894/2253
f 9853/9892/2253 9855/9894/2253 9856/9895/2253
f 9857/9896/2249 9858/9897/2249 9859/9898/2249
f 9857/9896/2249 9859/9898/2249 9860/9899/2249
f 9861/9900/2248 9862/9901/2248 9863/9902/2248
f 9861/9900/2248 9863/9902/2248 9864/9903/2248
f 9865/9904/55 9866/9905/55 9867/9906/55
f 9865/9904/55 9867/9906/55 9868/9907/55
f 9869/9908/2254 9870/9909/2254 9871/9910/2254
f 9869/9908/2254 9871/9910/2254 9872/9911/2254
f 9873/9912/2246 9874/9913/2246 9875/9914/2246
f 9873/9912/2246 9875/9914/2246 9876/9915/2246
f 9877/9916/2255 9878/9870/2255 9879/9917/2255
f 9877/9916/2255 9879/9917/2255 9880/9918/2255
f 9881/9919/2255 9882/9920/2255 9883/9921/2255
f 9881/9919/2255 9883/9921/2255 9884/9922/2255
f 9885/9923/2249 9886/9924/2249 9887/9925/2249
f 9885/9923/2249 9887/9925/2249 9888/9926/2249
f 9889/9927/2256 9890/9928/2256 9891/9929/2256
f 9889/9927/2256 9891/9929/2256 9892/9930/2256
f 9893/9931/2251 9894/9932/2251 9895/9933/2251
f 9893/9931/2251 9895/9933/2251 9896/9934/2251
f 9897/9935/2257 9898/9936/2257 9899/9937/2257
f 9897/9935/2257 9899/9937/2257 9900/9938/2257
f 9901/9939/2258 9902/9940/2258 9903/9941/2258
f 9901/9939/2258 9903/9941/2258 9904/9942/2258
f 9905/9943/2256 9906/9944/2256 9907/9945/2256
f 9905/9943/2256 9907/9945/2256 9908/9946/2256
f 9909/9947/2248 9910/9948/2248 9911/9949/2248
f 9909/9947/2248 9911/9949/2248 9912/9950/2248
f 9913/9951/83 9914/9952/83 9915/9953/83
f 9913/9951/83 9915/9953/83 9916/9954/83
f 9917/9955/83 9918/9956/83 9919/9957/83
f 9917/9955/83 9919/9957/83 9920/9958/83
f 9921/9959/83 9922/9960/83 9923/9961/83
f 9921/9959/83 9923/9961/83 9924/9962/83
f 9925/9963/83 9926/9964/83 9927/9965/83
f 9925/9963/83 9927/9965/83 9928/9966/83
f 9929/9967/83 9930/9968/83 9931/9969/83
f 9929/9967/83 9931/9969/83 9932/9965/83
f 217/217/83 216/216/83 9933/9970/83
f 217/217/83 9933/9970/83 9934/9971/83
f 218/218/83 220/220/83 215/215/83
f 218/218/83 215/215/83 217/217/83
f 9935/9972/83 9936/9973/83 9937/9974/83
f 9935/9972/83 9937/9974/83 9938/9975/83
f 9939/9976/83 9940/9977/83 9941/9978/83
f 9939/9976/83 9941/9978/83 9942/9979/83
f 9943/9980/83 9944/9981/83 9945/9982/83
f 9943/9980/83 9945/9982/83 9946/9983/83
f 9947/9984/83 9948/9985/83 9949/9986/83
f 9947/9984/83 9949/9986/83 9950/9987/83
f 9951/9988/83 9952/9989/83 9953/9990/83
f 9951/9988/83 9953/9990/83 9954/9991/83
f 9955/9992/83 9956/9993/83 9957/9994/83
f 9955/9992/83 9957/9994/83 9958/9995/83
f 9959/9996/83 9960/9997/83 9961/9998/83
f 9959/9996/83 9961/9998/83 9962/9999/83
f 9963/10000/83 9964/10001/83 9960/9997/83
f 9963/10000/83 9960/9997/83 9959/9996/83
f 9965/10002/83 9966/10003/83 9967/10004/83
f 9965/10002/83 9967/10004/83 9968/10005/83
f 9969/10006/83 9970/10007/83 9971/10008/83
f 9969/10006/83 9971/10008/83 9972/10009/83
f 9973/10010/83 9974/10011/83 9975/10012/83
f 9973/10010/83 9975/10012/83 9976/10013/83
f 9977/10014/83 9978/10015/83 206/206/83
f 9977/10014/83 206/206/83 208/208/83
f 9979/10016/83 9980/10017/83 9981/10018/83
f 9979/10016/83 9981/10018/83 9982/10019/83
f 9983/10020/83 9984/10021/83 9985/10022/83
f 9983/10020/83 9985/10022/83 9986/10023/83
f 9987/10024/83 9988/10025/83 9989/10026/83
f 9987/10024/83 9989/10026/83 9990/10027/83
f 9991/10028/83 9992/10029/83 9993/10030/83
f 9991/10028/83 9993/10030/83 9994/10031/83
f 9995/10032/2259 9996/10033/2259 9997/10034/2259
f 9995/10032/2259 9997/10034/2259 9998/10035/2259
f 9999/10036/83 10000/10037/83 10001/10038/83
f 9999/10036/83 10001/10038/83 10002/10039/83
f 10003/10040/83 10004/10041/83 10005/10042/83
f 10003/10040/83 10005/10042/83 10006/10043/83
f 10007/10044/83 10008/10045/83 10009/10046/83
f 10007/10044/83 10009/10046/83 10010/10047/83
f 10011/10048/83 10012/10049/83 10013/10050/83
f 10011/10048/83 10013/10050/83 10014/10051/83
f 10015/10052/83 10016/10053/83 10017/10054/83
f 10015/10052/83 10017/10054/83 10018/10055/83
f 10018/10055/83 10017/10054/83 10019/10056/83
f 10018/10055/83 10019/10056/83 10020/10057/83
f 10021/10058/83 10022/10059/83 10023/10060/83
f 10021/10058/83 10023/10060/83 10024/10061/83
f 10025/10062/83 10026/10063/83 10027/10064/83
f 10025/10062/83 10027/10064/83 10028/10065/83
f 10029/10066/83 10030/10067/83 10031/10068/83
f 10029/10066/83 10031/10068/83 10032/10069/83
f 10033/10070/83 10034/10071/83 10035/10072/83
f 10033/10070/83 10035/10072/83 10036/10073/83
f 10037/10074/83 10038/10075/83 10039/10076/83
f 10037/10074/83 10039/10076/83 10040/10077/83
f 10041/10078/83 10042/10079/83 10043/10080/83
f 10041/10078/83 10043/10080/83 10044/10081/83
f 10045/10082/83 10046/10083/83 10047/10084/83
f 10045/10082/83 10047/10084/83 10048/10085/83
f 10049/10086/83 10050/10087/83 10051/10088/83
f 10049/10086/83 10051/10088/83 10052/10089/83
f 10053/10090/83 10054/10091/83 10055/10092/83
f 10053/10090/83 10055/10092/83 10056/10093/83
f 10057/10094/83 10058/10095/83 10059/10096/83
f 10057/10094/83 10059/10096/83 10060/10097/83
f 10061/10098/2253 10062/10099/2253 10063/10100/2253
f 10061/10098/2253 10063/10100/2253 10064/10101/2253
f 10065/10102/2253 10066/10103/2253 10067/10104/2253
f 10065/10102/2253 10067/10104/2253 10068/10105/2253
f 10069/10106/2250 10070/10107/2250 10071/10108/2250
f 10069/10106/2250 10071/10108/2250 10072/10109/2250
f 10073/10110/1201 10074/10111/1201 10075/10112/1201
f 10073/10110/1201 10075/10112/1201 10076/10113/1201
f 10077/10114/2252 10078/10115/2252 10079/10116/2252
f 10077/10114/2252 10079/10116/2252 10080/10117/2252
f 10081/10118/1182 10082/10119/1182 10083/10120/1182
f 10081/10118/1182 10083/10120/1182 10084/10121/1182
f 10085/10122/2250 10086/10123/2250 10087/10124/2250
f 10085/10122/2250 10087/10124/2250 10088/10125/2250
f 10089/9887/2247 10090/10126/2247 10091/10127/2247
f 10089/9887/2247 10091/10127/2247 10092/10128/2247
f 10093/10129/1175 10094/10130/1175 10095/10131/1175
f 10093/10129/1175 10095/10131/1175 10096/10132/1175
f 10097/10133/55 10098/10134/55 10099/10135/55
f 10097/10133/55 10099/10135/55 10100/10136/55
f 10101/10137/1197 10102/10138/1197 10103/10139/1197
f 10101/10137/1197 10103/10139/1197 10104/10140/1197
f 10105/10141/2259 10106/10142/2259 10107/10143/2259
f 10105/10141/2259 10107/10143/2259 10108/10144/2259
f 10109/10145/55 10110/10146/55 10111/10147/55
f 10109/10145/55 10111/10147/55 10112/10148/55
f 10113/10149/2260 10114/10150/2260 10115/10151/2260
f 10113/10149/2260 10115/10151/2260 10116/10152/2260
f 10117/10153/1183 10118/10154/1183 10119/10155/1183
f 10117/10153/1183 10119/10155/1183 10120/10156/1183
f 10121/10157/2258 10122/10158/2258 10123/10159/2258
f 10121/10157/2258 10123/10159/2258 10124/10160/2258
f 10125/10161/2261 10126/10162/2261 10127/10163/2261
f 10125/10161/2261 10127/10163/2261 10128/10164/2261
f 10129/9891/2262 10130/10165/2262 10131/10166/2262
f 10129/9891/2262 10131/10166/2262 10132/9888/2262
f 10133/10167/2263 10134/10168/2263 10135/10169/2263
f 10133/10167/2263 10135/10169/2263 10136/10170/2263
f 10137/10171/428 10138/10172/428 10139/10173/428
f 10137/10171/428 10139/10173/428 10140/10114/428
f 10141/10174/2256 10142/10175/2256 10143/10176/2256
f 10141/10174/2256 10143/10176/2256 10144/10177/2256
f 10145/10178/2264 10146/10179/2264 10147/10180/2264
f 10145/10178/2264 10147/10180/2264 10148/10181/2264
f 10149/10182/21 10150/10183/21 10151/10184/21
f 10149/10182/21 10151/10184/21 10152/10185/21
f 10153/10186/2257 10154/10187/2257 10155/10188/2257
f 10153/10186/2257 10155/10188/2257 10156/10189/2257
f 10157/10190/1177 10158/10191/1177 10159/10192/1177
f 10157/10190/1177 10159/10192/1177 10160/10193/1177
f 10161/10194/32 10162/10195/32 10163/10196/32
f 10161/10194/32 10163/10196/32 10164/10197/32
f 10165/10198/2259 10166/10199/2259 10167/10200/2259
f 10165/10198/2259 10167/10200/2259 10168/10201/2259
f 10169/10202/55 10170/10203/55 10171/10204/55
f 10169/10202/55 10171/10204/55 10172/10205/55
f 10173/10206/429 10174/10173/429 10175/10207/429
f 10173/10206/429 10175/10207/429 10176/10208/429
f 10177/10209/2255 10178/10210/2255 10179/10211/2255
f 10177/10209/2255 10179/10211/2255 10180/10212/2255
f 10181/10213/2260 10182/10214/2260 10183/10215/2260
f 10181/10213/2260 10183/10215/2260 10184/10216/2260
f 10172/10205/55 10171/10204/55 10185/10217/55
f 10172/10205/55 10185/10217/55 10186/10218/55
f 10187/10219/2265 10188/10169/2265 10189/10220/2265
f 10187/10219/2265 10189/10220/2265 10190/10221/2265
f 10191/10222/2254 10192/9933/2254 10193/10223/2254
f 10191/10222/2254 10193/10223/2254 10194/10224/2254
f 10195/10225/2258 10196/10226/2258 10197/10227/2258
f 10195/10225/2258 10197/10227/2258 10198/10228/2258
f 10199/10229/2262 10200/10230/2262 10201/10231/2262
f 10199/10229/2262 10201/10231/2262 10202/10232/2262
f 10203/10233/83 10204/10234/83 10205/10235/83
f 10203/10233/83 10205/10235/83 10206/10236/83
f 10207/10237/83 10208/10238/83 10204/10234/83
f 10207/10237/83 10204/10234/83 10203/10233/83
f 10209/10239/83 10210/10240/83 10211/10241/83
f 10209/10239/83 10211/10241/83 10212/10242/83
f 10213/10243/83 10214/10244/83 10215/10245/83
f 10213/10243/83 10215/10245/83 10216/10246/83
f 9974/10011/83 10217/10247/83 10218/10248/83
f 9974/10011/83 10218/10248/83 10219/10249/83
f 10220/10250/83 10221/10251/83 10222/10252/83
f 10220/10250/83 10222/10252/83 10223/10253/83
f 10224/10254/83 10225/10255/83 10214/10244/83
f 10224/10254/83 10214/10244/83 10213/10243/83
f 9977/10014/83 10226/10256/83 10227/10257/83
f 9977/10014/83 10227/10257/83 9978/10015/83
f 9327/9380/83 9326/9379/83 10225/10255/83
f 9327/9380/83 10225/10255/83 10224/10254/83
f 10228/10258/83 10229/10259/83 10230/10260/83
f 10228/10258/83 10230/10260/83 10231/10261/83
f 10216/10246/83 10215/10245/83 10226/10256/83
f 10216/10246/83 10226/10256/83 9977/10014/83
f 9973/10010/83 10232/10262/83 10217/10247/83
f 9973/10010/83 10217/10247/83 9974/10011/83
f 10233/10263/21 10234/10264/21 10235/10265/21
f 10233/10263/21 10235/10265/21 10236/10266/21
f 10237/10267/132 10238/10268/132 10239/10269/132
f 10238/10268/132 10237/10267/132 10240/10270/132
f 10238/10268/132 10240/10270/132 10241/10271/132
f 10241/10271/132 10240/10270/132 10242/10272/132
f 10242/10272/132 10240/10270/132 10243/10273/132
f 10242/10272/132 10243/10273/132 10244/10274/132
f 10242/10272/132 10244/10274/132 10245/10275/132
f 10245/10275/132 10244/10274/132 10246/10276/132
f 10245/10275/132 10246/10276/132 10247/10277/132
f 10247/10277/132 10246/10276/132 10248/10278/132
f 10247/10277/132 10248/10278/132 10249/10279/132
f 10249/10279/132 10248/10278/132 10250/10280/132
f 10249/10279/132 10250/10280/132 10251/10281/132
f 10251/10281/132 10250/10280/132 10252/10282/132
f 10252/10282/132 10250/10280/132 10253/10283/132
f 10252/10282/132 10253/10283/132 10254/10284/132
f 10254/10284/132 10253/10283/132 10255/10285/132
f 10254/10284/132 10255/10285/132 10256/10286/132
f 10256/10286/132 10255/10285/132 10257/10287/132
f 10256/10286/132 10257/10287/132 10258/10288/132
f 10256/10286/132 10258/10288/132 10259/10289/132
f 10259/10289/132 10258/10288/132 10260/10290/132
f 10260/10290/132 10258/10288/132 10261/10291/132
f 10260/10290/132 10261/10291/132 10262/10292/132
f 10260/10290/132 10262/10292/132 10263/10293/132
f 10263/10293/132 10262/10292/132 10264/10294/132
f 10263/10293/132 10264/10294/132 10265/10295/132
f 10265/10295/132 10264/10294/132 10266/10296/132
f 10265/10295/132 10266/10296/132 10267/10297/132
f 10267/10297/132 10266/10296/132 10268/10298/132
f 780/781/55 750/751/55 774/775/55
f 750/751/55 780/781/55 792/793/55
f 750/751/55 792/793/55 739/740/55
f 739/740/55 792/793/55 875/876/55
f 739/740/55 875/876/55 732/733/55
f 732/733/55 875/876/55 867/868/55
f 732/733/55 867/868/55 726/727/55
f 726/727/55 867/868/55 866/867/55
f 726/727/55 866/867/55 727/728/55
f 727/728/55 866/867/55 10269/10299/55
f 10269/10299/55 866/867/55 10270/10300/55
f 10269/10299/55 10270/10300/55 10271/10301/55
f 10271/10301/55 10270/10300/55 10272/10302/55
f 10271/10301/55 10272/10302/55 10273/10303/55
f 10273/10303/55 10272/10302/55 10274/10304/55
f 10273/10303/55 10274/10304/55 10275/10305/55
f 10275/10305/55 10274/10304/55 10276/10306/55
f 10275/10305/55 10276/10306/55 10277/10307/55
f 10277/10307/55 10276/10306/55 10278/10308/55
f 10277/10307/55 10278/10308/55 853/854/55
f 853/854/55 10278/10308/55 741/742/55
f 853/854/55 741/742/55 854/855/55
f 854/855/55 741/742/55 740/741/55
f 854/855/55 740/741/55 861/862/55
f 861/862/55 740/741/55 769/770/55
f 861/862/55 769/770/55 864/865/55
f 864/865/55 769/770/55 779/780/55
f 864/865/55 779/780/55 787/788/55
f 864/865/55 787/788/55 873/874/55
f 873/874/55 787/788/55 877/878/55
f 794/795/132 865/866/132 874/875/132
f 865/866/132 794/795/132 782/783/132
f 865/866/132 782/783/132 862/863/132
f 862/863/132 782/783/132 855/856/132
f 855/856/132 782/783/132 778/779/132
f 855/856/132 778/779/132 758/759/132
f 855/856/132 758/759/132 850/851/132
f 850/851/132 758/759/132 757/758/132
f 850/851/132 757/758/132 851/852/132
f 851/852/132 757/758/132 10279/10309/132
f 851/852/132 10279/10309/132 10280/10310/132
f 10280/10310/132 10279/10309/132 10281/10311/132
f 10280/10310/132 10281/10311/132 10282/10312/132
f 10282/10312/132 10281/10311/132 10283/10313/132
f 10282/10312/132 10283/10313/132 10284/10314/132
f 10284/10314/132 10283/10313/132 10285/10315/132
f 10284/10314/132 10285/10315/132 10286/10316/132
f 10286/10316/132 10285/10315/132 10287/10317/132
f 10286/10316/132 10287/10317/132 10288/10318/132
f 10288/10318/132 10287/10317/132 734/735/132
f 10288/10318/132 734/735/132 790/791/132
f 790/791/132 734/735/132 731/732/132
f 790/791/132 731/732/132 791/792/132
f 791/792/132 731/732/132 730/731/132
f 791/792/132 730/731/132 876/877/132
f 876/877/132 730/731/132 849/850/132
f 876/877/132 849/850/132 872/873/132
f 872/873/132 849/850/132 852/853/132
f 872/873/132 852/853/132 863/864/132
f 863/864/132 852/853/132 860/861/132
f 10289/10319/55 10290/10320/55 10291/10321/55
f 10290/10320/55 10289/10319/55 10292/10322/55
f 10290/10320/55 10292/10322/55 10293/10323/55
f 10293/10323/55 10292/10322/55 10294/10324/55
f 10293/10323/55 10294/10324/55 10295/10325/55
f 10295/10325/55 10294/10324/55 10296/10326/55
f 10295/10325/55 10296/10326/55 10297/10327/55
f 10297/10327/55 10296/10326/55 10298/10328/55
f 10297/10327/55 10298/10328/55 10299/10329/55
f 10299/10329/55 10298/10328/55 10300/10330/55
f 10299/10329/55 10300/10330/55 10301/10331/55
f 10301/10331/55 10300/10330/55 10302/10332/55
f 10301/10331/55 10302/10332/55 10303/10333/55
f 10303/10333/55 10302/10332/55 10304/10334/55
f 10303/10333/55 10304/10334/55 10305/10335/55
f 10305/10335/55 10304/10334/55 10306/10336/55
f 10305/10335/55 10306/10336/55 10307/10337/55
f 10307/10337/55 10306/10336/55 10308/10338/55
f 10307/10337/55 10308/10338/55 10309/10339/55
f 10309/10339/55 10308/10338/55 10310/10340/55
f 10309/10339/55 10310/10340/55 10311/10341/55
f 10311/10341/55 10310/10340/55 10312/10342/55
f 10311/10341/55 10312/10342/55 10313/10343/55
f 10313/10343/55 10312/10342/55 10314/10344/55
f 10313/10343/55 10314/10344/55 10315/10345/55
f 10315/10345/55 10314/10344/55 10316/10346/55
f 10315/10345/55 10316/10346/55 10317/10347/55
f 10317/10347/55 10316/10346/55 10318/10348/55
f 10317/10347/55 10318/10348/55 10319/10349/55
f 10319/10349/55 10318/10348/55 10320/10350/55
f 5345/5302/1729 10321/10351/2266 5346/5303/1729
f 10321/10351/2266 8276/8347/1640 10322/10352/1640
f 8276/8347/1640 10321/10351/2266 5345/5302/1729
f 8264/8335/1614 10323/10353/2267 10324/10354/1614
f 10323/10353/2267 5048/5005/1615 8287/8358/1615
f 5048/5005/1615 10323/10353/2267 8264/8335/1614
f 5385/5342/102 5375/5332/102 5374/5331/102
f 5375/5332/102 5385/5342/102 10325/5361/2268
f 10325/5361/2268 5385/5342/102 10326/5362/2269
f 10326/5362/2269 5385/5342/102 10327/5389/102
f 10327/5389/102 5385/5342/102 10328/5390/102
f 10328/5390/102 5385/5342/102 10329/5478/102
f 10329/5478/102 5385/5342/102 10330/5479/102
f 10330/5479/102 5385/5342/102 5384/5341/102
f 5403/5360/102 10331/5328/102 10332/5333/102
f 10331/5328/102 5403/5360/102 5562/5516/102
f 5562/5516/102 5403/5360/102 5402/5359/102
f 5562/5516/102 5402/5359/102 5563/5517/102
f 5563/5517/102 5402/5359/102 5431/5388/102
f 5563/5517/102 5431/5388/102 10333/5385/102
f 10333/5385/102 5431/5388/102 5430/5387/102
f 10333/5385/102 5430/5387/102 10334/5386/102
f 10334/5386/102 5430/5387/102 5523/5477/102
f 10334/5386/102 5523/5477/102 10335/5494/102
f 10335/5494/102 5523/5477/102 5522/5476/102
f 10335/5494/102 5522/5476/102 10336/5495/102
f 10336/5495/102 5522/5476/102 5382/5339/102
f 10336/5495/102 5382/5339/102 302/303/102
f 5458/5413/102 10337/10355/102 10338/10356/102
f 10337/10355/102 5458/5413/102 5465/5420/102
f 5465/5420/102 5458/5413/102 5461/5416/102
f 5465/5420/102 5461/5416/102 5462/5417/102
f 5462/5417/102 5461/5416/102 5518/5472/102
f 5462/5417/102 5518/5472/102 10339/10357/102
f 10339/10357/102 5518/5472/102 5521/5475/102
f 10339/10357/102 5521/5475/102 10340/10358/102
f 10340/10358/102 5521/5475/102 5514/5468/102
f 10340/10358/102 5514/5468/102 10341/10359/102
f 10341/10359/102 5514/5468/102 5517/5471/102
f 10341/10359/102 5517/5471/102 10342/10360/102
f 10342/10360/102 5517/5471/102 10343/10361/102
f 10342/10360/102 10343/10361/102 10344/10362/102
f 5372/5329/102 300/301/102 5373/5330/102
f 300/301/102 5372/5329/102 10345/5519/2270
f 300/301/102 10345/5519/2270 10346/5518/1735
f 300/301/102 10346/5518/1735 5427/5384/1735
f 300/301/102 5427/5384/1735 5426/5383/1735
f 300/301/102 5426/5383/1735 5539/5493/102
f 300/301/102 5539/5493/102 5538/5492/102
f 300/301/102 5538/5492/102 301/302/102
f 10347/10363/1 10348/10364/2 10349/10365/1
f 10348/10364/2 10347/10363/1 10350/10366/2
f 10350/10366/2 10347/10363/1 10351/10367/2
f 10352/10368/95 10353/10369/95 10354/10370/95
f 10353/10369/95 10352/10368/95 10355/10371/95
f 10355/10371/95 10352/10368/95 10356/10372/95
f 10355/10371/95 10356/10372/95 10357/10373/95
f 10358/10374/32 10359/10375/32 10360/10376/32
f 10359/10375/32 10358/10374/32 10361/10377/32
f 10361/10377/32 10358/10374/32 10362/10378/32
f 10361/10377/32 10362/10378/32 10363/10379/32
f 10364/10380/32 10365/10381/32 10366/10382/32
f 10365/10381/32 10364/10380/32 10367/10383/32
f 10367/10383/32 10364/10380/32 10368/10384/32
f 10367/10383/32 10368/10384/32 10369/10385/32
f 10370/10386/95 10371/10387/95 10372/10388/95
f 10371/10387/95 10370/10386/95 10373/10389/95
f 10373/10389/95 10370/10386/95 10374/10390/95
f 10373/10389/95 10374/10390/95 10375/10391/95
f 10376/10392/52 10377/10393/52 10378/10394/52
f 10377/10393/52 10376/10392/52 10379/10395/52
f 10379/10395/52 10376/10392/52 10380/10396/52
f 10379/10395/52 10380/10396/52 10381/10397/52
f 10382/10398/52 10383/10399/52 10384/10400/52
f 10383/10399/52 10382/10398/52 10385/10401/52
f 10385/10401/52 10382/10398/52 10386/10402/52
f 10385/10401/52 10386/10402/52 10387/10403/52
f 10388/10404/28 10389/10405/28 10390/10406/28
f 10389/10405/28 10388/10404/28 10391/10407/28
f 10391/10407/28 10388/10404/28 10392/10408/28
f 10391/10407/28 10392/10408/28 10393/10409/28
f 10394/10410/21 10395/10411/21 10396/10412/21
f 10395/10411/21 10394/10410/21 10397/10413/21
f 10397/10413/21 10394/10410/21 10398/10414/21
f 10397/10413/21 10398/10414/21 10399/10415/21
f 10400/10416/21 10401/10417/21 10402/10418/21
f 10401/10417/21 10400/10416/21 10403/10419/21
f 10403/10419/21 10400/10416/21 10404/10420/21
f 10404/10420/21 10400/10416/21 10405/10421/21
f 10406/10422/28 10407/10423/28 10408/10424/28
f 10407/10423/28 10406/10422/28 10409/10425/28
f 10409/10425/28 10406/10422/28 10410/10426/28
f 10410/10426/28 10406/10422/28 10411/10427/28
f 10412/10428/88 10413/10429/88 10414/10430/88
f 10413/10429/88 10412/10428/88 10415/10431/88
f 10415/10431/88 10412/10428/88 10416/10432/88
f 10416/10432/88 10412/10428/88 10417/10433/88
f 10418/10434/88 10419/10435/88 10420/10436/88
f 10419/10435/88 10418/10434/88 10421/10437/88
f 10421/10437/88 10418/10434/88 10422/10438/88
f 10421/10437/88 10422/10438/88 10423/10439/88
f 10424/10440/32 10425/10441/32 10426/10442/32
f 10425/10441/32 10424/10440/32 10427/10443/32
f 10427/10443/32 10424/10440/32 8304/8375/32
f 10427/10443/32 8304/8375/32 8307/8378/32
f 10428/10444/2271 10429/10445/48 10430/10446/48
f 10429/10445/48 10428/10444/2271 10431/10447/2271
f 10429/10445/48 10431/10447/2271 10432/10448/2271
f 8298/8369/21 10433/10449/21 8299/8370/21
f 10433/10449/21 8298/8369/21 10434/10450/21
f 10434/10450/21 8298/8369/21 8309/8380/21
f 8309/8380/21 8298/8369/21 8310/8381/21
f 10435/10451/2271 10436/10452/48 10437/10453/2271
f 10436/10452/48 10435/10451/2271 10438/10454/48
f 10438/10454/48 10435/10451/2271 10439/10455/2271
f 8327/8398/83 10440/10456/83 8328/8399/83
f 10440/10456/83 8327/8398/83 8646/8714/83
f 10440/10456/83 8646/8714/83 8649/8717/83
f 8649/8717/83 8658/8726/83 10440/10456/83
f 8658/8726/83 8649/8717/83 8959/9024/83
f 8658/8726/83 8959/9024/83 8659/8727/83
f 10441/10457/83 10442/10458/83 10443/10459/83
f 10442/10458/83 10441/10457/83 10444/10460/83
f 10444/10460/83 10441/10457/83 10445/10461/83
f 10444/10460/83 10445/10461/83 10446/10462/83
f 10444/10460/83 10446/10462/83 10447/10463/83
f 10447/10463/83 10446/10462/83 10448/10464/83
f 10447/10463/83 10448/10464/83 10449/10465/83
f 10449/10465/83 10448/10464/83 10450/10466/83
f 10451/10467/83 10452/10468/83 10453/10469/83
f 10452/10468/83 10451/10467/83 10454/10470/83
f 10452/10468/83 10454/10470/83 10455/10471/83
f 10455/10471/83 10454/10470/83 10456/10472/83
f 10455/10471/83 10456/10472/83 10457/10473/83
f 10457/10473/83 10456/10472/83 10458/10474/83
f 10457/10473/83 10458/10474/83 10459/10475/83
f 10459/10475/83 10458/10474/83 10460/10476/83
f 10461/10477/83 10462/10478/83 10463/10479/83
f 10462/10478/83 10461/10477/83 10464/10480/83
f 10462/10478/83 10464/10480/83 10465/10481/83
f 10465/10481/83 10464/10480/83 10466/10482/83
f 10465/10481/83 10466/10482/83 10467/10483/83
f 10467/10483/83 10466/10482/83 10468/10484/83
f 10467/10483/83 10468/10484/83 10469/10485/83
f 10469/10485/83 10468/10484/83 10470/10486/83
f 10471/10487/83 10472/10488/83 10473/10489/83
f 10472/10488/83 10471/10487/83 10474/10490/83
f 10472/10488/83 10474/10490/83 10475/10491/83
f 10475/10491/83 10474/10490/83 10476/10492/83
f 10475/10491/83 10476/10492/83 10477/10493/83
f 10477/10493/83 10476/10492/83 10478/10494/83
f 10477/10493/83 10478/10494/83 10479/10495/83
f 10479/10495/83 10478/10494/83 10480/10496/83
f 10481/10497/83 10482/10498/83 10483/10499/83
f 10482/10498/83 10481/10497/83 10484/10500/83
f 10482/10498/83 10484/10500/83 10485/10501/83
f 10482/10498/83 10486/10502/83 10487/10503/83
f 10486/10502/83 10482/10498/83 10485/10501/83
f 10488/10504/83 10489/10505/83 10490/10506/83
f 10489/10505/83 10488/10504/83 10491/10507/83
f 10489/10505/83 10491/10507/83 10492/10508/83
f 10489/10505/83 10493/10509/83 10494/10510/83
f 10493/10509/83 10489/10505/83 10492/10508/83
f 10495/10511/83 10496/10512/83 10497/10513/83
f 10496/10512/83 10495/10511/83 10498/10514/83
f 10496/10512/83 10498/10514/83 10499/10515/83
f 10496/10512/83 10500/10516/83 10501/10517/83
f 10500/10516/83 10496/10512/83 10499/10515/83
f 10502/10518/83 10483/10519/83 10503/10520/83
f 10483/10519/83 10502/10518/83 10504/10521/83
f 10483/10519/83 10504/10521/83 10505/10522/83
f 10483/10519/83 10506/10523/83 10507/10524/83
f 10506/10523/83 10483/10519/83 10505/10522/83
f 10508/10525/83 10509/10526/83 10510/10527/83
f 10509/10526/83 10508/10525/83 10511/10528/83
f 10512/10529/83 10513/10530/83 10514/10531/83
f 10513/10530/83 10512/10529/83 10511/10528/83
f 10513/10530/83 10511/10528/83 10508/10525/83
f 10515/10532/83 10516/10533/83 10517/10534/83
f 10516/10533/83 10515/10532/83 10518/10535/83
f 10519/10536/83 10520/10537/83 10521/10538/83
f 10520/10537/83 10519/10536/83 10518/10535/83
f 10520/10537/83 10518/10535/83 10515/10532/83
f 10522/10539/83 10523/10540/83 10524/10541/83
f 10523/10540/83 10522/10539/83 10525/10542/83
f 10526/10543/83 10527/10544/83 10528/10545/83
f 10527/10544/83 10526/10543/83 10525/10542/83
f 10527/10544/83 10525/10542/83 10522/10539/83
f 10529/10546/83 10530/10547/83 10531/10548/83
f 10530/10547/83 10529/10546/83 10532/10549/83
f 10533/10550/83 10534/10551/83 10535/10552/83
f 10534/10551/83 10533/10550/83 10532/10549/83
f 10534/10551/83 10532/10549/83 10529/10546/83
